schema_version,sample_id,source_group,sequence_id,split,action_code,dive_score,difficulty,start_frame,end_frame,macro_transition_1,macro_transition_2,fine_transition_count,fine_transitions,phase_label_count,phase_labels,judge_scores,execution_scores,synchronisation_scores,live_path,live_frames,live_first_frame,live_last_frame,replay1_path,replay1_frames,replay1_first_frame,replay1_last_frame,live_mask_path,live_mask_frames,live_mask_aligned,replay2_path,replay2_frames,replay2_available,mask_provenance,issues,replay1_mask_path,mask_role,replay1_mask_aligned
2.0,Synchro_001/0,Synchro_001,0,test,201b,54.0,2.0,18543,18654,42,77,2,"[42, 77]",112,"[2, 2, 2, 2, 2, 2, 2, 2, 2, 2, 2, 2, 2, 2, 2, 2, 2, 2, 2, 2, 2, 2, 2, 2, 2, 2, 2, 2, 2, 2, 2, 2, 2, 2, 2, 2, 2, 2, 2, 2, 2, 2, 2, 37, 37, 37, 37, 37, 37, 37, 37, 37, 37, 37, 37, 37, 37, 37, 37, 37, 37, 37, 37, 37, 37, 37, 37, 37, 37, 37, 37, 37, 37, 37, 37, 37, 37, 37, 36, 36, 36, 36, 36, 36, 36, 36, 36, 36, 36, 36, 36, 36, 36, 36, 36, 36, 36, 36, 36, 36, 36, 36, 36, 36, 36, 36, 36, 36, 36, 36, 36, 36]","[9.0, 9.0, 9.0, 9.0, 9.0]","[9.0, 9.0]","[9.0, 9.0, 9.0]",rgb/live/Synchro_001/0,112,018543.jpg,018654.jpg,rgb/replay1/Synchro_001/0,426,018861.jpg,019286.jpg,masks/live/Synchro_001/0,112,True,Trimmed_Diving_Video_Frames/TEMP_LIVE/Replay2/Synchro_001/0,151,True,unknown_existing_segmentation_output,[],masks/replay1/Synchro_001/0,predicted_input,True
2.0,Synchro_001/1,Synchro_001,1,test,301b,42.6,2.0,20622,20722,24,54,2,"[24, 54]",101,"[3, 3, 3, 3, 3, 3, 3, 3, 3, 3, 3, 3, 3, 3, 3, 3, 3, 3, 3, 3, 3, 3, 3, 3, 3, 37, 37, 37, 37, 37, 37, 37, 37, 37, 37, 37, 37, 37, 37, 37, 37, 37, 37, 37, 37, 37, 37, 37, 37, 37, 37, 37, 37, 37, 37, 36, 36, 36, 36, 36, 36, 36, 36, 36, 36, 36, 36, 36, 36, 36, 36, 36, 36, 36, 36, 36, 36, 36, 36, 36, 36, 36, 36, 36, 36, 36, 36, 36, 36, 36, 36, 36, 36, 36, 36, 36, 36, 36, 36, 36, 36]","[7.0, 7.0, 7.5, 7.0, 7.0]","[7.0, 7.0]","[7.5, 7.0, 7.0]",rgb/live/Synchro_001/1,101,020622.jpg,020722.jpg,rgb/replay1/Synchro_001/1,170,021040.jpg,021209.jpg,masks/live/Synchro_001/1,101,True,,0,False,unknown_existing_segmentation_output,[],masks/replay1/Synchro_001/1,predicted_input,True
2.0,Synchro_001/2,Synchro_001,2,train,201b,48.0,2.0,22710,22826,44,79,2,"[44, 79]",117,"[2, 2, 2, 2, 2, 2, 2, 2, 2, 2, 2, 2, 2, 2, 2, 2, 2, 2, 2, 2, 2, 2, 2, 2, 2, 2, 2, 2, 2, 2, 2, 2, 2, 2, 2, 2, 2, 2, 2, 2, 2, 2, 2, 2, 2, 37, 37, 37, 37, 37, 37, 37, 37, 37, 37, 37, 37, 37, 37, 37, 37, 37, 37, 37, 37, 37, 37, 37, 37, 37, 37, 37, 37, 37, 37, 37, 37, 37, 37, 37, 36, 36, 36, 36, 36, 36, 36, 36, 36, 36, 36, 36, 36, 36, 36, 36, 36, 36, 36, 36, 36, 36, 36, 36, 36, 36, 36, 36, 36, 36, 36, 36, 36, 36, 36, 36, 36]","[8.0, 7.5, 8.0, 8.0, 8.5]","[8.0, 7.5]","[8.0, 8.0, 8.5]",rgb/live/Synchro_001/2,117,022710.jpg,022826.jpg,rgb/replay1/Synchro_001/2,130,023008.jpg,023137.jpg,masks/live/Synchro_001/2,117,True,Trimmed_Diving_Video_Frames/TEMP_LIVE/Replay2/Synchro_001/2,169,True,unknown_existing_segmentation_output,[],masks/replay1/Synchro_001/2,predicted_input,True
2.0,Synchro_001/3,Synchro_001,3,validation,201b,46.8,2.0,24704,24809,41,73,2,"[41, 73]",106,"[2, 2, 2, 2, 2, 2, 2, 2, 2, 2, 2, 2, 2, 2, 2, 2, 2, 2, 2, 2, 2, 2, 2, 2, 2, 2, 2, 2, 2, 2, 2, 2, 2, 2, 2, 2, 2, 2, 2, 2, 2, 2, 37, 37, 37, 37, 37, 37, 37, 37, 37, 37, 37, 37, 37, 37, 37, 37, 37, 37, 37, 37, 37, 37, 37, 37, 37, 37, 37, 37, 37, 37, 37, 37, 36, 36, 36, 36, 36, 36, 36, 36, 36, 36, 36, 36, 36, 36, 36, 36, 36, 36, 36, 36, 36, 36, 36, 36, 36, 36, 36, 36, 36, 36, 36, 36]","[7.5, 7.5, 8.0, 8.0, 8.0]","[7.5, 7.5]","[8.0, 8.0, 8.0]",rgb/live/Synchro_001/3,106,024704.jpg,024809.jpg,rgb/replay1/Synchro_001/3,122,025103.jpg,025224.jpg,masks/live/Synchro_001/3,106,True,,0,False,unknown_existing_segmentation_output,[],masks/replay1/Synchro_001/3,predicted_input,True
2.0,Synchro_001/4,Synchro_001,4,test,101b,48.0,2.0,28001,28118,42,82,2,"[42, 82]",118,"[1, 1, 1, 1, 1, 1, 1, 1, 1, 1, 1, 1, 1, 1, 1, 1, 1, 1, 1, 1, 1, 1, 1, 1, 1, 1, 1, 1, 1, 1, 1, 1, 1, 1, 1, 1, 1, 1, 1, 1, 1, 1, 1, 37, 37, 37, 37, 37, 37, 37, 37, 37, 37, 37, 37, 37, 37, 37, 37, 37, 37, 37, 37, 37, 37, 37, 37, 37, 37, 37, 37, 37, 37, 37, 37, 37, 37, 37, 37, 37, 37, 37, 37, 36, 36, 36, 36, 36, 36, 36, 36, 36, 36, 36, 36, 36, 36, 36, 36, 36, 36, 36, 36, 36, 36, 36, 36, 36, 36, 36, 36, 36, 36, 36, 36, 36, 36, 36]","[8.0, 8.0, 8.0, 8.0, 8.0]","[8.0, 8.0]","[8.0, 8.0, 8.0]",rgb/live/Synchro_001/4,118,028001.jpg,028118.jpg,rgb/replay1/Synchro_001/4,144,028386.jpg,028529.jpg,masks/live/Synchro_001/4,118,True,Trimmed_Diving_Video_Frames/TEMP_LIVE/Replay2/Synchro_001/4,235,True,unknown_existing_segmentation_output,[],masks/replay1/Synchro_001/4,predicted_input,True
2.0,Synchro_001/5,Synchro_001,5,train,301b,46.2,2.0,29982,30096,46,84,2,"[46, 84]",115,"[3, 3, 3, 3, 3, 3, 3, 3, 3, 3, 3, 3, 3, 3, 3, 3, 3, 3, 3, 3, 3, 3, 3, 3, 3, 3, 3, 3, 3, 3, 3, 3, 3, 3, 3, 3, 3, 3, 3, 3, 3, 3, 3, 3, 3, 3, 3, 37, 37, 37, 37, 37, 37, 37, 37, 37, 37, 37, 37, 37, 37, 37, 37, 37, 37, 37, 37, 37, 37, 37, 37, 37, 37, 37, 37, 37, 37, 37, 37, 37, 37, 37, 37, 37, 37, 36, 36, 36, 36, 36, 36, 36, 36, 36, 36, 36, 36, 36, 36, 36, 36, 36, 36, 36, 36, 36, 36, 36, 36, 36, 36, 36, 36, 36, 36]","[8.0, 8.0, 7.5, 7.5, 7.5]","[8.0, 8.0]","[7.5, 7.5, 7.5]",rgb/live/Synchro_001/5,115,029982.jpg,030096.jpg,rgb/replay1/Synchro_001/5,175,030741.jpg,030915.jpg,masks/live/Synchro_001/5,115,True,,0,False,unknown_existing_segmentation_output,[],masks/replay1/Synchro_001/5,predicted_input,True
2.0,Synchro_001/6,Synchro_001,6,train,5233d,45.6,2.0,32033,32148,41,79,3,"[41, 61, 79]",116,"[2, 2, 2, 2, 2, 2, 2, 2, 2, 2, 2, 2, 2, 2, 2, 2, 2, 2, 2, 2, 2, 2, 2, 2, 2, 2, 2, 2, 2, 2, 2, 2, 2, 2, 2, 2, 2, 2, 2, 2, 2, 2, 31, 31, 31, 31, 31, 31, 31, 31, 31, 31, 31, 31, 31, 31, 31, 31, 31, 31, 31, 31, 13, 13, 13, 13, 13, 13, 13, 13, 13, 13, 13, 13, 13, 13, 13, 13, 13, 13, 36, 36, 36, 36, 36, 36, 36, 36, 36, 36, 36, 36, 36, 36, 36, 36, 36, 36, 36, 36, 36, 36, 36, 36, 36, 36, 36, 36, 36, 36, 36, 36, 36, 36, 36, 36]","[7.5, 7.5, 7.5, 8.0, 7.5]","[7.5, 7.5]","[7.5, 8.0, 7.5]",rgb/live/Synchro_001/6,116,032033.jpg,032148.jpg,rgb/replay1/Synchro_001/6,129,032383.jpg,032511.jpg,masks/live/Synchro_001/6,116,True,Trimmed_Diving_Video_Frames/TEMP_LIVE/Replay2/Synchro_001/6,172,True,unknown_existing_segmentation_output,[],masks/replay1/Synchro_001/6,predicted_input,True
2.0,Synchro_001/7,Synchro_001,7,train,301b,46.8,2.0,33770,33894,42,79,2,"[42, 79]",125,"[3, 3, 3, 3, 3, 3, 3, 3, 3, 3, 3, 3, 3, 3, 3, 3, 3, 3, 3, 3, 3, 3, 3, 3, 3, 3, 3, 3, 3, 3, 3, 3, 3, 3, 3, 3, 3, 3, 3, 3, 3, 3, 3, 37, 37, 37, 37, 37, 37, 37, 37, 37, 37, 37, 37, 37, 37, 37, 37, 37, 37, 37, 37, 37, 37, 37, 37, 37, 37, 37, 37, 37, 37, 37, 37, 37, 37, 37, 37, 37, 36, 36, 36, 36, 36, 36, 36, 36, 36, 36, 36, 36, 36, 36, 36, 36, 36, 36, 36, 36, 36, 36, 36, 36, 36, 36, 36, 36, 36, 36, 36, 36, 36, 36, 36, 36, 36, 36, 36, 36, 36, 36, 36, 36, 36]","[7.5, 7.5, 8.0, 8.0, 8.0]","[7.5, 7.5]","[8.0, 8.0, 8.0]",rgb/live/Synchro_001/7,125,033770.jpg,033894.jpg,rgb/replay1/Synchro_001/7,185,034326.jpg,034510.jpg,masks/live/Synchro_001/7,125,True,Trimmed_Diving_Video_Frames/TEMP_LIVE/Replay2/Synchro_001/7,187,True,unknown_existing_segmentation_output,[],masks/replay1/Synchro_001/7,predicted_input,True
2.0,Synchro_001/8,Synchro_001,8,train,401b,45.6,2.0,36049,36166,46,78,2,"[46, 78]",118,"[4, 4, 4, 4, 4, 4, 4, 4, 4, 4, 4, 4, 4, 4, 4, 4, 4, 4, 4, 4, 4, 4, 4, 4, 4, 4, 4, 4, 4, 4, 4, 4, 4, 4, 4, 4, 4, 4, 4, 4, 4, 4, 4, 4, 4, 4, 4, 37, 37, 37, 37, 37, 37, 37, 37, 37, 37, 37, 37, 37, 37, 37, 37, 37, 37, 37, 37, 37, 37, 37, 37, 37, 37, 37, 37, 37, 37, 37, 37, 36, 36, 36, 36, 36, 36, 36, 36, 36, 36, 36, 36, 36, 36, 36, 36, 36, 36, 36, 36, 36, 36, 36, 36, 36, 36, 36, 36, 36, 36, 36, 36, 36, 36, 36, 36, 36, 36, 36]","[7.0, 7.0, 8.0, 8.0, 8.0]","[7.0, 7.0]","[8.0, 8.0, 8.0]",rgb/live/Synchro_001/8,118,036049.jpg,036166.jpg,rgb/replay1/Synchro_001/8,124,036402.jpg,036525.jpg,masks/live/Synchro_001/8,118,True,Trimmed_Diving_Video_Frames/TEMP_LIVE/Replay2/Synchro_001/8,157,True,unknown_existing_segmentation_output,[],masks/replay1/Synchro_001/8,predicted_input,True
2.0,Synchro_001/9,Synchro_001,9,test,205b,58.5,3.0,39352,39482,44,83,2,"[44, 83]",131,"[2, 2, 2, 2, 2, 2, 2, 2, 2, 2, 2, 2, 2, 2, 2, 2, 2, 2, 2, 2, 2, 2, 2, 2, 2, 2, 2, 2, 2, 2, 2, 2, 2, 2, 2, 2, 2, 2, 2, 2, 2, 2, 2, 2, 2, 15, 15, 15, 15, 15, 15, 15, 15, 15, 15, 15, 15, 15, 15, 15, 15, 15, 15, 15, 15, 15, 15, 15, 15, 15, 15, 15, 15, 15, 15, 15, 15, 15, 15, 15, 15, 15, 15, 15, 36, 36, 36, 36, 36, 36, 36, 36, 36, 36, 36, 36, 36, 36, 36, 36, 36, 36, 36, 36, 36, 36, 36, 36, 36, 36, 36, 36, 36, 36, 36, 36, 36, 36, 36, 36, 36, 36, 36, 36, 36, 36, 36, 36, 36, 36, 36]","[5.5, 7.0, 6.5, 7.0, 6.5]","[5.5, 7.0]","[6.5, 7.0, 6.5]",rgb/live/Synchro_001/9,131,039352.jpg,039482.jpg,rgb/replay1/Synchro_001/9,309,039772.jpg,040080.jpg,masks/live/Synchro_001/9,131,True,,0,False,unknown_existing_segmentation_output,[],masks/replay1/Synchro_001/9,predicted_input,True
2.0,Synchro_001/10,Synchro_001,10,test,405b,71.1,3.0,41414,41527,40,78,2,"[40, 78]",114,"[4, 4, 4, 4, 4, 4, 4, 4, 4, 4, 4, 4, 4, 4, 4, 4, 4, 4, 4, 4, 4, 4, 4, 4, 4, 4, 4, 4, 4, 4, 4, 4, 4, 4, 4, 4, 4, 4, 4, 4, 4, 15, 15, 15, 15, 15, 15, 15, 15, 15, 15, 15, 15, 15, 15, 15, 15, 15, 15, 15, 15, 15, 15, 15, 15, 15, 15, 15, 15, 15, 15, 15, 15, 15, 15, 15, 15, 15, 15, 36, 36, 36, 36, 36, 36, 36, 36, 36, 36, 36, 36, 36, 36, 36, 36, 36, 36, 36, 36, 36, 36, 36, 36, 36, 36, 36, 36, 36, 36, 36, 36, 36, 36, 36]","[8.0, 7.5, 8.0, 8.0, 8.0]","[8.0, 7.5]","[8.0, 8.0, 8.0]",rgb/live/Synchro_001/10,114,041414.jpg,041527.jpg,rgb/replay1/Synchro_001/10,118,042191.jpg,042308.jpg,masks/live/Synchro_001/10,114,True,,0,False,unknown_existing_segmentation_output,[],masks/replay1/Synchro_001/10,predicted_input,True
2.0,Synchro_001/11,Synchro_001,11,test,405c,48.6,2.7,43618,43738,43,79,2,"[43, 79]",121,"[4, 4, 4, 4, 4, 4, 4, 4, 4, 4, 4, 4, 4, 4, 4, 4, 4, 4, 4, 4, 4, 4, 4, 4, 4, 4, 4, 4, 4, 4, 4, 4, 4, 4, 4, 4, 4, 4, 4, 4, 4, 4, 4, 4, 23, 23, 23, 23, 23, 23, 23, 23, 23, 23, 23, 23, 23, 23, 23, 23, 23, 23, 23, 23, 23, 23, 23, 23, 23, 23, 23, 23, 23, 23, 23, 23, 23, 23, 23, 23, 36, 36, 36, 36, 36, 36, 36, 36, 36, 36, 36, 36, 36, 36, 36, 36, 36, 36, 36, 36, 36, 36, 36, 36, 36, 36, 36, 36, 36, 36, 36, 36, 36, 36, 36, 36, 36, 36, 36, 36, 36]","[6.0, 6.0, 6.0, 6.0, 6.0]","[6.0, 6.0]","[6.0, 6.0, 6.0]",rgb/live/Synchro_001/11,121,043618.jpg,043738.jpg,rgb/replay1/Synchro_001/11,161,043994.jpg,044154.jpg,masks/live/Synchro_001/11,121,True,Trimmed_Diving_Video_Frames/TEMP_LIVE/Replay2/Synchro_001/11,169,True,unknown_existing_segmentation_output,[],masks/replay1/Synchro_001/11,predicted_input,True
2.0,Synchro_001/12,Synchro_001,12,train,5152b,56.7,3.0,45418,45543,39,84,4,"[39, 56, 73, 84]",126,"[1, 1, 1, 1, 1, 1, 1, 1, 1, 1, 1, 1, 1, 1, 1, 1, 1, 1, 1, 1, 1, 1, 1, 1, 1, 1, 1, 1, 1, 1, 1, 1, 1, 1, 1, 1, 1, 1, 1, 1, 15, 15, 15, 15, 15, 15, 15, 15, 15, 15, 15, 15, 15, 15, 15, 15, 15, 30, 30, 30, 30, 30, 30, 30, 30, 30, 30, 30, 30, 30, 30, 30, 30, 30, 15, 15, 15, 15, 15, 15, 15, 15, 15, 15, 15, 36, 36, 36, 36, 36, 36, 36, 36, 36, 36, 36, 36, 36, 36, 36, 36, 36, 36, 36, 36, 36, 36, 36, 36, 36, 36, 36, 36, 36, 36, 36, 36, 36, 36, 36, 36, 36, 36, 36, 36, 36]","[6.5, 5.5, 6.5, 6.5, 6.5]","[6.5, 5.5]","[6.5, 6.5, 6.5]",rgb/live/Synchro_001/12,126,045418.jpg,045543.jpg,rgb/replay1/Synchro_001/12,226,045811.jpg,046036.jpg,masks/live/Synchro_001/12,126,True,,0,False,unknown_existing_segmentation_output,[],masks/replay1/Synchro_001/12,predicted_input,True
2.0,Synchro_001/13,Synchro_001,13,train,5152b,63.9,3.0,47362,47477,38,82,4,"[38, 54, 68, 82]",116,"[1, 1, 1, 1, 1, 1, 1, 1, 1, 1, 1, 1, 1, 1, 1, 1, 1, 1, 1, 1, 1, 1, 1, 1, 1, 1, 1, 1, 1, 1, 1, 1, 1, 1, 1, 1, 1, 1, 1, 15, 15, 15, 15, 15, 15, 15, 15, 15, 15, 15, 15, 15, 15, 15, 15, 30, 30, 30, 30, 30, 30, 30, 30, 30, 30, 30, 30, 30, 30, 15, 15, 15, 15, 15, 15, 15, 15, 15, 15, 15, 15, 15, 15, 36, 36, 36, 36, 36, 36, 36, 36, 36, 36, 36, 36, 36, 36, 36, 36, 36, 36, 36, 36, 36, 36, 36, 36, 36, 36, 36, 36, 36, 36, 36, 36, 36]","[6.5, 6.5, 7.5, 7.5, 7.5]","[6.5, 6.5]","[7.5, 7.5, 7.5]",rgb/live/Synchro_001/13,116,047362.jpg,047477.jpg,rgb/replay1/Synchro_001/13,183,047732.jpg,047914.jpg,masks/live/Synchro_001/13,116,True,Trimmed_Diving_Video_Frames/TEMP_LIVE/Replay2/Synchro_001/13,242,True,unknown_existing_segmentation_output,[],masks/replay1/Synchro_001/13,predicted_input,True
2.0,Synchro_001/14,Synchro_001,14,train,305b,37.8,3.0,51166,51291,40,82,2,"[40, 82]",126,"[3, 3, 3, 3, 3, 3, 3, 3, 3, 3, 3, 3, 3, 3, 3, 3, 3, 3, 3, 3, 3, 3, 3, 3, 3, 3, 3, 3, 3, 3, 3, 3, 3, 3, 3, 3, 3, 3, 3, 3, 3, 15, 15, 15, 15, 15, 15, 15, 15, 15, 15, 15, 15, 15, 15, 15, 15, 15, 15, 15, 15, 15, 15, 15, 15, 15, 15, 15, 15, 15, 15, 15, 15, 15, 15, 15, 15, 15, 15, 15, 15, 15, 15, 36, 36, 36, 36, 36, 36, 36, 36, 36, 36, 36, 36, 36, 36, 36, 36, 36, 36, 36, 36, 36, 36, 36, 36, 36, 36, 36, 36, 36, 36, 36, 36, 36, 36, 36, 36, 36, 36, 36, 36, 36, 36, 36]","[3.5, 4.0, 4.5, 4.5, 4.5]","[3.5, 4.0]","[4.5, 4.5, 4.5]",rgb/live/Synchro_001/14,126,051166.jpg,051291.jpg,rgb/replay1/Synchro_001/14,228,051869.jpg,052096.jpg,masks/live/Synchro_001/14,126,True,,0,False,unknown_existing_segmentation_output,[],masks/replay1/Synchro_001/14,predicted_input,True
2.0,Synchro_001/15,Synchro_001,15,test,107b,78.12,3.1,53320,53439,40,85,2,"[40, 85]",120,"[1, 1, 1, 1, 1, 1, 1, 1, 1, 1, 1, 1, 1, 1, 1, 1, 1, 1, 1, 1, 1, 1, 1, 1, 1, 1, 1, 1, 1, 1, 1, 1, 1, 1, 1, 1, 1, 1, 1, 1, 1, 17, 17, 17, 17, 17, 17, 17, 17, 17, 17, 17, 17, 17, 17, 17, 17, 17, 17, 17, 17, 17, 17, 17, 17, 17, 17, 17, 17, 17, 17, 17, 17, 17, 17, 17, 17, 17, 17, 17, 17, 17, 17, 17, 17, 17, 36, 36, 36, 36, 36, 36, 36, 36, 36, 36, 36, 36, 36, 36, 36, 36, 36, 36, 36, 36, 36, 36, 36, 36, 36, 36, 36, 36, 36, 36, 36, 36, 36, 36]","[8.0, 8.5, 8.5, 8.5, 8.5]","[8.0, 8.5]","[8.5, 8.5, 8.5]",rgb/live/Synchro_001/15,120,053320.jpg,053439.jpg,rgb/replay1/Synchro_001/15,176,053681.jpg,053856.jpg,masks/live/Synchro_001/15,120,True,,0,False,unknown_existing_segmentation_output,[],masks/replay1/Synchro_001/15,predicted_input,True
2.0,Synchro_001/16,Synchro_001,16,test,205c,58.8,2.8,55327,55451,42,81,2,"[42, 81]",125,"[2, 2, 2, 2, 2, 2, 2, 2, 2, 2, 2, 2, 2, 2, 2, 2, 2, 2, 2, 2, 2, 2, 2, 2, 2, 2, 2, 2, 2, 2, 2, 2, 2, 2, 2, 2, 2, 2, 2, 2, 2, 2, 2, 23, 23, 23, 23, 23, 23, 23, 23, 23, 23, 23, 23, 23, 23, 23, 23, 23, 23, 23, 23, 23, 23, 23, 23, 23, 23, 23, 23, 23, 23, 23, 23, 23, 23, 23, 23, 23, 23, 23, 36, 36, 36, 36, 36, 36, 36, 36, 36, 36, 36, 36, 36, 36, 36, 36, 36, 36, 36, 36, 36, 36, 36, 36, 36, 36, 36, 36, 36, 36, 36, 36, 36, 36, 36, 36, 36, 36, 36, 36, 36, 36, 36]","[6.5, 7.5, 7.0, 7.0, 7.0]","[6.5, 7.5]","[7.0, 7.0, 7.0]",rgb/live/Synchro_001/16,125,055327.jpg,055451.jpg,rgb/replay1/Synchro_001/16,156,055647.jpg,055802.jpg,masks/live/Synchro_001/16,125,True,Trimmed_Diving_Video_Frames/TEMP_LIVE/Replay2/Synchro_001/16,211,True,unknown_existing_segmentation_output,[],masks/replay1/Synchro_001/16,predicted_input,True
2.0,Synchro_001/17,Synchro_001,17,train,107b,66.03,3.1,57219,57337,41,86,2,"[41, 86]",119,"[1, 1, 1, 1, 1, 1, 1, 1, 1, 1, 1, 1, 1, 1, 1, 1, 1, 1, 1, 1, 1, 1, 1, 1, 1, 1, 1, 1, 1, 1, 1, 1, 1, 1, 1, 1, 1, 1, 1, 1, 1, 1, 17, 17, 17, 17, 17, 17, 17, 17, 17, 17, 17, 17, 17, 17, 17, 17, 17, 17, 17, 17, 17, 17, 17, 17, 17, 17, 17, 17, 17, 17, 17, 17, 17, 17, 17, 17, 17, 17, 17, 17, 17, 17, 17, 17, 17, 36, 36, 36, 36, 36, 36, 36, 36, 36, 36, 36, 36, 36, 36, 36, 36, 36, 36, 36, 36, 36, 36, 36, 36, 36, 36, 36, 36, 36, 36, 36, 36]","[7.5, 7.0, 7.0, 7.0, 7.0]","[7.5, 7.0]","[7.0, 7.0, 7.0]",rgb/live/Synchro_001/17,119,057219.jpg,057337.jpg,rgb/replay1/Synchro_001/17,173,057615.jpg,057787.jpg,masks/live/Synchro_001/17,119,True,Trimmed_Diving_Video_Frames/TEMP_LIVE/Replay2/Synchro_001/17,260,True,unknown_existing_segmentation_output,[],masks/replay1/Synchro_001/17,predicted_input,True
2.0,Synchro_001/18,Synchro_001,18,train,107b,57.66,3.1,59168,59285,38,82,2,"[38, 82]",118,"[1, 1, 1, 1, 1, 1, 1, 1, 1, 1, 1, 1, 1, 1, 1, 1, 1, 1, 1, 1, 1, 1, 1, 1, 1, 1, 1, 1, 1, 1, 1, 1, 1, 1, 1, 1, 1, 1, 1, 17, 17, 17, 17, 17, 17, 17, 17, 17, 17, 17, 17, 17, 17, 17, 17, 17, 17, 17, 17, 17, 17, 17, 17, 17, 17, 17, 17, 17, 17, 17, 17, 17, 17, 17, 17, 17, 17, 17, 17, 17, 17, 17, 17, 36, 36, 36, 36, 36, 36, 36, 36, 36, 36, 36, 36, 36, 36, 36, 36, 36, 36, 36, 36, 36, 36, 36, 36, 36, 36, 36, 36, 36, 36, 36, 36, 36, 36, 36]","[5.5, 6.0, 6.5, 6.5, 6.5]","[5.5, 6.0]","[6.5, 6.5, 6.5]",rgb/live/Synchro_001/18,118,059168.jpg,059285.jpg,rgb/replay1/Synchro_001/18,311,059536.jpg,059846.jpg,masks/live/Synchro_001/18,118,True,Trimmed_Diving_Video_Frames/TEMP_LIVE/Replay2/Synchro_001/18,212,True,unknown_existing_segmentation_output,[],masks/replay1/Synchro_001/18,predicted_input,True
2.0,Synchro_001/19,Synchro_001,19,train,5152b,49.5,3.0,63366,63490,38,84,4,"[38, 60, 75, 84]",125,"[1, 1, 1, 1, 1, 1, 1, 1, 1, 1, 1, 1, 1, 1, 1, 1, 1, 1, 1, 1, 1, 1, 1, 1, 1, 1, 1, 1, 1, 1, 1, 1, 1, 1, 1, 1, 1, 1, 1, 15, 15, 15, 15, 15, 15, 15, 15, 15, 15, 15, 15, 15, 15, 15, 15, 15, 15, 15, 15, 15, 15, 30, 30, 30, 30, 30, 30, 30, 30, 30, 30, 30, 30, 30, 30, 30, 15, 15, 15, 15, 15, 15, 15, 15, 15, 36, 36, 36, 36, 36, 36, 36, 36, 36, 36, 36, 36, 36, 36, 36, 36, 36, 36, 36, 36, 36, 36, 36, 36, 36, 36, 36, 36, 36, 36, 36, 36, 36, 36, 36, 36, 36, 36, 36, 36]","[3.5, 6.5, 5.5, 6.0, 6.0]","[3.5, 6.5]","[5.5, 6.0, 6.0]",rgb/live/Synchro_001/19,125,063366.jpg,063490.jpg,rgb/replay1/Synchro_001/19,210,064041.jpg,064250.jpg,masks/live/Synchro_001/19,125,True,,0,False,unknown_existing_segmentation_output,[],masks/replay1/Synchro_001/19,predicted_input,True
2.0,Synchro_001/20,Synchro_001,20,train,5152b,80.1,3.0,65441,65560,38,84,4,"[38, 55, 69, 84]",120,"[1, 1, 1, 1, 1, 1, 1, 1, 1, 1, 1, 1, 1, 1, 1, 1, 1, 1, 1, 1, 1, 1, 1, 1, 1, 1, 1, 1, 1, 1, 1, 1, 1, 1, 1, 1, 1, 1, 1, 15, 15, 15, 15, 15, 15, 15, 15, 15, 15, 15, 15, 15, 15, 15, 15, 15, 30, 30, 30, 30, 30, 30, 30, 30, 30, 30, 30, 30, 30, 30, 15, 15, 15, 15, 15, 15, 15, 15, 15, 15, 15, 15, 15, 15, 15, 36, 36, 36, 36, 36, 36, 36, 36, 36, 36, 36, 36, 36, 36, 36, 36, 36, 36, 36, 36, 36, 36, 36, 36, 36, 36, 36, 36, 36, 36, 36, 36, 36, 36, 36]","[9.0, 8.5, 9.0, 9.0, 9.0]","[9.0, 8.5]","[9.0, 9.0, 9.0]",rgb/live/Synchro_001/20,120,065441.jpg,065560.jpg,rgb/replay1/Synchro_001/20,145,066076.jpg,066220.jpg,masks/live/Synchro_001/20,120,True,,0,False,unknown_existing_segmentation_output,[],masks/replay1/Synchro_001/20,predicted_input,True
2.0,Synchro_001/21,Synchro_001,21,test,107c,47.88,2.8,67352,67475,39,82,2,"[39, 82]",124,"[1, 1, 1, 1, 1, 1, 1, 1, 1, 1, 1, 1, 1, 1, 1, 1, 1, 1, 1, 1, 1, 1, 1, 1, 1, 1, 1, 1, 1, 1, 1, 1, 1, 1, 1, 1, 1, 1, 1, 1, 25, 25, 25, 25, 25, 25, 25, 25, 25, 25, 25, 25, 25, 25, 25, 25, 25, 25, 25, 25, 25, 25, 25, 25, 25, 25, 25, 25, 25, 25, 25, 25, 25, 25, 25, 25, 25, 25, 25, 25, 25, 25, 25, 36, 36, 36, 36, 36, 36, 36, 36, 36, 36, 36, 36, 36, 36, 36, 36, 36, 36, 36, 36, 36, 36, 36, 36, 36, 36, 36, 36, 36, 36, 36, 36, 36, 36, 36, 36, 36, 36, 36, 36, 36]","[6.0, 4.5, 6.0, 6.0, 6.0]","[6.0, 4.5]","[6.0, 6.0, 6.0]",rgb/live/Synchro_001/21,124,067352.jpg,067475.jpg,rgb/replay1/Synchro_001/21,205,067899.jpg,068103.jpg,masks/live/Synchro_001/21,124,True,,0,False,unknown_existing_segmentation_output,[],masks/replay1/Synchro_001/21,predicted_input,True
2.0,Synchro_001/22,Synchro_001,22,train,405b,63.9,3.0,69337,69452,41,78,2,"[41, 78]",116,"[4, 4, 4, 4, 4, 4, 4, 4, 4, 4, 4, 4, 4, 4, 4, 4, 4, 4, 4, 4, 4, 4, 4, 4, 4, 4, 4, 4, 4, 4, 4, 4, 4, 4, 4, 4, 4, 4, 4, 4, 4, 4, 15, 15, 15, 15, 15, 15, 15, 15, 15, 15, 15, 15, 15, 15, 15, 15, 15, 15, 15, 15, 15, 15, 15, 15, 15, 15, 15, 15, 15, 15, 15, 15, 15, 15, 15, 15, 15, 36, 36, 36, 36, 36, 36, 36, 36, 36, 36, 36, 36, 36, 36, 36, 36, 36, 36, 36, 36, 36, 36, 36, 36, 36, 36, 36, 36, 36, 36, 36, 36, 36, 36, 36, 36, 36]","[6.5, 7.0, 7.0, 7.5, 7.5]","[6.5, 7.0]","[7.0, 7.5, 7.5]",rgb/live/Synchro_001/22,116,069337.jpg,069452.jpg,rgb/replay1/Synchro_001/22,155,070011.jpg,070165.jpg,masks/live/Synchro_001/22,116,True,,0,False,unknown_existing_segmentation_output,[],masks/replay1/Synchro_001/22,predicted_input,True
2.0,Synchro_001/23,Synchro_001,23,test,305b,51.3,3.0,71232,71356,38,82,2,"[38, 82]",125,"[3, 3, 3, 3, 3, 3, 3, 3, 3, 3, 3, 3, 3, 3, 3, 3, 3, 3, 3, 3, 3, 3, 3, 3, 3, 3, 3, 3, 3, 3, 3, 3, 3, 3, 3, 3, 3, 3, 3, 15, 15, 15, 15, 15, 15, 15, 15, 15, 15, 15, 15, 15, 15, 15, 15, 15, 15, 15, 15, 15, 15, 15, 15, 15, 15, 15, 15, 15, 15, 15, 15, 15, 15, 15, 15, 15, 15, 15, 15, 15, 15, 15, 15, 36, 36, 36, 36, 36, 36, 36, 36, 36, 36, 36, 36, 36, 36, 36, 36, 36, 36, 36, 36, 36, 36, 36, 36, 36, 36, 36, 36, 36, 36, 36, 36, 36, 36, 36, 36, 36, 36, 36, 36, 36, 36]","[4.0, 6.5, 5.5, 6.5, 6.0]","[4.0, 6.5]","[5.5, 6.5, 6.0]",rgb/live/Synchro_001/23,125,071232.jpg,071356.jpg,rgb/replay1/Synchro_001/23,322,071749.jpg,072070.jpg,masks/live/Synchro_001/23,125,True,,0,False,unknown_existing_segmentation_output,[],masks/replay1/Synchro_001/23,predicted_input,True
2.0,Synchro_002/0,Synchro_002,0,train,301b,49.2,2.0,44422,44530,22,67,2,"[22, 67]",109,"[3, 3, 3, 3, 3, 3, 3, 3, 3, 3, 3, 3, 3, 3, 3, 3, 3, 3, 3, 3, 3, 3, 3, 37, 37, 37, 37, 37, 37, 37, 37, 37, 37, 37, 37, 37, 37, 37, 37, 37, 37, 37, 37, 37, 37, 37, 37, 37, 37, 37, 37, 37, 37, 37, 37, 37, 37, 37, 37, 37, 37, 37, 37, 37, 37, 37, 37, 37, 36, 36, 36, 36, 36, 36, 36, 36, 36, 36, 36, 36, 36, 36, 36, 36, 36, 36, 36, 36, 36, 36, 36, 36, 36, 36, 36, 36, 36, 36, 36, 36, 36, 36, 36, 36, 36, 36, 36, 36, 36]","[7.5, 9.0, 8.5, 8.0, 8.0]","[7.5, 9.0]","[8.5, 8.0, 8.0]",rgb/live/Synchro_002/0,109,044422.jpg,044530.jpg,rgb/replay1/Synchro_002/0,180,044796.jpg,044975.jpg,masks/live/Synchro_002/0,109,True,Trimmed_Diving_Video_Frames/TEMP_LIVE/Replay2/Synchro_002/0,357,True,unknown_existing_segmentation_output,[],masks/replay1/Synchro_002/0,predicted_input,True
2.0,Synchro_002/1,Synchro_002,1,train,201b,45.0,2.0,46556,46686,34,80,2,"[34, 80]",131,"[2, 2, 2, 2, 2, 2, 2, 2, 2, 2, 2, 2, 2, 2, 2, 2, 2, 2, 2, 2, 2, 2, 2, 2, 2, 2, 2, 2, 2, 2, 2, 2, 2, 2, 2, 37, 37, 37, 37, 37, 37, 37, 37, 37, 37, 37, 37, 37, 37, 37, 37, 37, 37, 37, 37, 37, 37, 37, 37, 37, 37, 37, 37, 37, 37, 37, 37, 37, 37, 37, 37, 37, 37, 37, 37, 37, 37, 37, 37, 37, 37, 36, 36, 36, 36, 36, 36, 36, 36, 36, 36, 36, 36, 36, 36, 36, 36, 36, 36, 36, 36, 36, 36, 36, 36, 36, 36, 36, 36, 36, 36, 36, 36, 36, 36, 36, 36, 36, 36, 36, 36, 36, 36, 36, 36, 36, 36, 36, 36, 36, 36]","[7.5, 7.5, 7.5, 7.5, 7.5]","[7.5, 7.5]","[7.5, 7.5, 7.5]",rgb/live/Synchro_002/1,131,046556.jpg,046686.jpg,rgb/replay1/Synchro_002/1,195,046920.jpg,047114.jpg,masks/live/Synchro_002/1,131,True,Trimmed_Diving_Video_Frames/TEMP_LIVE/Replay2/Synchro_002/1,347,True,unknown_existing_segmentation_output,[],masks/replay1/Synchro_002/1,predicted_input,True
2.0,Synchro_002/2,Synchro_002,2,test,201b,48.6,2.0,48549,48665,35,82,2,"[35, 82]",117,"[2, 2, 2, 2, 2, 2, 2, 2, 2, 2, 2, 2, 2, 2, 2, 2, 2, 2, 2, 2, 2, 2, 2, 2, 2, 2, 2, 2, 2, 2, 2, 2, 2, 2, 2, 2, 37, 37, 37, 37, 37, 37, 37, 37, 37, 37, 37, 37, 37, 37, 37, 37, 37, 37, 37, 37, 37, 37, 37, 37, 37, 37, 37, 37, 37, 37, 37, 37, 37, 37, 37, 37, 37, 37, 37, 37, 37, 37, 37, 37, 37, 37, 37, 36, 36, 36, 36, 36, 36, 36, 36, 36, 36, 36, 36, 36, 36, 36, 36, 36, 36, 36, 36, 36, 36, 36, 36, 36, 36, 36, 36, 36, 36, 36, 36, 36, 36]","[8.0, 8.5, 8.0, 8.0, 8.0]","[8.0, 8.5]","[8.0, 8.0, 8.0]",rgb/live/Synchro_002/2,117,048549.jpg,048665.jpg,rgb/replay1/Synchro_002/2,153,049007.jpg,049159.jpg,masks/live/Synchro_002/2,117,True,Trimmed_Diving_Video_Frames/TEMP_LIVE/Replay2/Synchro_002/2,264,True,unknown_existing_segmentation_output,[],masks/replay1/Synchro_002/2,predicted_input,True
2.0,Synchro_002/3,Synchro_002,3,test,301b,47.4,2.0,50601,50705,20,65,2,"[20, 65]",105,"[3, 3, 3, 3, 3, 3, 3, 3, 3, 3, 3, 3, 3, 3, 3, 3, 3, 3, 3, 3, 3, 37, 37, 37, 37, 37, 37, 37, 37, 37, 37, 37, 37, 37, 37, 37, 37, 37, 37, 37, 37, 37, 37, 37, 37, 37, 37, 37, 37, 37, 37, 37, 37, 37, 37, 37, 37, 37, 37, 37, 37, 37, 37, 37, 37, 37, 36, 36, 36, 36, 36, 36, 36, 36, 36, 36, 36, 36, 36, 36, 36, 36, 36, 36, 36, 36, 36, 36, 36, 36, 36, 36, 36, 36, 36, 36, 36, 36, 36, 36, 36, 36, 36, 36, 36]","[8.0, 8.0, 8.0, 7.5, 8.0]","[8.0, 8.0]","[8.0, 7.5, 8.0]",rgb/live/Synchro_002/3,105,050601.jpg,050705.jpg,rgb/replay1/Synchro_002/3,196,051168.jpg,051363.jpg,masks/live/Synchro_002/3,105,True,Trimmed_Diving_Video_Frames/TEMP_LIVE/Replay2/Synchro_002/3,206,True,unknown_existing_segmentation_output,[],masks/replay1/Synchro_002/3,predicted_input,True
2.0,Synchro_002/4,Synchro_002,4,train,407c,82.56,3.2,53896,53994,19,66,2,"[19, 66]",99,"[4, 4, 4, 4, 4, 4, 4, 4, 4, 4, 4, 4, 4, 4, 4, 4, 4, 4, 4, 4, 25, 25, 25, 25, 25, 25, 25, 25, 25, 25, 25, 25, 25, 25, 25, 25, 25, 25, 25, 25, 25, 25, 25, 25, 25, 25, 25, 25, 25, 25, 25, 25, 25, 25, 25, 25, 25, 25, 25, 25, 25, 25, 25, 25, 25, 25, 25, 36, 36, 36, 36, 36, 36, 36, 36, 36, 36, 36, 36, 36, 36, 36, 36, 36, 36, 36, 36, 36, 36, 36, 36, 36, 36, 36, 36, 36, 36, 36, 36]","[8.5, 9.0, 8.5, 8.5, 8.5]","[8.5, 9.0]","[8.5, 8.5, 8.5]",rgb/live/Synchro_002/4,99,053896.jpg,053994.jpg,rgb/replay1/Synchro_002/4,163,054262.jpg,054424.jpg,masks/live/Synchro_002/4,99,True,Trimmed_Diving_Video_Frames/TEMP_LIVE/Replay2/Synchro_002/4,282,True,unknown_existing_segmentation_output,[],masks/replay1/Synchro_002/4,predicted_input,True
2.0,Synchro_002/5,Synchro_002,5,train,107b,67.5,3.0,57589,57710,21,68,2,"[21, 68]",122,"[1, 1, 1, 1, 1, 1, 1, 1, 1, 1, 1, 1, 1, 1, 1, 1, 1, 1, 1, 1, 1, 1, 17, 17, 17, 17, 17, 17, 17, 17, 17, 17, 17, 17, 17, 17, 17, 17, 17, 17, 17, 17, 17, 17, 17, 17, 17, 17, 17, 17, 17, 17, 17, 17, 17, 17, 17, 17, 17, 17, 17, 17, 17, 17, 17, 17, 17, 17, 17, 36, 36, 36, 36, 36, 36, 36, 36, 36, 36, 36, 36, 36, 36, 36, 36, 36, 36, 36, 36, 36, 36, 36, 36, 36, 36, 36, 36, 36, 36, 36, 36, 36, 36, 36, 36, 36, 36, 36, 36, 36, 36, 36, 36, 36, 36, 36, 36, 36, 36, 36, 36, 36]","[7.5, 7.5, 7.5, 7.5, 7.5]","[7.5, 7.5]","[7.5, 7.5, 7.5]",rgb/live/Synchro_002/5,122,057589.jpg,057710.jpg,rgb/replay1/Synchro_002/5,214,057953.jpg,058166.jpg,masks/live/Synchro_002/5,122,True,Trimmed_Diving_Video_Frames/TEMP_LIVE/Replay2/Synchro_002/5,248,True,unknown_existing_segmentation_output,[],masks/replay1/Synchro_002/5,predicted_input,True
2.0,Synchro_002/6,Synchro_002,6,train,5255b,85.32,3.6,59580,59696,29,79,3,"[29, 58, 79]",117,"[2, 2, 2, 2, 2, 2, 2, 2, 2, 2, 2, 2, 2, 2, 2, 2, 2, 2, 2, 2, 2, 2, 2, 2, 2, 2, 2, 2, 2, 2, 33, 33, 33, 33, 33, 33, 33, 33, 33, 33, 33, 33, 33, 33, 33, 33, 33, 33, 33, 33, 33, 33, 33, 33, 33, 33, 33, 33, 33, 15, 15, 15, 15, 15, 15, 15, 15, 15, 15, 15, 15, 15, 15, 15, 15, 15, 15, 15, 15, 15, 36, 36, 36, 36, 36, 36, 36, 36, 36, 36, 36, 36, 36, 36, 36, 36, 36, 36, 36, 36, 36, 36, 36, 36, 36, 36, 36, 36, 36, 36, 36, 36, 36, 36, 36, 36, 36]","[8.0, 8.0, 8.0, 7.5, 8.0]","[8.0, 8.0]","[8.0, 7.5, 8.0]",rgb/live/Synchro_002/6,117,059580.jpg,059696.jpg,rgb/replay1/Synchro_002/6,218,059985.jpg,060202.jpg,masks/live/Synchro_002/6,117,True,,0,False,unknown_existing_segmentation_output,[],masks/replay1/Synchro_002/6,predicted_input,True
2.0,Synchro_002/7,Synchro_002,7,train,407c,71.04,3.2,61820,61930,15,59,2,"[15, 59]",111,"[4, 4, 4, 4, 4, 4, 4, 4, 4, 4, 4, 4, 4, 4, 4, 4, 25, 25, 25, 25, 25, 25, 25, 25, 25, 25, 25, 25, 25, 25, 25, 25, 25, 25, 25, 25, 25, 25, 25, 25, 25, 25, 25, 25, 25, 25, 25, 25, 25, 25, 25, 25, 25, 25, 25, 25, 25, 25, 25, 25, 36, 36, 36, 36, 36, 36, 36, 36, 36, 36, 36, 36, 36, 36, 36, 36, 36, 36, 36, 36, 36, 36, 36, 36, 36, 36, 36, 36, 36, 36, 36, 36, 36, 36, 36, 36, 36, 36, 36, 36, 36, 36, 36, 36, 36, 36, 36, 36, 36, 36, 36]","[6.5, 8.0, 7.5, 7.5, 7.5]","[6.5, 8.0]","[7.5, 7.5, 7.5]",rgb/live/Synchro_002/7,111,061820.jpg,061930.jpg,rgb/replay1/Synchro_002/7,278,062193.jpg,062470.jpg,masks/live/Synchro_002/7,111,True,,0,False,unknown_existing_segmentation_output,[],masks/replay1/Synchro_002/7,predicted_input,True
2.0,Synchro_002/8,Synchro_002,8,test,307c,79.56,3.4,64570,64680,18,66,2,"[18, 66]",111,"[3, 3, 3, 3, 3, 3, 3, 3, 3, 3, 3, 3, 3, 3, 3, 3, 3, 3, 3, 25, 25, 25, 25, 25, 25, 25, 25, 25, 25, 25, 25, 25, 25, 25, 25, 25, 25, 25, 25, 25, 25, 25, 25, 25, 25, 25, 25, 25, 25, 25, 25, 25, 25, 25, 25, 25, 25, 25, 25, 25, 25, 25, 25, 25, 25, 25, 25, 36, 36, 36, 36, 36, 36, 36, 36, 36, 36, 36, 36, 36, 36, 36, 36, 36, 36, 36, 36, 36, 36, 36, 36, 36, 36, 36, 36, 36, 36, 36, 36, 36, 36, 36, 36, 36, 36, 36, 36, 36, 36, 36, 36]","[8.0, 7.5, 7.5, 8.0, 8.0]","[8.0, 7.5]","[7.5, 8.0, 8.0]",rgb/live/Synchro_002/8,111,064570.jpg,064680.jpg,rgb/replay1/Synchro_002/8,194,064924.jpg,065117.jpg,masks/live/Synchro_002/8,111,True,Trimmed_Diving_Video_Frames/TEMP_LIVE/Replay2/Synchro_002/8,235,True,unknown_existing_segmentation_output,[],masks/replay1/Synchro_002/8,predicted_input,True
2.0,Synchro_002/9,Synchro_002,9,train,407c,81.6,3.2,66476,66601,30,72,2,"[30, 72]",126,"[4, 4, 4, 4, 4, 4, 4, 4, 4, 4, 4, 4, 4, 4, 4, 4, 4, 4, 4, 4, 4, 4, 4, 4, 4, 4, 4, 4, 4, 4, 4, 25, 25, 25, 25, 25, 25, 25, 25, 25, 25, 25, 25, 25, 25, 25, 25, 25, 25, 25, 25, 25, 25, 25, 25, 25, 25, 25, 25, 25, 25, 25, 25, 25, 25, 25, 25, 25, 25, 25, 25, 25, 25, 36, 36, 36, 36, 36, 36, 36, 36, 36, 36, 36, 36, 36, 36, 36, 36, 36, 36, 36, 36, 36, 36, 36, 36, 36, 36, 36, 36, 36, 36, 36, 36, 36, 36, 36, 36, 36, 36, 36, 36, 36, 36, 36, 36, 36, 36, 36, 36, 36, 36, 36, 36, 36]","[8.5, 8.5, 8.5, 8.5, 8.5]","[8.5, 8.5]","[8.5, 8.5, 8.5]",rgb/live/Synchro_002/9,126,066476.jpg,066601.jpg,rgb/replay1/Synchro_002/9,171,066844.jpg,067014.jpg,masks/live/Synchro_002/9,126,True,Trimmed_Diving_Video_Frames/TEMP_LIVE/Replay2/Synchro_002/9,351,True,unknown_existing_segmentation_output,[],masks/replay1/Synchro_002/9,predicted_input,True
2.0,Synchro_002/10,Synchro_002,10,test,407c,61.44,3.2,68654,68777,21,66,2,"[21, 66]",124,"[4, 4, 4, 4, 4, 4, 4, 4, 4, 4, 4, 4, 4, 4, 4, 4, 4, 4, 4, 4, 4, 4, 25, 25, 25, 25, 25, 25, 25, 25, 25, 25, 25, 25, 25, 25, 25, 25, 25, 25, 25, 25, 25, 25, 25, 25, 25, 25, 25, 25, 25, 25, 25, 25, 25, 25, 25, 25, 25, 25, 25, 25, 25, 25, 25, 25, 25, 36, 36, 36, 36, 36, 36, 36, 36, 36, 36, 36, 36, 36, 36, 36, 36, 36, 36, 36, 36, 36, 36, 36, 36, 36, 36, 36, 36, 36, 36, 36, 36, 36, 36, 36, 36, 36, 36, 36, 36, 36, 36, 36, 36, 36, 36, 36, 36, 36, 36, 36, 36, 36, 36, 36, 36, 36]","[6.5, 6.0, 6.5, 6.5, 6.5]","[6.5, 6.0]","[6.5, 6.5, 6.5]",rgb/live/Synchro_002/10,124,068654.jpg,068777.jpg,rgb/replay1/Synchro_002/10,181,069014.jpg,069194.jpg,masks/live/Synchro_002/10,124,True,Trimmed_Diving_Video_Frames/TEMP_LIVE/Replay2/Synchro_002/10,376,True,unknown_existing_segmentation_output,[],masks/replay1/Synchro_002/10,predicted_input,True
2.0,Synchro_002/11,Synchro_002,11,train,407c,76.8,3.2,70752,70848,11,57,2,"[11, 57]",97,"[4, 4, 4, 4, 4, 4, 4, 4, 4, 4, 4, 4, 25, 25, 25, 25, 25, 25, 25, 25, 25, 25, 25, 25, 25, 25, 25, 25, 25, 25, 25, 25, 25, 25, 25, 25, 25, 25, 25, 25, 25, 25, 25, 25, 25, 25, 25, 25, 25, 25, 25, 25, 25, 25, 25, 25, 25, 25, 36, 36, 36, 36, 36, 36, 36, 36, 36, 36, 36, 36, 36, 36, 36, 36, 36, 36, 36, 36, 36, 36, 36, 36, 36, 36, 36, 36, 36, 36, 36, 36, 36, 36, 36, 36, 36, 36, 36]","[8.0, 8.0, 8.0, 8.0, 8.0]","[8.0, 8.0]","[8.0, 8.0, 8.0]",rgb/live/Synchro_002/11,97,070752.jpg,070848.jpg,rgb/replay1/Synchro_002/11,182,071294.jpg,071475.jpg,masks/live/Synchro_002/11,97,True,Trimmed_Diving_Video_Frames/TEMP_LIVE/Replay2/Synchro_002/11,197,True,unknown_existing_segmentation_output,[],masks/replay1/Synchro_002/11,predicted_input,True
2.0,Synchro_002/12,Synchro_002,12,test,207c,52.47,3.3,72871,73000,26,76,2,"[26, 76]",130,"[2, 2, 2, 2, 2, 2, 2, 2, 2, 2, 2, 2, 2, 2, 2, 2, 2, 2, 2, 2, 2, 2, 2, 2, 2, 2, 2, 25, 25, 25, 25, 25, 25, 25, 25, 25, 25, 25, 25, 25, 25, 25, 25, 25, 25, 25, 25, 25, 25, 25, 25, 25, 25, 25, 25, 25, 25, 25, 25, 25, 25, 25, 25, 25, 25, 25, 25, 25, 25, 25, 25, 25, 25, 25, 25, 25, 25, 36, 36, 36, 36, 36, 36, 36, 36, 36, 36, 36, 36, 36, 36, 36, 36, 36, 36, 36, 36, 36, 36, 36, 36, 36, 36, 36, 36, 36, 36, 36, 36, 36, 36, 36, 36, 36, 36, 36, 36, 36, 36, 36, 36, 36, 36, 36, 36, 36, 36, 36, 36, 36]","[5.0, 4.5, 6.0, 5.5, 5.5]","[5.0, 4.5]","[6.0, 5.5, 5.5]",rgb/live/Synchro_002/12,130,072871.jpg,073000.jpg,rgb/replay1/Synchro_002/12,448,073288.jpg,073735.jpg,masks/live/Synchro_002/12,130,True,,0,False,unknown_existing_segmentation_output,[],masks/replay1/Synchro_002/12,predicted_input,True
2.0,Synchro_002/13,Synchro_002,13,train,5253b,87.36,3.2,76022,76135,17,65,3,"[17, 37, 65]",114,"[2, 2, 2, 2, 2, 2, 2, 2, 2, 2, 2, 2, 2, 2, 2, 2, 2, 2, 31, 31, 31, 31, 31, 31, 31, 31, 31, 31, 31, 31, 31, 31, 31, 31, 31, 31, 31, 31, 15, 15, 15, 15, 15, 15, 15, 15, 15, 15, 15, 15, 15, 15, 15, 15, 15, 15, 15, 15, 15, 15, 15, 15, 15, 15, 15, 15, 36, 36, 36, 36, 36, 36, 36, 36, 36, 36, 36, 36, 36, 36, 36, 36, 36, 36, 36, 36, 36, 36, 36, 36, 36, 36, 36, 36, 36, 36, 36, 36, 36, 36, 36, 36, 36, 36, 36, 36, 36, 36, 36, 36, 36, 36, 36, 36]","[9.5, 9.0, 9.0, 9.0, 9.0]","[9.5, 9.0]","[9.0, 9.0, 9.0]",rgb/live/Synchro_002/13,114,076022.jpg,076135.jpg,rgb/replay1/Synchro_002/13,212,076390.jpg,076601.jpg,masks/live/Synchro_002/13,114,True,,0,False,unknown_existing_segmentation_output,[],masks/replay1/Synchro_002/13,predicted_input,True
2.0,Synchro_002/14,Synchro_002,14,train,109c,65.49,3.7,77876,77991,17,65,2,"[17, 65]",116,"[1, 1, 1, 1, 1, 1, 1, 1, 1, 1, 1, 1, 1, 1, 1, 1, 1, 1, 27, 27, 27, 27, 27, 27, 27, 27, 27, 27, 27, 27, 27, 27, 27, 27, 27, 27, 27, 27, 27, 27, 27, 27, 27, 27, 27, 27, 27, 27, 27, 27, 27, 27, 27, 27, 27, 27, 27, 27, 27, 27, 27, 27, 27, 27, 27, 27, 36, 36, 36, 36, 36, 36, 36, 36, 36, 36, 36, 36, 36, 36, 36, 36, 36, 36, 36, 36, 36, 36, 36, 36, 36, 36, 36, 36, 36, 36, 36, 36, 36, 36, 36, 36, 36, 36, 36, 36, 36, 36, 36, 36, 36, 36, 36, 36, 36, 36]","[6.5, 4.5, 6.5, 6.0, 6.0]","[6.5, 4.5]","[6.5, 6.0, 6.0]",rgb/live/Synchro_002/14,116,077876.jpg,077991.jpg,rgb/replay1/Synchro_002/14,218,078236.jpg,078453.jpg,masks/live/Synchro_002/14,116,True,Trimmed_Diving_Video_Frames/TEMP_LIVE/Replay2/Synchro_002/14,370,True,unknown_existing_segmentation_output,[],masks/replay1/Synchro_002/14,predicted_input,True
2.0,Synchro_002/15,Synchro_002,15,test,307c,49.98,3.4,80165,80295,29,77,2,"[29, 77]",131,"[3, 3, 3, 3, 3, 3, 3, 3, 3, 3, 3, 3, 3, 3, 3, 3, 3, 3, 3, 3, 3, 3, 3, 3, 3, 3, 3, 3, 3, 3, 25, 25, 25, 25, 25, 25, 25, 25, 25, 25, 25, 25, 25, 25, 25, 25, 25, 25, 25, 25, 25, 25, 25, 25, 25, 25, 25, 25, 25, 25, 25, 25, 25, 25, 25, 25, 25, 25, 25, 25, 25, 25, 25, 25, 25, 25, 25, 25, 36, 36, 36, 36, 36, 36, 36, 36, 36, 36, 36, 36, 36, 36, 36, 36, 36, 36, 36, 36, 36, 36, 36, 36, 36, 36, 36, 36, 36, 36, 36, 36, 36, 36, 36, 36, 36, 36, 36, 36, 36, 36, 36, 36, 36, 36, 36, 36, 36, 36, 36, 36, 36]","[5.0, 4.0, 5.0, 5.5, 5.0]","[5.0, 4.0]","[5.0, 5.5, 5.0]",rgb/live/Synchro_002/15,131,080165.jpg,080295.jpg,rgb/replay1/Synchro_002/15,218,080548.jpg,080765.jpg,masks/live/Synchro_002/15,131,True,Trimmed_Diving_Video_Frames/TEMP_LIVE/Replay2/Synchro_002/15,234,True,unknown_existing_segmentation_output,[],masks/replay1/Synchro_002/15,predicted_input,True
2.0,Synchro_002/16,Synchro_002,16,validation,307c,78.54,3.4,82266,82372,17,65,2,"[17, 65]",107,"[3, 3, 3, 3, 3, 3, 3, 3, 3, 3, 3, 3, 3, 3, 3, 3, 3, 3, 25, 25, 25, 25, 25, 25, 25, 25, 25, 25, 25, 25, 25, 25, 25, 25, 25, 25, 25, 25, 25, 25, 25, 25, 25, 25, 25, 25, 25, 25, 25, 25, 25, 25, 25, 25, 25, 25, 25, 25, 25, 25, 25, 25, 25, 25, 25, 25, 36, 36, 36, 36, 36, 36, 36, 36, 36, 36, 36, 36, 36, 36, 36, 36, 36, 36, 36, 36, 36, 36, 36, 36, 36, 36, 36, 36, 36, 36, 36, 36, 36, 36, 36, 36, 36, 36, 36, 36, 36]","[7.5, 8.0, 7.5, 7.5, 8.0]","[7.5, 8.0]","[7.5, 7.5, 8.0]",rgb/live/Synchro_002/16,107,082266.jpg,082372.jpg,rgb/replay1/Synchro_002/16,206,082861.jpg,083066.jpg,masks/live/Synchro_002/16,107,True,Trimmed_Diving_Video_Frames/TEMP_LIVE/Replay2/Synchro_002/16,190,True,unknown_existing_segmentation_output,[],masks/replay1/Synchro_002/16,predicted_input,True
2.0,Synchro_002/17,Synchro_002,17,train,109c,82.14,3.7,84524,84645,23,69,2,"[23, 69]",122,"[1, 1, 1, 1, 1, 1, 1, 1, 1, 1, 1, 1, 1, 1, 1, 1, 1, 1, 1, 1, 1, 1, 1, 1, 27, 27, 27, 27, 27, 27, 27, 27, 27, 27, 27, 27, 27, 27, 27, 27, 27, 27, 27, 27, 27, 27, 27, 27, 27, 27, 27, 27, 27, 27, 27, 27, 27, 27, 27, 27, 27, 27, 27, 27, 27, 27, 27, 27, 27, 27, 36, 36, 36, 36, 36, 36, 36, 36, 36, 36, 36, 36, 36, 36, 36, 36, 36, 36, 36, 36, 36, 36, 36, 36, 36, 36, 36, 36, 36, 36, 36, 36, 36, 36, 36, 36, 36, 36, 36, 36, 36, 36, 36, 36, 36, 36, 36, 36, 36, 36, 36, 36]","[7.5, 7.0, 7.5, 7.5, 7.5]","[7.5, 7.0]","[7.5, 7.5, 7.5]",rgb/live/Synchro_002/17,122,084524.jpg,084645.jpg,rgb/replay1/Synchro_002/17,432,085025.jpg,085456.jpg,masks/live/Synchro_002/17,122,True,,0,False,unknown_existing_segmentation_output,[],masks/replay1/Synchro_002/17,predicted_input,True
2.0,Synchro_002/18,Synchro_002,18,validation,109c,94.35,3.7,87208,87317,22,69,2,"[22, 69]",110,"[1, 1, 1, 1, 1, 1, 1, 1, 1, 1, 1, 1, 1, 1, 1, 1, 1, 1, 1, 1, 1, 1, 1, 27, 27, 27, 27, 27, 27, 27, 27, 27, 27, 27, 27, 27, 27, 27, 27, 27, 27, 27, 27, 27, 27, 27, 27, 27, 27, 27, 27, 27, 27, 27, 27, 27, 27, 27, 27, 27, 27, 27, 27, 27, 27, 27, 27, 27, 27, 27, 36, 36, 36, 36, 36, 36, 36, 36, 36, 36, 36, 36, 36, 36, 36, 36, 36, 36, 36, 36, 36, 36, 36, 36, 36, 36, 36, 36, 36, 36, 36, 36, 36, 36, 36, 36, 36, 36, 36, 36]","[8.5, 8.0, 9.0, 8.5, 8.5]","[8.5, 8.0]","[9.0, 8.5, 8.5]",rgb/live/Synchro_002/18,110,087208.jpg,087317.jpg,rgb/replay1/Synchro_002/18,204,087545.jpg,087748.jpg,masks/live/Synchro_002/18,110,True,Trimmed_Diving_Video_Frames/TEMP_LIVE/Replay2/Synchro_002/18,175,True,unknown_existing_segmentation_output,[],masks/replay1/Synchro_002/18,predicted_input,True
2.0,Synchro_002/19,Synchro_002,19,test,5255b,76.68,3.6,89041,89165,30,78,3,"[30, 58, 78]",125,"[2, 2, 2, 2, 2, 2, 2, 2, 2, 2, 2, 2, 2, 2, 2, 2, 2, 2, 2, 2, 2, 2, 2, 2, 2, 2, 2, 2, 2, 2, 2, 33, 33, 33, 33, 33, 33, 33, 33, 33, 33, 33, 33, 33, 33, 33, 33, 33, 33, 33, 33, 33, 33, 33, 33, 33, 33, 33, 33, 15, 15, 15, 15, 15, 15, 15, 15, 15, 15, 15, 15, 15, 15, 15, 15, 15, 15, 15, 15, 36, 36, 36, 36, 36, 36, 36, 36, 36, 36, 36, 36, 36, 36, 36, 36, 36, 36, 36, 36, 36, 36, 36, 36, 36, 36, 36, 36, 36, 36, 36, 36, 36, 36, 36, 36, 36, 36, 36, 36, 36, 36, 36, 36, 36, 36]","[7.5, 7.0, 7.0, 7.0, 7.0]","[7.5, 7.0]","[7.0, 7.0, 7.0]",rgb/live/Synchro_002/19,125,089041.jpg,089165.jpg,rgb/replay1/Synchro_002/19,186,089383.jpg,089568.jpg,masks/live/Synchro_002/19,125,True,Trimmed_Diving_Video_Frames/TEMP_LIVE/Replay2/Synchro_002/19,194,True,unknown_existing_segmentation_output,[],masks/replay1/Synchro_002/19,predicted_input,True
2.0,Synchro_002/20,Synchro_002,20,validation,5253b,70.08,3.2,90997,91118,31,80,3,"[31, 54, 80]",122,"[2, 2, 2, 2, 2, 2, 2, 2, 2, 2, 2, 2, 2, 2, 2, 2, 2, 2, 2, 2, 2, 2, 2, 2, 2, 2, 2, 2, 2, 2, 2, 2, 31, 31, 31, 31, 31, 31, 31, 31, 31, 31, 31, 31, 31, 31, 31, 31, 31, 31, 31, 31, 31, 31, 31, 15, 15, 15, 15, 15, 15, 15, 15, 15, 15, 15, 15, 15, 15, 15, 15, 15, 15, 15, 15, 15, 15, 15, 15, 15, 15, 36, 36, 36, 36, 36, 36, 36, 36, 36, 36, 36, 36, 36, 36, 36, 36, 36, 36, 36, 36, 36, 36, 36, 36, 36, 36, 36, 36, 36, 36, 36, 36, 36, 36, 36, 36, 36, 36, 36, 36, 36]","[7.0, 7.5, 7.0, 7.5, 7.5]","[7.0, 7.5]","[7.0, 7.5, 7.5]",rgb/live/Synchro_002/20,122,090997.jpg,091118.jpg,rgb/replay1/Synchro_002/20,219,091347.jpg,091565.jpg,masks/live/Synchro_002/20,122,True,Trimmed_Diving_Video_Frames/TEMP_LIVE/Replay2/Synchro_002/20,176,True,unknown_existing_segmentation_output,[],masks/replay1/Synchro_002/20,predicted_input,True
2.0,Synchro_002/21,Synchro_002,21,train,109c,79.92,3.7,92944,93052,23,72,2,"[23, 72]",109,"[1, 1, 1, 1, 1, 1, 1, 1, 1, 1, 1, 1, 1, 1, 1, 1, 1, 1, 1, 1, 1, 1, 1, 1, 27, 27, 27, 27, 27, 27, 27, 27, 27, 27, 27, 27, 27, 27, 27, 27, 27, 27, 27, 27, 27, 27, 27, 27, 27, 27, 27, 27, 27, 27, 27, 27, 27, 27, 27, 27, 27, 27, 27, 27, 27, 27, 27, 27, 27, 27, 27, 27, 27, 36, 36, 36, 36, 36, 36, 36, 36, 36, 36, 36, 36, 36, 36, 36, 36, 36, 36, 36, 36, 36, 36, 36, 36, 36, 36, 36, 36, 36, 36, 36, 36, 36, 36, 36, 36]","[7.0, 7.0, 7.5, 7.5, 7.0]","[7.0, 7.0]","[7.5, 7.5, 7.0]",rgb/live/Synchro_002/21,109,092944.jpg,093052.jpg,rgb/replay1/Synchro_002/21,196,093249.jpg,093444.jpg,masks/live/Synchro_002/21,109,True,Trimmed_Diving_Video_Frames/TEMP_LIVE/Replay2/Synchro_002/21,192,True,unknown_existing_segmentation_output,[],masks/replay1/Synchro_002/21,predicted_input,True
2.0,Synchro_002/22,Synchro_002,22,train,5253b,69.12,3.2,94851,94962,24,72,3,"[24, 43, 72]",112,"[2, 2, 2, 2, 2, 2, 2, 2, 2, 2, 2, 2, 2, 2, 2, 2, 2, 2, 2, 2, 2, 2, 2, 2, 2, 31, 31, 31, 31, 31, 31, 31, 31, 31, 31, 31, 31, 31, 31, 31, 31, 31, 31, 31, 15, 15, 15, 15, 15, 15, 15, 15, 15, 15, 15, 15, 15, 15, 15, 15, 15, 15, 15, 15, 15, 15, 15, 15, 15, 15, 15, 15, 15, 36, 36, 36, 36, 36, 36, 36, 36, 36, 36, 36, 36, 36, 36, 36, 36, 36, 36, 36, 36, 36, 36, 36, 36, 36, 36, 36, 36, 36, 36, 36, 36, 36, 36, 36, 36, 36, 36, 36]","[6.5, 8.0, 7.5, 7.0, 7.0]","[6.5, 8.0]","[7.5, 7.0, 7.0]",rgb/live/Synchro_002/22,112,094851.jpg,094962.jpg,rgb/replay1/Synchro_002/22,199,095169.jpg,095367.jpg,masks/live/Synchro_002/22,112,True,Trimmed_Diving_Video_Frames/TEMP_LIVE/Replay2/Synchro_002/22,211,True,unknown_existing_segmentation_output,[],masks/replay1/Synchro_002/22,predicted_input,True
2.0,Synchro_003/0,Synchro_003,0,train,201b,48.0,2.0,22771,22879,29,73,2,"[29, 73]",109,"[2, 2, 2, 2, 2, 2, 2, 2, 2, 2, 2, 2, 2, 2, 2, 2, 2, 2, 2, 2, 2, 2, 2, 2, 2, 2, 2, 2, 2, 2, 37, 37, 37, 37, 37, 37, 37, 37, 37, 37, 37, 37, 37, 37, 37, 37, 37, 37, 37, 37, 37, 37, 37, 37, 37, 37, 37, 37, 37, 37, 37, 37, 37, 37, 37, 37, 37, 37, 37, 37, 37, 37, 37, 37, 36, 36, 36, 36, 36, 36, 36, 36, 36, 36, 36, 36, 36, 36, 36, 36, 36, 36, 36, 36, 36, 36, 36, 36, 36, 36, 36, 36, 36, 36, 36, 36, 36, 36, 36]","[8.0, 8.0, 8.0, 8.0, 8.0]","[8.0, 8.0]","[8.0, 8.0, 8.0]",rgb/live/Synchro_003/0,109,022771.jpg,022879.jpg,rgb/replay1/Synchro_003/0,158,023472.jpg,023629.jpg,masks/live/Synchro_003/0,109,True,Trimmed_Diving_Video_Frames/TEMP_LIVE/Replay2/Synchro_003/0,316,True,unknown_existing_segmentation_output,[],masks/replay1/Synchro_003/0,predicted_input,True
2.0,Synchro_003/1,Synchro_003,1,train,201b,48.0,2.0,24733,24851,32,79,2,"[32, 79]",119,"[2, 2, 2, 2, 2, 2, 2, 2, 2, 2, 2, 2, 2, 2, 2, 2, 2, 2, 2, 2, 2, 2, 2, 2, 2, 2, 2, 2, 2, 2, 2, 2, 2, 37, 37, 37, 37, 37, 37, 37, 37, 37, 37, 37, 37, 37, 37, 37, 37, 37, 37, 37, 37, 37, 37, 37, 37, 37, 37, 37, 37, 37, 37, 37, 37, 37, 37, 37, 37, 37, 37, 37, 37, 37, 37, 37, 37, 37, 37, 37, 36, 36, 36, 36, 36, 36, 36, 36, 36, 36, 36, 36, 36, 36, 36, 36, 36, 36, 36, 36, 36, 36, 36, 36, 36, 36, 36, 36, 36, 36, 36, 36, 36, 36, 36, 36, 36, 36, 36]","[8.0, 7.5, 8.0, 8.5, 8.0]","[8.0, 7.5]","[8.0, 8.5, 8.0]",rgb/live/Synchro_003/1,119,024733.jpg,024851.jpg,rgb/replay1/Synchro_003/1,177,025289.jpg,025465.jpg,masks/live/Synchro_003/1,119,True,Trimmed_Diving_Video_Frames/TEMP_LIVE/Replay2/Synchro_003/1,183,True,unknown_existing_segmentation_output,[],masks/replay1/Synchro_003/1,predicted_input,True
2.0,Synchro_003/2,Synchro_003,2,train,201b,48.0,2.0,26594,26691,16,60,2,"[16, 60]",98,"[2, 2, 2, 2, 2, 2, 2, 2, 2, 2, 2, 2, 2, 2, 2, 2, 2, 37, 37, 37, 37, 37, 37, 37, 37, 37, 37, 37, 37, 37, 37, 37, 37, 37, 37, 37, 37, 37, 37, 37, 37, 37, 37, 37, 37, 37, 37, 37, 37, 37, 37, 37, 37, 37, 37, 37, 37, 37, 37, 37, 37, 36, 36, 36, 36, 36, 36, 36, 36, 36, 36, 36, 36, 36, 36, 36, 36, 36, 36, 36, 36, 36, 36, 36, 36, 36, 36, 36, 36, 36, 36, 36, 36, 36, 36, 36, 36, 36]","[8.0, 8.0, 8.0, 8.0, 8.0]","[8.0, 8.0]","[8.0, 8.0, 8.0]",rgb/live/Synchro_003/2,98,026594.jpg,026691.jpg,rgb/replay1/Synchro_003/2,187,026949.jpg,027135.jpg,masks/live/Synchro_003/2,98,True,Trimmed_Diving_Video_Frames/TEMP_LIVE/Replay2/Synchro_003/2,171,True,unknown_existing_segmentation_output,[],masks/replay1/Synchro_003/2,predicted_input,True
2.0,Synchro_003/3,Synchro_003,3,test,301b,55.8,2.0,28975,29070,10,53,2,"[10, 53]",96,"[3, 3, 3, 3, 3, 3, 3, 3, 3, 3, 3, 37, 37, 37, 37, 37, 37, 37, 37, 37, 37, 37, 37, 37, 37, 37, 37, 37, 37, 37, 37, 37, 37, 37, 37, 37, 37, 37, 37, 37, 37, 37, 37, 37, 37, 37, 37, 37, 37, 37, 37, 37, 37, 37, 36, 36, 36, 36, 36, 36, 36, 36, 36, 36, 36, 36, 36, 36, 36, 36, 36, 36, 36, 36, 36, 36, 36, 36, 36, 36, 36, 36, 36, 36, 36, 36, 36, 36, 36, 36, 36, 36, 36, 36, 36, 36]","[9.0, 9.0, 9.5, 9.5, 9.5]","[9.0, 9.0]","[9.5, 9.5, 9.5]",rgb/live/Synchro_003/3,96,028975.jpg,029070.jpg,rgb/replay1/Synchro_003/3,154,029305.jpg,029458.jpg,masks/live/Synchro_003/3,96,True,,0,False,unknown_existing_segmentation_output,[],masks/replay1/Synchro_003/3,predicted_input,True
2.0,Synchro_003/4,Synchro_003,4,train,301b,47.4,2.0,30605,30703,27,68,2,"[27, 68]",99,"[3, 3, 3, 3, 3, 3, 3, 3, 3, 3, 3, 3, 3, 3, 3, 3, 3, 3, 3, 3, 3, 3, 3, 3, 3, 3, 3, 3, 37, 37, 37, 37, 37, 37, 37, 37, 37, 37, 37, 37, 37, 37, 37, 37, 37, 37, 37, 37, 37, 37, 37, 37, 37, 37, 37, 37, 37, 37, 37, 37, 37, 37, 37, 37, 37, 37, 37, 37, 37, 36, 36, 36, 36, 36, 36, 36, 36, 36, 36, 36, 36, 36, 36, 36, 36, 36, 36, 36, 36, 36, 36, 36, 36, 36, 36, 36, 36, 36, 36]","[8.0, 7.5, 8.0, 8.0, 8.0]","[8.0, 7.5]","[8.0, 8.0, 8.0]",rgb/live/Synchro_003/4,99,030605.jpg,030703.jpg,rgb/replay1/Synchro_003/4,195,031011.jpg,031205.jpg,masks/live/Synchro_003/4,99,True,Trimmed_Diving_Video_Frames/TEMP_LIVE/Replay2/Synchro_003/4,263,True,unknown_existing_segmentation_output,[],masks/replay1/Synchro_003/4,predicted_input,True
2.0,Synchro_003/5,Synchro_003,5,train,5253b,67.2,3.2,59426,59542,26,73,3,"[26, 48, 73]",117,"[2, 2, 2, 2, 2, 2, 2, 2, 2, 2, 2, 2, 2, 2, 2, 2, 2, 2, 2, 2, 2, 2, 2, 2, 2, 2, 2, 31, 31, 31, 31, 31, 31, 31, 31, 31, 31, 31, 31, 31, 31, 31, 31, 31, 31, 31, 31, 31, 31, 15, 15, 15, 15, 15, 15, 15, 15, 15, 15, 15, 15, 15, 15, 15, 15, 15, 15, 15, 15, 15, 15, 15, 15, 15, 36, 36, 36, 36, 36, 36, 36, 36, 36, 36, 36, 36, 36, 36, 36, 36, 36, 36, 36, 36, 36, 36, 36, 36, 36, 36, 36, 36, 36, 36, 36, 36, 36, 36, 36, 36, 36, 36, 36, 36, 36, 36, 36]","[6.0, 7.5, 7.0, 7.5, 7.0]","[6.0, 7.5]","[7.0, 7.5, 7.0]",rgb/live/Synchro_003/5,117,059426.jpg,059542.jpg,rgb/replay1/Synchro_003/5,175,060001.jpg,060175.jpg,masks/live/Synchro_003/5,117,True,Trimmed_Diving_Video_Frames/TEMP_LIVE/Replay2/Synchro_003/5,203,True,unknown_existing_segmentation_output,[],masks/replay1/Synchro_003/5,predicted_input,True
2.0,Synchro_003/6,Synchro_003,6,train,301b,45.6,2.0,34502,34600,16,56,2,"[16, 56]",99,"[3, 3, 3, 3, 3, 3, 3, 3, 3, 3, 3, 3, 3, 3, 3, 3, 3, 37, 37, 37, 37, 37, 37, 37, 37, 37, 37, 37, 37, 37, 37, 37, 37, 37, 37, 37, 37, 37, 37, 37, 37, 37, 37, 37, 37, 37, 37, 37, 37, 37, 37, 37, 37, 37, 37, 37, 37, 36, 36, 36, 36, 36, 36, 36, 36, 36, 36, 36, 36, 36, 36, 36, 36, 36, 36, 36, 36, 36, 36, 36, 36, 36, 36, 36, 36, 36, 36, 36, 36, 36, 36, 36, 36, 36, 36, 36, 36, 36, 36]","[7.0, 7.5, 8.0, 7.5, 8.0]","[7.0, 7.5]","[8.0, 7.5, 8.0]",rgb/live/Synchro_003/6,99,034502.jpg,034600.jpg,rgb/replay1/Synchro_003/6,149,034879.jpg,035027.jpg,masks/live/Synchro_003/6,99,True,,0,False,unknown_existing_segmentation_output,[],masks/replay1/Synchro_003/6,predicted_input,True
2.0,Synchro_003/7,Synchro_003,7,train,107b,84.6,3.0,37237,37338,19,67,2,"[19, 67]",102,"[1, 1, 1, 1, 1, 1, 1, 1, 1, 1, 1, 1, 1, 1, 1, 1, 1, 1, 1, 1, 17, 17, 17, 17, 17, 17, 17, 17, 17, 17, 17, 17, 17, 17, 17, 17, 17, 17, 17, 17, 17, 17, 17, 17, 17, 17, 17, 17, 17, 17, 17, 17, 17, 17, 17, 17, 17, 17, 17, 17, 17, 17, 17, 17, 17, 17, 17, 17, 36, 36, 36, 36, 36, 36, 36, 36, 36, 36, 36, 36, 36, 36, 36, 36, 36, 36, 36, 36, 36, 36, 36, 36, 36, 36, 36, 36, 36, 36, 36, 36, 36, 36]","[9.0, 9.5, 9.5, 9.5, 9.5]","[9.0, 9.5]","[9.5, 9.5, 9.5]",rgb/live/Synchro_003/7,102,037237.jpg,037338.jpg,rgb/replay1/Synchro_003/7,204,037546.jpg,037749.jpg,masks/live/Synchro_003/7,102,True,Trimmed_Diving_Video_Frames/TEMP_LIVE/Replay2/Synchro_003/7,362,True,unknown_existing_segmentation_output,[],masks/replay1/Synchro_003/7,predicted_input,True
2.0,Synchro_003/8,Synchro_003,8,test,107b,72.0,3.0,39257,39355,20,64,2,"[20, 64]",99,"[1, 1, 1, 1, 1, 1, 1, 1, 1, 1, 1, 1, 1, 1, 1, 1, 1, 1, 1, 1, 1, 17, 17, 17, 17, 17, 17, 17, 17, 17, 17, 17, 17, 17, 17, 17, 17, 17, 17, 17, 17, 17, 17, 17, 17, 17, 17, 17, 17, 17, 17, 17, 17, 17, 17, 17, 17, 17, 17, 17, 17, 17, 17, 17, 17, 36, 36, 36, 36, 36, 36, 36, 36, 36, 36, 36, 36, 36, 36, 36, 36, 36, 36, 36, 36, 36, 36, 36, 36, 36, 36, 36, 36, 36, 36, 36, 36, 36, 36]","[8.0, 8.0, 8.0, 8.0, 8.0]","[8.0, 8.0]","[8.0, 8.0, 8.0]",rgb/live/Synchro_003/8,99,039257.jpg,039355.jpg,rgb/replay1/Synchro_003/8,166,039657.jpg,039822.jpg,masks/live/Synchro_003/8,99,True,,0,False,unknown_existing_segmentation_output,[],masks/replay1/Synchro_003/8,predicted_input,True
2.0,Synchro_003/9,Synchro_003,9,train,407c,55.68,3.2,41154,41262,20,65,2,"[20, 65]",109,"[4, 4, 4, 4, 4, 4, 4, 4, 4, 4, 4, 4, 4, 4, 4, 4, 4, 4, 4, 4, 4, 25, 25, 25, 25, 25, 25, 25, 25, 25, 25, 25, 25, 25, 25, 25, 25, 25, 25, 25, 25, 25, 25, 25, 25, 25, 25, 25, 25, 25, 25, 25, 25, 25, 25, 25, 25, 25, 25, 25, 25, 25, 25, 25, 25, 25, 36, 36, 36, 36, 36, 36, 36, 36, 36, 36, 36, 36, 36, 36, 36, 36, 36, 36, 36, 36, 36, 36, 36, 36, 36, 36, 36, 36, 36, 36, 36, 36, 36, 36, 36, 36, 36, 36, 36, 36, 36, 36, 36]","[5.0, 5.0, 6.0, 6.5, 6.5]","[5.0, 5.0]","[6.0, 6.5, 6.5]",rgb/live/Synchro_003/9,109,041154.jpg,041262.jpg,rgb/replay1/Synchro_003/9,202,041488.jpg,041689.jpg,masks/live/Synchro_003/9,109,True,Trimmed_Diving_Video_Frames/TEMP_LIVE/Replay2/Synchro_003/9,404,True,unknown_existing_segmentation_output,[],masks/replay1/Synchro_003/9,predicted_input,True
2.0,Synchro_003/10,Synchro_003,10,train,405b,64.68,2.8,43126,43224,15,57,2,"[15, 57]",99,"[4, 4, 4, 4, 4, 4, 4, 4, 4, 4, 4, 4, 4, 4, 4, 4, 15, 15, 15, 15, 15, 15, 15, 15, 15, 15, 15, 15, 15, 15, 15, 15, 15, 15, 15, 15, 15, 15, 15, 15, 15, 15, 15, 15, 15, 15, 15, 15, 15, 15, 15, 15, 15, 15, 15, 15, 15, 15, 36, 36, 36, 36, 36, 36, 36, 36, 36, 36, 36, 36, 36, 36, 36, 36, 36, 36, 36, 36, 36, 36, 36, 36, 36, 36, 36, 36, 36, 36, 36, 36, 36, 36, 36, 36, 36, 36, 36, 36, 36]","[7.5, 8.0, 7.5, 7.5, 8.0]","[7.5, 8.0]","[7.5, 7.5, 8.0]",rgb/live/Synchro_003/10,99,043126.jpg,043224.jpg,rgb/replay1/Synchro_003/10,180,043840.jpg,044019.jpg,masks/live/Synchro_003/10,99,True,Trimmed_Diving_Video_Frames/TEMP_LIVE/Replay2/Synchro_003/10,287,True,unknown_existing_segmentation_output,[],masks/replay1/Synchro_003/10,predicted_input,True
2.0,Synchro_003/11,Synchro_003,11,train,407c,86.4,3.2,46371,46470,12,57,2,"[12, 57]",100,"[4, 4, 4, 4, 4, 4, 4, 4, 4, 4, 4, 4, 4, 25, 25, 25, 25, 25, 25, 25, 25, 25, 25, 25, 25, 25, 25, 25, 25, 25, 25, 25, 25, 25, 25, 25, 25, 25, 25, 25, 25, 25, 25, 25, 25, 25, 25, 25, 25, 25, 25, 25, 25, 25, 25, 25, 25, 25, 36, 36, 36, 36, 36, 36, 36, 36, 36, 36, 36, 36, 36, 36, 36, 36, 36, 36, 36, 36, 36, 36, 36, 36, 36, 36, 36, 36, 36, 36, 36, 36, 36, 36, 36, 36, 36, 36, 36, 36, 36, 36]","[9.0, 9.0, 9.0, 9.0, 9.0]","[9.0, 9.0]","[9.0, 9.0, 9.0]",rgb/live/Synchro_003/11,100,046371.jpg,046470.jpg,rgb/replay1/Synchro_003/11,183,046681.jpg,046863.jpg,masks/live/Synchro_003/11,100,True,,0,False,unknown_existing_segmentation_output,[],masks/replay1/Synchro_003/11,predicted_input,True
2.0,Synchro_003/12,Synchro_003,12,train,407c,67.2,3.2,48215,48323,23,69,2,"[23, 69]",109,"[4, 4, 4, 4, 4, 4, 4, 4, 4, 4, 4, 4, 4, 4, 4, 4, 4, 4, 4, 4, 4, 4, 4, 4, 25, 25, 25, 25, 25, 25, 25, 25, 25, 25, 25, 25, 25, 25, 25, 25, 25, 25, 25, 25, 25, 25, 25, 25, 25, 25, 25, 25, 25, 25, 25, 25, 25, 25, 25, 25, 25, 25, 25, 25, 25, 25, 25, 25, 25, 25, 36, 36, 36, 36, 36, 36, 36, 36, 36, 36, 36, 36, 36, 36, 36, 36, 36, 36, 36, 36, 36, 36, 36, 36, 36, 36, 36, 36, 36, 36, 36, 36, 36, 36, 36, 36, 36, 36, 36]","[7.0, 7.0, 7.0, 7.0, 7.0]","[7.0, 7.0]","[7.0, 7.0, 7.0]",rgb/live/Synchro_003/12,109,048215.jpg,048323.jpg,rgb/replay1/Synchro_003/12,168,048565.jpg,048732.jpg,masks/live/Synchro_003/12,109,True,Trimmed_Diving_Video_Frames/TEMP_LIVE/Replay2/Synchro_003/12,197,True,unknown_existing_segmentation_output,[],masks/replay1/Synchro_003/12,predicted_input,True
2.0,Synchro_003/13,Synchro_003,13,test,5253b,75.84,3.2,57295,57403,29,75,3,"[29, 49, 75]",109,"[2, 2, 2, 2, 2, 2, 2, 2, 2, 2, 2, 2, 2, 2, 2, 2, 2, 2, 2, 2, 2, 2, 2, 2, 2, 2, 2, 2, 2, 2, 31, 31, 31, 31, 31, 31, 31, 31, 31, 31, 31, 31, 31, 31, 31, 31, 31, 31, 31, 31, 15, 15, 15, 15, 15, 15, 15, 15, 15, 15, 15, 15, 15, 15, 15, 15, 15, 15, 15, 15, 15, 15, 15, 15, 15, 15, 36, 36, 36, 36, 36, 36, 36, 36, 36, 36, 36, 36, 36, 36, 36, 36, 36, 36, 36, 36, 36, 36, 36, 36, 36, 36, 36, 36, 36, 36, 36, 36, 36]","[7.5, 8.0, 8.0, 8.0, 8.0]","[7.5, 8.0]","[8.0, 8.0, 8.0]",rgb/live/Synchro_003/13,109,057295.jpg,057403.jpg,rgb/replay1/Synchro_003/13,158,057694.jpg,057851.jpg,masks/live/Synchro_003/13,109,True,,0,False,unknown_existing_segmentation_output,[],masks/replay1/Synchro_003/13,predicted_input,True
2.0,Synchro_003/14,Synchro_003,14,train,5253b,58.56,3.2,51986,52103,23,72,3,"[23, 43, 72]",118,"[2, 2, 2, 2, 2, 2, 2, 2, 2, 2, 2, 2, 2, 2, 2, 2, 2, 2, 2, 2, 2, 2, 2, 2, 31, 31, 31, 31, 31, 31, 31, 31, 31, 31, 31, 31, 31, 31, 31, 31, 31, 31, 31, 31, 15, 15, 15, 15, 15, 15, 15, 15, 15, 15, 15, 15, 15, 15, 15, 15, 15, 15, 15, 15, 15, 15, 15, 15, 15, 15, 15, 15, 15, 36, 36, 36, 36, 36, 36, 36, 36, 36, 36, 36, 36, 36, 36, 36, 36, 36, 36, 36, 36, 36, 36, 36, 36, 36, 36, 36, 36, 36, 36, 36, 36, 36, 36, 36, 36, 36, 36, 36, 36, 36, 36, 36, 36, 36]","[4.0, 7.0, 6.5, 6.5, 6.5]","[4.0, 7.0]","[6.5, 6.5, 6.5]",rgb/live/Synchro_003/14,118,051986.jpg,052103.jpg,rgb/replay1/Synchro_003/14,199,052513.jpg,052711.jpg,masks/live/Synchro_003/14,118,True,Trimmed_Diving_Video_Frames/TEMP_LIVE/Replay2/Synchro_003/14,191,True,unknown_existing_segmentation_output,[],masks/replay1/Synchro_003/14,predicted_input,True
2.0,Synchro_003/15,Synchro_003,15,test,5253b,91.2,3.2,54981,55082,24,73,3,"[24, 46, 73]",102,"[2, 2, 2, 2, 2, 2, 2, 2, 2, 2, 2, 2, 2, 2, 2, 2, 2, 2, 2, 2, 2, 2, 2, 2, 2, 31, 31, 31, 31, 31, 31, 31, 31, 31, 31, 31, 31, 31, 31, 31, 31, 31, 31, 31, 31, 31, 31, 15, 15, 15, 15, 15, 15, 15, 15, 15, 15, 15, 15, 15, 15, 15, 15, 15, 15, 15, 15, 15, 15, 15, 15, 15, 15, 15, 36, 36, 36, 36, 36, 36, 36, 36, 36, 36, 36, 36, 36, 36, 36, 36, 36, 36, 36, 36, 36, 36, 36, 36, 36, 36, 36, 36]","[9.5, 9.5, 9.5, 9.5, 9.5]","[9.5, 9.5]","[9.5, 9.5, 9.5]",rgb/live/Synchro_003/15,102,054981.jpg,055082.jpg,rgb/replay1/Synchro_003/15,188,055310.jpg,055497.jpg,masks/live/Synchro_003/15,102,True,,0,False,unknown_existing_segmentation_output,[],masks/replay1/Synchro_003/15,predicted_input,True
2.0,Synchro_004/0,Synchro_004,0,train,201b,46.8,2.0,18043,18141,29,64,2,"[29, 64]",99,"[2, 2, 2, 2, 2, 2, 2, 2, 2, 2, 2, 2, 2, 2, 2, 2, 2, 2, 2, 2, 2, 2, 2, 2, 2, 2, 2, 2, 2, 2, 37, 37, 37, 37, 37, 37, 37, 37, 37, 37, 37, 37, 37, 37, 37, 37, 37, 37, 37, 37, 37, 37, 37, 37, 37, 37, 37, 37, 37, 37, 37, 37, 37, 37, 37, 36, 36, 36, 36, 36, 36, 36, 36, 36, 36, 36, 36, 36, 36, 36, 36, 36, 36, 36, 36, 36, 36, 36, 36, 36, 36, 36, 36, 36, 36, 36, 36, 36, 36]","[8.5, 7.5, 7.5, 7.5, 8.0]","[8.5, 7.5]","[7.5, 7.5, 8.0]",rgb/live/Synchro_004/0,99,018043.jpg,018141.jpg,rgb/replay1/Synchro_004/0,113,018572.jpg,018684.jpg,masks/live/Synchro_004/0,99,True,Trimmed_Diving_Video_Frames/TEMP_LIVE/Replay2/Synchro_004/0,104,True,unknown_existing_segmentation_output,[],masks/replay1/Synchro_004/0,predicted_input,True
2.0,Synchro_004/1,Synchro_004,1,train,5156b,79.56,3.9,135791,135895,17,66,4,"[17, 27, 57, 66]",105,"[1, 1, 1, 1, 1, 1, 1, 1, 1, 1, 1, 1, 1, 1, 1, 1, 1, 1, 15, 15, 15, 15, 15, 15, 15, 15, 15, 15, 34, 34, 34, 34, 34, 34, 34, 34, 34, 34, 34, 34, 34, 34, 34, 34, 34, 34, 34, 34, 34, 34, 34, 34, 34, 34, 34, 34, 34, 34, 15, 15, 15, 15, 15, 15, 15, 15, 15, 36, 36, 36, 36, 36, 36, 36, 36, 36, 36, 36, 36, 36, 36, 36, 36, 36, 36, 36, 36, 36, 36, 36, 36, 36, 36, 36, 36, 36, 36, 36, 36, 36, 36, 36, 36, 36, 36]","[4.0, 7.5, 7.0, 8.0, 7.5]","[4.0, 7.5]","[7.0, 8.0, 7.5]",rgb/live/Synchro_004/1,105,135791.jpg,135895.jpg,rgb/replay1/Synchro_004/1,105,136226.jpg,136330.jpg,masks/live/Synchro_004/1,105,True,,0,False,unknown_existing_segmentation_output,[],masks/replay1/Synchro_004/1,predicted_input,True
2.0,Synchro_004/2,Synchro_004,2,test,201b,49.2,2.0,22326,22435,37,71,2,"[37, 71]",110,"[2, 2, 2, 2, 2, 2, 2, 2, 2, 2, 2, 2, 2, 2, 2, 2, 2, 2, 2, 2, 2, 2, 2, 2, 2, 2, 2, 2, 2, 2, 2, 2, 2, 2, 2, 2, 2, 2, 37, 37, 37, 37, 37, 37, 37, 37, 37, 37, 37, 37, 37, 37, 37, 37, 37, 37, 37, 37, 37, 37, 37, 37, 37, 37, 37, 37, 37, 37, 37, 37, 37, 37, 36, 36, 36, 36, 36, 36, 36, 36, 36, 36, 36, 36, 36, 36, 36, 36, 36, 36, 36, 36, 36, 36, 36, 36, 36, 36, 36, 36, 36, 36, 36, 36, 36, 36, 36, 36, 36, 36]","[8.0, 7.5, 8.5, 8.5, 8.5]","[8.0, 7.5]","[8.5, 8.5, 8.5]",rgb/live/Synchro_004/2,110,022326.jpg,022435.jpg,rgb/replay1/Synchro_004/2,127,022671.jpg,022797.jpg,masks/live/Synchro_004/2,110,True,,0,False,unknown_existing_segmentation_output,[],masks/replay1/Synchro_004/2,predicted_input,True
2.0,Synchro_004/3,Synchro_004,3,test,201b,49.8,2.0,24310,24408,35,71,2,"[35, 71]",99,"[2, 2, 2, 2, 2, 2, 2, 2, 2, 2, 2, 2, 2, 2, 2, 2, 2, 2, 2, 2, 2, 2, 2, 2, 2, 2, 2, 2, 2, 2, 2, 2, 2, 2, 2, 2, 37, 37, 37, 37, 37, 37, 37, 37, 37, 37, 37, 37, 37, 37, 37, 37, 37, 37, 37, 37, 37, 37, 37, 37, 37, 37, 37, 37, 37, 37, 37, 37, 37, 37, 37, 37, 36, 36, 36, 36, 36, 36, 36, 36, 36, 36, 36, 36, 36, 36, 36, 36, 36, 36, 36, 36, 36, 36, 36, 36, 36, 36, 36]","[7.5, 8.5, 8.5, 8.5, 8.5]","[7.5, 8.5]","[8.5, 8.5, 8.5]",rgb/live/Synchro_004/3,99,024310.jpg,024408.jpg,rgb/replay1/Synchro_004/3,136,024744.jpg,024879.jpg,masks/live/Synchro_004/3,99,True,,0,False,unknown_existing_segmentation_output,[],masks/replay1/Synchro_004/3,predicted_input,True
2.0,Synchro_004/4,Synchro_004,4,train,201b,55.8,2.0,26610,26715,35,70,2,"[35, 70]",106,"[2, 2, 2, 2, 2, 2, 2, 2, 2, 2, 2, 2, 2, 2, 2, 2, 2, 2, 2, 2, 2, 2, 2, 2, 2, 2, 2, 2, 2, 2, 2, 2, 2, 2, 2, 2, 37, 37, 37, 37, 37, 37, 37, 37, 37, 37, 37, 37, 37, 37, 37, 37, 37, 37, 37, 37, 37, 37, 37, 37, 37, 37, 37, 37, 37, 37, 37, 37, 37, 37, 37, 36, 36, 36, 36, 36, 36, 36, 36, 36, 36, 36, 36, 36, 36, 36, 36, 36, 36, 36, 36, 36, 36, 36, 36, 36, 36, 36, 36, 36, 36, 36, 36, 36, 36, 36]","[9.0, 9.0, 9.5, 9.5, 9.5]","[9.0, 9.0]","[9.5, 9.5, 9.5]",rgb/live/Synchro_004/4,106,026610.jpg,026715.jpg,rgb/replay1/Synchro_004/4,137,027146.jpg,027282.jpg,masks/live/Synchro_004/4,106,True,,0,False,unknown_existing_segmentation_output,[],masks/replay1/Synchro_004/4,predicted_input,True
2.0,Synchro_004/5,Synchro_004,5,test,201b,51.0,2.0,28665,28760,15,49,2,"[15, 49]",96,"[2, 2, 2, 2, 2, 2, 2, 2, 2, 2, 2, 2, 2, 2, 2, 2, 37, 37, 37, 37, 37, 37, 37, 37, 37, 37, 37, 37, 37, 37, 37, 37, 37, 37, 37, 37, 37, 37, 37, 37, 37, 37, 37, 37, 37, 37, 37, 37, 37, 37, 36, 36, 36, 36, 36, 36, 36, 36, 36, 36, 36, 36, 36, 36, 36, 36, 36, 36, 36, 36, 36, 36, 36, 36, 36, 36, 36, 36, 36, 36, 36, 36, 36, 36, 36, 36, 36, 36, 36, 36, 36, 36, 36, 36, 36, 36]","[8.5, 8.5, 8.5, 8.5, 8.5]","[8.5, 8.5]","[8.5, 8.5, 8.5]",rgb/live/Synchro_004/5,96,028665.jpg,028760.jpg,rgb/replay1/Synchro_004/5,122,029062.jpg,029183.jpg,masks/live/Synchro_004/5,96,True,Trimmed_Diving_Video_Frames/TEMP_LIVE/Replay2/Synchro_004/5,96,True,unknown_existing_segmentation_output,[],masks/replay1/Synchro_004/5,predicted_input,True
2.0,Synchro_004/6,Synchro_004,6,test,103b,49.2,2.0,31550,31675,42,84,2,"[42, 84]",126,"[1, 1, 1, 1, 1, 1, 1, 1, 1, 1, 1, 1, 1, 1, 1, 1, 1, 1, 1, 1, 1, 1, 1, 1, 1, 1, 1, 1, 1, 1, 1, 1, 1, 1, 1, 1, 1, 1, 1, 1, 1, 1, 1, 13, 13, 13, 13, 13, 13, 13, 13, 13, 13, 13, 13, 13, 13, 13, 13, 13, 13, 13, 13, 13, 13, 13, 13, 13, 13, 13, 13, 13, 13, 13, 13, 13, 13, 13, 13, 13, 13, 13, 13, 13, 13, 36, 36, 36, 36, 36, 36, 36, 36, 36, 36, 36, 36, 36, 36, 36, 36, 36, 36, 36, 36, 36, 36, 36, 36, 36, 36, 36, 36, 36, 36, 36, 36, 36, 36, 36, 36, 36, 36, 36, 36, 36]","[9.0, 7.5, 8.5, 8.0, 8.0]","[9.0, 7.5]","[8.5, 8.0, 8.0]",rgb/live/Synchro_004/6,126,031550.jpg,031675.jpg,rgb/replay1/Synchro_004/6,161,032035.jpg,032195.jpg,masks/live/Synchro_004/6,126,True,,0,False,unknown_existing_segmentation_output,[],masks/replay1/Synchro_004/6,predicted_input,True
2.0,Synchro_004/7,Synchro_004,7,validation,109c,94.62,3.8,133800,133895,2,50,2,"[2, 50]",96,"[1, 1, 1, 27, 27, 27, 27, 27, 27, 27, 27, 27, 27, 27, 27, 27, 27, 27, 27, 27, 27, 27, 27, 27, 27, 27, 27, 27, 27, 27, 27, 27, 27, 27, 27, 27, 27, 27, 27, 27, 27, 27, 27, 27, 27, 27, 27, 27, 27, 27, 27, 36, 36, 36, 36, 36, 36, 36, 36, 36, 36, 36, 36, 36, 36, 36, 36, 36, 36, 36, 36, 36, 36, 36, 36, 36, 36, 36, 36, 36, 36, 36, 36, 36, 36, 36, 36, 36, 36, 36, 36, 36, 36, 36, 36, 36]","[6.5, 9.0, 9.0, 8.5, 8.5]","[6.5, 9.0]","[9.0, 8.5, 8.5]",rgb/live/Synchro_004/7,96,133800.jpg,133895.jpg,rgb/replay1/Synchro_004/7,130,134313.jpg,134442.jpg,masks/live/Synchro_004/7,96,True,Trimmed_Diving_Video_Frames/TEMP_LIVE/Replay2/Synchro_004/7,135,True,unknown_existing_segmentation_output,[],masks/replay1/Synchro_004/7,predicted_input,True
2.0,Synchro_004/8,Synchro_004,8,train,401b,50.4,2.0,35463,35572,36,70,2,"[36, 70]",110,"[4, 4, 4, 4, 4, 4, 4, 4, 4, 4, 4, 4, 4, 4, 4, 4, 4, 4, 4, 4, 4, 4, 4, 4, 4, 4, 4, 4, 4, 4, 4, 4, 4, 4, 4, 4, 4, 37, 37, 37, 37, 37, 37, 37, 37, 37, 37, 37, 37, 37, 37, 37, 37, 37, 37, 37, 37, 37, 37, 37, 37, 37, 37, 37, 37, 37, 37, 37, 37, 37, 37, 36, 36, 36, 36, 36, 36, 36, 36, 36, 36, 36, 36, 36, 36, 36, 36, 36, 36, 36, 36, 36, 36, 36, 36, 36, 36, 36, 36, 36, 36, 36, 36, 36, 36, 36, 36, 36, 36, 36]","[8.5, 8.0, 8.5, 8.5, 8.5]","[8.5, 8.0]","[8.5, 8.5, 8.5]",rgb/live/Synchro_004/8,110,035463.jpg,035572.jpg,rgb/replay1/Synchro_004/8,140,035906.jpg,036045.jpg,masks/live/Synchro_004/8,110,True,,0,False,unknown_existing_segmentation_output,[],masks/replay1/Synchro_004/8,predicted_input,True
2.0,Synchro_004/9,Synchro_004,9,train,201b,48.0,2.0,37300,37395,13,49,2,"[13, 49]",96,"[2, 2, 2, 2, 2, 2, 2, 2, 2, 2, 2, 2, 2, 2, 37, 37, 37, 37, 37, 37, 37, 37, 37, 37, 37, 37, 37, 37, 37, 37, 37, 37, 37, 37, 37, 37, 37, 37, 37, 37, 37, 37, 37, 37, 37, 37, 37, 37, 37, 37, 36, 36, 36, 36, 36, 36, 36, 36, 36, 36, 36, 36, 36, 36, 36, 36, 36, 36, 36, 36, 36, 36, 36, 36, 36, 36, 36, 36, 36, 36, 36, 36, 36, 36, 36, 36, 36, 36, 36, 36, 36, 36, 36, 36, 36, 36]","[8.0, 7.5, 8.5, 8.0, 8.0]","[8.0, 7.5]","[8.5, 8.0, 8.0]",rgb/live/Synchro_004/9,96,037300.jpg,037395.jpg,rgb/replay1/Synchro_004/9,135,037747.jpg,037881.jpg,masks/live/Synchro_004/9,96,True,,0,False,unknown_existing_segmentation_output,[],masks/replay1/Synchro_004/9,predicted_input,True
2.0,Synchro_004/10,Synchro_004,10,train,301b,46.2,2.0,39153,39270,40,74,2,"[40, 74]",118,"[3, 3, 3, 3, 3, 3, 3, 3, 3, 3, 3, 3, 3, 3, 3, 3, 3, 3, 3, 3, 3, 3, 3, 3, 3, 3, 3, 3, 3, 3, 3, 3, 3, 3, 3, 3, 3, 3, 3, 3, 3, 37, 37, 37, 37, 37, 37, 37, 37, 37, 37, 37, 37, 37, 37, 37, 37, 37, 37, 37, 37, 37, 37, 37, 37, 37, 37, 37, 37, 37, 37, 37, 37, 37, 37, 36, 36, 36, 36, 36, 36, 36, 36, 36, 36, 36, 36, 36, 36, 36, 36, 36, 36, 36, 36, 36, 36, 36, 36, 36, 36, 36, 36, 36, 36, 36, 36, 36, 36, 36, 36, 36, 36, 36, 36, 36, 36, 36]","[8.0, 8.0, 7.5, 7.5, 7.5]","[8.0, 8.0]","[7.5, 7.5, 7.5]",rgb/live/Synchro_004/10,118,039153.jpg,039270.jpg,rgb/replay1/Synchro_004/10,136,039452.jpg,039587.jpg,masks/live/Synchro_004/10,118,True,,0,False,unknown_existing_segmentation_output,[],masks/replay1/Synchro_004/10,predicted_input,True
2.0,Synchro_004/11,Synchro_004,11,test,301b,48.6,2.0,41124,41248,47,87,2,"[47, 87]",125,"[3, 3, 3, 3, 3, 3, 3, 3, 3, 3, 3, 3, 3, 3, 3, 3, 3, 3, 3, 3, 3, 3, 3, 3, 3, 3, 3, 3, 3, 3, 3, 3, 3, 3, 3, 3, 3, 3, 3, 3, 3, 3, 3, 3, 3, 3, 3, 3, 37, 37, 37, 37, 37, 37, 37, 37, 37, 37, 37, 37, 37, 37, 37, 37, 37, 37, 37, 37, 37, 37, 37, 37, 37, 37, 37, 37, 37, 37, 37, 37, 37, 37, 37, 37, 37, 37, 37, 37, 36, 36, 36, 36, 36, 36, 36, 36, 36, 36, 36, 36, 36, 36, 36, 36, 36, 36, 36, 36, 36, 36, 36, 36, 36, 36, 36, 36, 36, 36, 36, 36, 36, 36, 36, 36, 36]","[8.0, 8.0, 8.5, 8.0, 8.0]","[8.0, 8.0]","[8.5, 8.0, 8.0]",rgb/live/Synchro_004/11,125,041124.jpg,041248.jpg,rgb/replay1/Synchro_004/11,134,041502.jpg,041635.jpg,masks/live/Synchro_004/11,125,True,,0,False,unknown_existing_segmentation_output,[],masks/replay1/Synchro_004/11,predicted_input,True
2.0,Synchro_004/12,Synchro_004,12,test,301b,43.8,2.0,42979,43108,48,90,2,"[48, 90]",130,"[3, 3, 3, 3, 3, 3, 3, 3, 3, 3, 3, 3, 3, 3, 3, 3, 3, 3, 3, 3, 3, 3, 3, 3, 3, 3, 3, 3, 3, 3, 3, 3, 3, 3, 3, 3, 3, 3, 3, 3, 3, 3, 3, 3, 3, 3, 3, 3, 3, 37, 37, 37, 37, 37, 37, 37, 37, 37, 37, 37, 37, 37, 37, 37, 37, 37, 37, 37, 37, 37, 37, 37, 37, 37, 37, 37, 37, 37, 37, 37, 37, 37, 37, 37, 37, 37, 37, 37, 37, 37, 37, 36, 36, 36, 36, 36, 36, 36, 36, 36, 36, 36, 36, 36, 36, 36, 36, 36, 36, 36, 36, 36, 36, 36, 36, 36, 36, 36, 36, 36, 36, 36, 36, 36, 36, 36, 36, 36, 36, 36]","[8.0, 7.0, 7.0, 7.0, 7.5]","[8.0, 7.0]","[7.0, 7.0, 7.5]",rgb/live/Synchro_004/12,130,042979.jpg,043108.jpg,rgb/replay1/Synchro_004/12,137,043512.jpg,043648.jpg,masks/live/Synchro_004/12,130,True,,0,False,unknown_existing_segmentation_output,[],masks/replay1/Synchro_004/12,predicted_input,True
2.0,Synchro_004/13,Synchro_004,13,train,301b,51.0,2.0,44841,44968,48,85,2,"[48, 85]",128,"[3, 3, 3, 3, 3, 3, 3, 3, 3, 3, 3, 3, 3, 3, 3, 3, 3, 3, 3, 3, 3, 3, 3, 3, 3, 3, 3, 3, 3, 3, 3, 3, 3, 3, 3, 3, 3, 3, 3, 3, 3, 3, 3, 3, 3, 3, 3, 3, 3, 37, 37, 37, 37, 37, 37, 37, 37, 37, 37, 37, 37, 37, 37, 37, 37, 37, 37, 37, 37, 37, 37, 37, 37, 37, 37, 37, 37, 37, 37, 37, 37, 37, 37, 37, 37, 37, 36, 36, 36, 36, 36, 36, 36, 36, 36, 36, 36, 36, 36, 36, 36, 36, 36, 36, 36, 36, 36, 36, 36, 36, 36, 36, 36, 36, 36, 36, 36, 36, 36, 36, 36, 36, 36, 36, 36, 36, 36, 36]","[8.5, 8.0, 8.5, 9.0, 8.5]","[8.5, 8.0]","[8.5, 9.0, 8.5]",rgb/live/Synchro_004/13,128,044841.jpg,044968.jpg,rgb/replay1/Synchro_004/13,164,045303.jpg,045466.jpg,masks/live/Synchro_004/13,128,True,,0,False,unknown_existing_segmentation_output,[],masks/replay1/Synchro_004/13,predicted_input,True
2.0,Synchro_004/14,Synchro_004,14,test,301b,56.4,2.0,46806,46933,47,87,2,"[47, 87]",128,"[3, 3, 3, 3, 3, 3, 3, 3, 3, 3, 3, 3, 3, 3, 3, 3, 3, 3, 3, 3, 3, 3, 3, 3, 3, 3, 3, 3, 3, 3, 3, 3, 3, 3, 3, 3, 3, 3, 3, 3, 3, 3, 3, 3, 3, 3, 3, 3, 37, 37, 37, 37, 37, 37, 37, 37, 37, 37, 37, 37, 37, 37, 37, 37, 37, 37, 37, 37, 37, 37, 37, 37, 37, 37, 37, 37, 37, 37, 37, 37, 37, 37, 37, 37, 37, 37, 37, 37, 36, 36, 36, 36, 36, 36, 36, 36, 36, 36, 36, 36, 36, 36, 36, 36, 36, 36, 36, 36, 36, 36, 36, 36, 36, 36, 36, 36, 36, 36, 36, 36, 36, 36, 36, 36, 36, 36, 36, 36]","[9.5, 9.0, 9.5, 9.5, 9.5]","[9.5, 9.0]","[9.5, 9.5, 9.5]",rgb/live/Synchro_004/14,128,046806.jpg,046933.jpg,rgb/replay1/Synchro_004/14,117,047347.jpg,047463.jpg,masks/live/Synchro_004/14,128,True,Trimmed_Diving_Video_Frames/TEMP_LIVE/Replay2/Synchro_004/14,124,True,unknown_existing_segmentation_output,[],masks/replay1/Synchro_004/14,predicted_input,True
2.0,Synchro_004/15,Synchro_004,15,train,301b,53.4,2.0,48823,48950,45,86,2,"[45, 86]",128,"[3, 3, 3, 3, 3, 3, 3, 3, 3, 3, 3, 3, 3, 3, 3, 3, 3, 3, 3, 3, 3, 3, 3, 3, 3, 3, 3, 3, 3, 3, 3, 3, 3, 3, 3, 3, 3, 3, 3, 3, 3, 3, 3, 3, 3, 3, 37, 37, 37, 37, 37, 37, 37, 37, 37, 37, 37, 37, 37, 37, 37, 37, 37, 37, 37, 37, 37, 37, 37, 37, 37, 37, 37, 37, 37, 37, 37, 37, 37, 37, 37, 37, 37, 37, 37, 37, 37, 36, 36, 36, 36, 36, 36, 36, 36, 36, 36, 36, 36, 36, 36, 36, 36, 36, 36, 36, 36, 36, 36, 36, 36, 36, 36, 36, 36, 36, 36, 36, 36, 36, 36, 36, 36, 36, 36, 36, 36, 36]","[8.5, 8.5, 9.5, 9.0, 9.0]","[8.5, 8.5]","[9.5, 9.0, 9.0]",rgb/live/Synchro_004/15,128,048823.jpg,048950.jpg,rgb/replay1/Synchro_004/15,109,049195.jpg,049303.jpg,masks/live/Synchro_004/15,128,True,,0,False,unknown_existing_segmentation_output,[],masks/replay1/Synchro_004/15,predicted_input,True
2.0,Synchro_004/16,Synchro_004,16,test,5154b,80.58,3.4,52200,52313,33,80,4,"[33, 47, 69, 80]",114,"[1, 1, 1, 1, 1, 1, 1, 1, 1, 1, 1, 1, 1, 1, 1, 1, 1, 1, 1, 1, 1, 1, 1, 1, 1, 1, 1, 1, 1, 1, 1, 1, 1, 1, 15, 15, 15, 15, 15, 15, 15, 15, 15, 15, 15, 15, 15, 15, 32, 32, 32, 32, 32, 32, 32, 32, 32, 32, 32, 32, 32, 32, 32, 32, 32, 32, 32, 32, 32, 32, 15, 15, 15, 15, 15, 15, 15, 15, 15, 15, 15, 36, 36, 36, 36, 36, 36, 36, 36, 36, 36, 36, 36, 36, 36, 36, 36, 36, 36, 36, 36, 36, 36, 36, 36, 36, 36, 36, 36, 36, 36, 36, 36, 36]","[8.0, 7.0, 8.0, 8.0, 8.5]","[8.0, 7.0]","[8.0, 8.0, 8.5]",rgb/live/Synchro_004/16,114,052200.jpg,052313.jpg,rgb/replay1/Synchro_004/16,151,052666.jpg,052816.jpg,masks/live/Synchro_004/16,114,True,Trimmed_Diving_Video_Frames/TEMP_LIVE/Replay2/Synchro_004/16,105,True,unknown_existing_segmentation_output,[],masks/replay1/Synchro_004/16,predicted_input,True
2.0,Synchro_004/17,Synchro_004,17,train,107b,74.4,3.1,54158,54282,41,88,2,"[41, 88]",125,"[1, 1, 1, 1, 1, 1, 1, 1, 1, 1, 1, 1, 1, 1, 1, 1, 1, 1, 1, 1, 1, 1, 1, 1, 1, 1, 1, 1, 1, 1, 1, 1, 1, 1, 1, 1, 1, 1, 1, 1, 1, 1, 17, 17, 17, 17, 17, 17, 17, 17, 17, 17, 17, 17, 17, 17, 17, 17, 17, 17, 17, 17, 17, 17, 17, 17, 17, 17, 17, 17, 17, 17, 17, 17, 17, 17, 17, 17, 17, 17, 17, 17, 17, 17, 17, 17, 17, 17, 17, 36, 36, 36, 36, 36, 36, 36, 36, 36, 36, 36, 36, 36, 36, 36, 36, 36, 36, 36, 36, 36, 36, 36, 36, 36, 36, 36, 36, 36, 36, 36, 36, 36, 36, 36, 36]","[8.0, 8.0, 8.0, 8.0, 8.0]","[8.0, 8.0]","[8.0, 8.0, 8.0]",rgb/live/Synchro_004/17,125,054158.jpg,054282.jpg,rgb/replay1/Synchro_004/17,133,054521.jpg,054653.jpg,masks/live/Synchro_004/17,125,True,,0,False,unknown_existing_segmentation_output,[],masks/replay1/Synchro_004/17,predicted_input,True
2.0,Synchro_004/18,Synchro_004,18,train,5154b,64.26,3.4,55880,56008,38,86,4,"[38, 52, 75, 86]",129,"[1, 1, 1, 1, 1, 1, 1, 1, 1, 1, 1, 1, 1, 1, 1, 1, 1, 1, 1, 1, 1, 1, 1, 1, 1, 1, 1, 1, 1, 1, 1, 1, 1, 1, 1, 1, 1, 1, 1, 15, 15, 15, 15, 15, 15, 15, 15, 15, 15, 15, 15, 15, 15, 32, 32, 32, 32, 32, 32, 32, 32, 32, 32, 32, 32, 32, 32, 32, 32, 32, 32, 32, 32, 32, 32, 32, 15, 15, 15, 15, 15, 15, 15, 15, 15, 15, 15, 36, 36, 36, 36, 36, 36, 36, 36, 36, 36, 36, 36, 36, 36, 36, 36, 36, 36, 36, 36, 36, 36, 36, 36, 36, 36, 36, 36, 36, 36, 36, 36, 36, 36, 36, 36, 36, 36, 36, 36, 36, 36]","[6.0, 7.5, 6.5, 5.0, 6.5]","[6.0, 7.5]","[6.5, 5.0, 6.5]",rgb/live/Synchro_004/18,129,055880.jpg,056008.jpg,rgb/replay1/Synchro_004/18,107,056273.jpg,056379.jpg,masks/live/Synchro_004/18,129,True,,0,False,unknown_existing_segmentation_output,[],masks/replay1/Synchro_004/18,predicted_input,True
2.0,Synchro_004/19,Synchro_004,19,test,5337d,86.1,3.5,130067,130197,44,93,3,"[44, 82, 93]",131,"[3, 3, 3, 3, 3, 3, 3, 3, 3, 3, 3, 3, 3, 3, 3, 3, 3, 3, 3, 3, 3, 3, 3, 3, 3, 3, 3, 3, 3, 3, 3, 3, 3, 3, 3, 3, 3, 3, 3, 3, 3, 3, 3, 3, 3, 35, 35, 35, 35, 35, 35, 35, 35, 35, 35, 35, 35, 35, 35, 35, 35, 35, 35, 35, 35, 35, 35, 35, 35, 35, 35, 35, 35, 35, 35, 35, 35, 35, 35, 35, 35, 35, 35, 13, 13, 13, 13, 13, 13, 13, 13, 13, 13, 13, 36, 36, 36, 36, 36, 36, 36, 36, 36, 36, 36, 36, 36, 36, 36, 36, 36, 36, 36, 36, 36, 36, 36, 36, 36, 36, 36, 36, 36, 36, 36, 36, 36, 36, 36, 36, 36]","[8.5, 7.5, 8.5, 8.0, 8.5]","[8.5, 7.5]","[8.5, 8.0, 8.5]",rgb/live/Synchro_004/19,131,130067.jpg,130197.jpg,rgb/replay1/Synchro_004/19,120,130541.jpg,130660.jpg,masks/live/Synchro_004/19,131,True,Trimmed_Diving_Video_Frames/TEMP_LIVE/Replay2/Synchro_004/19,107,True,unknown_existing_segmentation_output,[],masks/replay1/Synchro_004/19,predicted_input,True
2.0,Synchro_004/20,Synchro_004,20,train,109c,85.5,3.8,128141,128236,0,45,2,"[0, 45]",96,"[1, 27, 27, 27, 27, 27, 27, 27, 27, 27, 27, 27, 27, 27, 27, 27, 27, 27, 27, 27, 27, 27, 27, 27, 27, 27, 27, 27, 27, 27, 27, 27, 27, 27, 27, 27, 27, 27, 27, 27, 27, 27, 27, 27, 27, 27, 36, 36, 36, 36, 36, 36, 36, 36, 36, 36, 36, 36, 36, 36, 36, 36, 36, 36, 36, 36, 36, 36, 36, 36, 36, 36, 36, 36, 36, 36, 36, 36, 36, 36, 36, 36, 36, 36, 36, 36, 36, 36, 36, 36, 36, 36, 36, 36, 36, 36]","[6.5, 7.0, 7.5, 8.0, 8.5]","[6.5, 7.0]","[7.5, 8.0, 8.5]",rgb/live/Synchro_004/20,96,128141.jpg,128236.jpg,rgb/replay1/Synchro_004/20,118,128585.jpg,128702.jpg,masks/live/Synchro_004/20,96,True,,0,False,unknown_existing_segmentation_output,[],masks/replay1/Synchro_004/20,predicted_input,True
2.0,Synchro_004/21,Synchro_004,21,train,107b,75.33,3.1,65977,66085,26,72,2,"[26, 72]",109,"[1, 1, 1, 1, 1, 1, 1, 1, 1, 1, 1, 1, 1, 1, 1, 1, 1, 1, 1, 1, 1, 1, 1, 1, 1, 1, 1, 17, 17, 17, 17, 17, 17, 17, 17, 17, 17, 17, 17, 17, 17, 17, 17, 17, 17, 17, 17, 17, 17, 17, 17, 17, 17, 17, 17, 17, 17, 17, 17, 17, 17, 17, 17, 17, 17, 17, 17, 17, 17, 17, 17, 17, 17, 36, 36, 36, 36, 36, 36, 36, 36, 36, 36, 36, 36, 36, 36, 36, 36, 36, 36, 36, 36, 36, 36, 36, 36, 36, 36, 36, 36, 36, 36, 36, 36, 36, 36, 36, 36]","[8.0, 8.0, 8.0, 8.0, 8.5]","[8.0, 8.0]","[8.0, 8.0, 8.5]",rgb/live/Synchro_004/21,109,065977.jpg,066085.jpg,rgb/replay1/Synchro_004/21,112,066319.jpg,066430.jpg,masks/live/Synchro_004/21,109,True,,0,False,unknown_existing_segmentation_output,[],masks/replay1/Synchro_004/21,predicted_input,True
2.0,Synchro_004/22,Synchro_004,22,train,5154b,90.78,3.4,68061,68183,41,89,4,"[41, 54, 75, 89]",123,"[1, 1, 1, 1, 1, 1, 1, 1, 1, 1, 1, 1, 1, 1, 1, 1, 1, 1, 1, 1, 1, 1, 1, 1, 1, 1, 1, 1, 1, 1, 1, 1, 1, 1, 1, 1, 1, 1, 1, 1, 1, 1, 15, 15, 15, 15, 15, 15, 15, 15, 15, 15, 15, 15, 15, 32, 32, 32, 32, 32, 32, 32, 32, 32, 32, 32, 32, 32, 32, 32, 32, 32, 32, 32, 32, 32, 15, 15, 15, 15, 15, 15, 15, 15, 15, 15, 15, 15, 15, 15, 36, 36, 36, 36, 36, 36, 36, 36, 36, 36, 36, 36, 36, 36, 36, 36, 36, 36, 36, 36, 36, 36, 36, 36, 36, 36, 36, 36, 36, 36, 36, 36, 36]","[8.5, 9.0, 9.0, 9.0, 9.0]","[8.5, 9.0]","[9.0, 9.0, 9.0]",rgb/live/Synchro_004/22,123,068061.jpg,068183.jpg,rgb/replay1/Synchro_004/22,137,068550.jpg,068686.jpg,masks/live/Synchro_004/22,123,True,Trimmed_Diving_Video_Frames/TEMP_LIVE/Replay2/Synchro_004/22,109,True,unknown_existing_segmentation_output,[],masks/replay1/Synchro_004/22,predicted_input,True
2.0,Synchro_004/23,Synchro_004,23,test,407c,74.46,3.4,74498,74608,30,71,2,"[30, 71]",111,"[4, 4, 4, 4, 4, 4, 4, 4, 4, 4, 4, 4, 4, 4, 4, 4, 4, 4, 4, 4, 4, 4, 4, 4, 4, 4, 4, 4, 4, 4, 4, 25, 25, 25, 25, 25, 25, 25, 25, 25, 25, 25, 25, 25, 25, 25, 25, 25, 25, 25, 25, 25, 25, 25, 25, 25, 25, 25, 25, 25, 25, 25, 25, 25, 25, 25, 25, 25, 25, 25, 25, 25, 36, 36, 36, 36, 36, 36, 36, 36, 36, 36, 36, 36, 36, 36, 36, 36, 36, 36, 36, 36, 36, 36, 36, 36, 36, 36, 36, 36, 36, 36, 36, 36, 36, 36, 36, 36, 36, 36, 36]","[6.0, 6.5, 7.5, 8.0, 8.5]","[6.0, 6.5]","[7.5, 8.0, 8.5]",rgb/live/Synchro_004/23,111,074498.jpg,074608.jpg,rgb/replay1/Synchro_004/23,111,074804.jpg,074914.jpg,masks/live/Synchro_004/23,111,True,,0,False,unknown_existing_segmentation_output,[],masks/replay1/Synchro_004/23,predicted_input,True
2.0,Synchro_004/24,Synchro_004,24,train,5337d,78.75,3.5,78274,78400,36,85,3,"[36, 78, 85]",127,"[3, 3, 3, 3, 3, 3, 3, 3, 3, 3, 3, 3, 3, 3, 3, 3, 3, 3, 3, 3, 3, 3, 3, 3, 3, 3, 3, 3, 3, 3, 3, 3, 3, 3, 3, 3, 3, 35, 35, 35, 35, 35, 35, 35, 35, 35, 35, 35, 35, 35, 35, 35, 35, 35, 35, 35, 35, 35, 35, 35, 35, 35, 35, 35, 35, 35, 35, 35, 35, 35, 35, 35, 35, 35, 35, 35, 35, 35, 35, 13, 13, 13, 13, 13, 13, 13, 36, 36, 36, 36, 36, 36, 36, 36, 36, 36, 36, 36, 36, 36, 36, 36, 36, 36, 36, 36, 36, 36, 36, 36, 36, 36, 36, 36, 36, 36, 36, 36, 36, 36, 36, 36, 36, 36, 36, 36, 36]","[7.0, 7.0, 7.5, 8.0, 8.0]","[7.0, 7.0]","[7.5, 8.0, 8.0]",rgb/live/Synchro_004/24,127,078274.jpg,078400.jpg,rgb/replay1/Synchro_004/24,143,078772.jpg,078914.jpg,masks/live/Synchro_004/24,127,True,Trimmed_Diving_Video_Frames/TEMP_LIVE/Replay2/Synchro_004/24,100,True,unknown_existing_segmentation_output,[],masks/replay1/Synchro_004/24,predicted_input,True
2.0,Synchro_004/25,Synchro_004,25,validation,5154b,72.42,3.4,84287,84406,36,83,4,"[36, 50, 74, 83]",120,"[1, 1, 1, 1, 1, 1, 1, 1, 1, 1, 1, 1, 1, 1, 1, 1, 1, 1, 1, 1, 1, 1, 1, 1, 1, 1, 1, 1, 1, 1, 1, 1, 1, 1, 1, 1, 1, 15, 15, 15, 15, 15, 15, 15, 15, 15, 15, 15, 15, 15, 15, 32, 32, 32, 32, 32, 32, 32, 32, 32, 32, 32, 32, 32, 32, 32, 32, 32, 32, 32, 32, 32, 32, 32, 32, 15, 15, 15, 15, 15, 15, 15, 15, 15, 36, 36, 36, 36, 36, 36, 36, 36, 36, 36, 36, 36, 36, 36, 36, 36, 36, 36, 36, 36, 36, 36, 36, 36, 36, 36, 36, 36, 36, 36, 36, 36, 36, 36, 36, 36]","[7.5, 6.5, 7.5, 7.0, 7.0]","[7.5, 6.5]","[7.5, 7.0, 7.0]",rgb/live/Synchro_004/25,120,084287.jpg,084406.jpg,rgb/replay1/Synchro_004/25,124,084607.jpg,084730.jpg,masks/live/Synchro_004/25,120,True,,0,False,unknown_existing_segmentation_output,[],masks/replay1/Synchro_004/25,predicted_input,True
2.0,Synchro_004/26,Synchro_004,26,train,5154b,79.56,3.4,88197,88315,33,80,4,"[33, 46, 69, 80]",119,"[1, 1, 1, 1, 1, 1, 1, 1, 1, 1, 1, 1, 1, 1, 1, 1, 1, 1, 1, 1, 1, 1, 1, 1, 1, 1, 1, 1, 1, 1, 1, 1, 1, 1, 15, 15, 15, 15, 15, 15, 15, 15, 15, 15, 15, 15, 15, 32, 32, 32, 32, 32, 32, 32, 32, 32, 32, 32, 32, 32, 32, 32, 32, 32, 32, 32, 32, 32, 32, 32, 15, 15, 15, 15, 15, 15, 15, 15, 15, 15, 15, 36, 36, 36, 36, 36, 36, 36, 36, 36, 36, 36, 36, 36, 36, 36, 36, 36, 36, 36, 36, 36, 36, 36, 36, 36, 36, 36, 36, 36, 36, 36, 36, 36, 36, 36, 36, 36, 36]","[8.0, 7.0, 7.5, 8.0, 8.5]","[8.0, 7.0]","[7.5, 8.0, 8.5]",rgb/live/Synchro_004/26,119,088197.jpg,088315.jpg,rgb/replay1/Synchro_004/26,141,088666.jpg,088806.jpg,masks/live/Synchro_004/26,119,True,Trimmed_Diving_Video_Frames/TEMP_LIVE/Replay2/Synchro_004/26,102,True,unknown_existing_segmentation_output,[],masks/replay1/Synchro_004/26,predicted_input,True
2.0,Synchro_004/27,Synchro_004,27,validation,5337d,98.7,3.5,90233,90328,9,54,3,"[9, 47, 54]",96,"[3, 3, 3, 3, 3, 3, 3, 3, 3, 3, 35, 35, 35, 35, 35, 35, 35, 35, 35, 35, 35, 35, 35, 35, 35, 35, 35, 35, 35, 35, 35, 35, 35, 35, 35, 35, 35, 35, 35, 35, 35, 35, 35, 35, 35, 35, 35, 35, 13, 13, 13, 13, 13, 13, 13, 36, 36, 36, 36, 36, 36, 36, 36, 36, 36, 36, 36, 36, 36, 36, 36, 36, 36, 36, 36, 36, 36, 36, 36, 36, 36, 36, 36, 36, 36, 36, 36, 36, 36, 36, 36, 36, 36, 36, 36, 36]","[9.5, 9.0, 9.5, 9.5, 9.5]","[9.5, 9.0]","[9.5, 9.5, 9.5]",rgb/live/Synchro_004/27,96,090233.jpg,090328.jpg,rgb/replay1/Synchro_004/27,143,090727.jpg,090869.jpg,masks/live/Synchro_004/27,96,True,Trimmed_Diving_Video_Frames/TEMP_LIVE/Replay2/Synchro_004/27,110,True,unknown_existing_segmentation_output,[],masks/replay1/Synchro_004/27,predicted_input,True
2.0,Synchro_004/28,Synchro_004,28,train,407c,87.72,3.4,92532,92637,20,60,2,"[20, 60]",106,"[4, 4, 4, 4, 4, 4, 4, 4, 4, 4, 4, 4, 4, 4, 4, 4, 4, 4, 4, 4, 4, 25, 25, 25, 25, 25, 25, 25, 25, 25, 25, 25, 25, 25, 25, 25, 25, 25, 25, 25, 25, 25, 25, 25, 25, 25, 25, 25, 25, 25, 25, 25, 25, 25, 25, 25, 25, 25, 25, 25, 25, 36, 36, 36, 36, 36, 36, 36, 36, 36, 36, 36, 36, 36, 36, 36, 36, 36, 36, 36, 36, 36, 36, 36, 36, 36, 36, 36, 36, 36, 36, 36, 36, 36, 36, 36, 36, 36, 36, 36, 36, 36, 36, 36, 36, 36]","[8.5, 8.0, 9.0, 8.5, 9.0]","[8.5, 8.0]","[9.0, 8.5, 9.0]",rgb/live/Synchro_004/28,106,092532.jpg,092637.jpg,rgb/replay1/Synchro_004/28,118,092964.jpg,093081.jpg,masks/live/Synchro_004/28,106,True,,0,False,unknown_existing_segmentation_output,[],masks/replay1/Synchro_004/28,predicted_input,True
2.0,Synchro_004/29,Synchro_004,29,train,307c,79.8,3.5,99684,99810,35,82,2,"[35, 82]",127,"[3, 3, 3, 3, 3, 3, 3, 3, 3, 3, 3, 3, 3, 3, 3, 3, 3, 3, 3, 3, 3, 3, 3, 3, 3, 3, 3, 3, 3, 3, 3, 3, 3, 3, 3, 3, 25, 25, 25, 25, 25, 25, 25, 25, 25, 25, 25, 25, 25, 25, 25, 25, 25, 25, 25, 25, 25, 25, 25, 25, 25, 25, 25, 25, 25, 25, 25, 25, 25, 25, 25, 25, 25, 25, 25, 25, 25, 25, 25, 25, 25, 25, 25, 36, 36, 36, 36, 36, 36, 36, 36, 36, 36, 36, 36, 36, 36, 36, 36, 36, 36, 36, 36, 36, 36, 36, 36, 36, 36, 36, 36, 36, 36, 36, 36, 36, 36, 36, 36, 36, 36, 36, 36, 36, 36, 36, 36]","[7.5, 7.0, 7.5, 8.0, 8.0]","[7.5, 7.0]","[7.5, 8.0, 8.0]",rgb/live/Synchro_004/29,127,099684.jpg,099810.jpg,rgb/replay1/Synchro_004/29,121,100040.jpg,100160.jpg,masks/live/Synchro_004/29,127,True,,0,False,unknown_existing_segmentation_output,[],masks/replay1/Synchro_004/29,predicted_input,True
2.0,Synchro_004/30,Synchro_004,30,train,307c,80.85,3.5,101406,101528,39,84,2,"[39, 84]",123,"[3, 3, 3, 3, 3, 3, 3, 3, 3, 3, 3, 3, 3, 3, 3, 3, 3, 3, 3, 3, 3, 3, 3, 3, 3, 3, 3, 3, 3, 3, 3, 3, 3, 3, 3, 3, 3, 3, 3, 3, 25, 25, 25, 25, 25, 25, 25, 25, 25, 25, 25, 25, 25, 25, 25, 25, 25, 25, 25, 25, 25, 25, 25, 25, 25, 25, 25, 25, 25, 25, 25, 25, 25, 25, 25, 25, 25, 25, 25, 25, 25, 25, 25, 25, 25, 36, 36, 36, 36, 36, 36, 36, 36, 36, 36, 36, 36, 36, 36, 36, 36, 36, 36, 36, 36, 36, 36, 36, 36, 36, 36, 36, 36, 36, 36, 36, 36, 36, 36, 36, 36, 36, 36]","[7.0, 7.0, 8.0, 8.0, 8.5]","[7.0, 7.0]","[8.0, 8.0, 8.5]",rgb/live/Synchro_004/30,123,101406.jpg,101528.jpg,rgb/replay1/Synchro_004/30,135,101932.jpg,102066.jpg,masks/live/Synchro_004/30,123,True,,0,False,unknown_existing_segmentation_output,[],masks/replay1/Synchro_004/30,predicted_input,True
2.0,Synchro_004/31,Synchro_004,31,validation,407c,68.34,3.4,105882,105980,10,49,2,"[10, 49]",99,"[4, 4, 4, 4, 4, 4, 4, 4, 4, 4, 4, 25, 25, 25, 25, 25, 25, 25, 25, 25, 25, 25, 25, 25, 25, 25, 25, 25, 25, 25, 25, 25, 25, 25, 25, 25, 25, 25, 25, 25, 25, 25, 25, 25, 25, 25, 25, 25, 25, 25, 36, 36, 36, 36, 36, 36, 36, 36, 36, 36, 36, 36, 36, 36, 36, 36, 36, 36, 36, 36, 36, 36, 36, 36, 36, 36, 36, 36, 36, 36, 36, 36, 36, 36, 36, 36, 36, 36, 36, 36, 36, 36, 36, 36, 36, 36, 36, 36, 36]","[7.0, 5.5, 7.0, 7.0, 7.0]","[7.0, 5.5]","[7.0, 7.0, 7.0]",rgb/live/Synchro_004/31,99,105882.jpg,105980.jpg,rgb/replay1/Synchro_004/31,100,106201.jpg,106300.jpg,masks/live/Synchro_004/31,99,True,,0,False,unknown_existing_segmentation_output,[],masks/replay1/Synchro_004/31,predicted_input,True
2.0,Synchro_004/32,Synchro_004,32,train,5337d,77.7,3.5,117993,118115,36,86,3,"[36, 76, 86]",123,"[3, 3, 3, 3, 3, 3, 3, 3, 3, 3, 3, 3, 3, 3, 3, 3, 3, 3, 3, 3, 3, 3, 3, 3, 3, 3, 3, 3, 3, 3, 3, 3, 3, 3, 3, 3, 3, 35, 35, 35, 35, 35, 35, 35, 35, 35, 35, 35, 35, 35, 35, 35, 35, 35, 35, 35, 35, 35, 35, 35, 35, 35, 35, 35, 35, 35, 35, 35, 35, 35, 35, 35, 35, 35, 35, 35, 35, 13, 13, 13, 13, 13, 13, 13, 13, 13, 13, 36, 36, 36, 36, 36, 36, 36, 36, 36, 36, 36, 36, 36, 36, 36, 36, 36, 36, 36, 36, 36, 36, 36, 36, 36, 36, 36, 36, 36, 36, 36, 36, 36, 36, 36, 36]","[7.0, 6.5, 7.5, 8.0, 8.0]","[7.0, 6.5]","[7.5, 8.0, 8.0]",rgb/live/Synchro_004/32,123,117993.jpg,118115.jpg,rgb/replay1/Synchro_004/32,141,118402.jpg,118542.jpg,masks/live/Synchro_004/32,123,True,,0,False,unknown_existing_segmentation_output,[],masks/replay1/Synchro_004/32,predicted_input,True
2.0,Synchro_004/33,Synchro_004,33,validation,5337d,82.95,3.5,120337,120470,42,111,3,"[42, 99, 111]",134,"[3, 3, 3, 3, 3, 3, 3, 3, 3, 3, 3, 3, 3, 3, 3, 3, 3, 3, 3, 3, 3, 3, 3, 3, 3, 3, 3, 3, 3, 3, 3, 3, 3, 3, 3, 3, 3, 3, 3, 3, 3, 3, 3, 35, 35, 35, 35, 35, 35, 35, 35, 35, 35, 35, 35, 35, 35, 35, 35, 35, 35, 35, 35, 35, 35, 35, 35, 35, 35, 35, 35, 35, 35, 35, 35, 35, 35, 35, 35, 35, 35, 35, 35, 35, 35, 35, 35, 35, 35, 35, 35, 35, 35, 35, 35, 35, 35, 35, 35, 35, 13, 13, 13, 13, 13, 13, 13, 13, 13, 13, 13, 13, 36, 36, 36, 36, 36, 36, 36, 36, 36, 36, 36, 36, 36, 36, 36, 36, 36, 36, 36, 36, 36, 36]","[7.5, 7.0, 8.0, 8.5, 8.5]","[7.5, 7.0]","[8.0, 8.5, 8.5]",rgb/live/Synchro_004/33,134,120337.jpg,120470.jpg,rgb/replay1/Synchro_004/33,141,120480.jpg,120620.jpg,masks/live/Synchro_004/33,134,True,,0,False,unknown_existing_segmentation_output,[],masks/replay1/Synchro_004/33,predicted_input,True
2.0,Synchro_004/34,Synchro_004,34,train,109c,72.96,3.8,121971,122078,16,66,2,"[16, 66]",108,"[1, 1, 1, 1, 1, 1, 1, 1, 1, 1, 1, 1, 1, 1, 1, 1, 1, 27, 27, 27, 27, 27, 27, 27, 27, 27, 27, 27, 27, 27, 27, 27, 27, 27, 27, 27, 27, 27, 27, 27, 27, 27, 27, 27, 27, 27, 27, 27, 27, 27, 27, 27, 27, 27, 27, 27, 27, 27, 27, 27, 27, 27, 27, 27, 27, 27, 27, 36, 36, 36, 36, 36, 36, 36, 36, 36, 36, 36, 36, 36, 36, 36, 36, 36, 36, 36, 36, 36, 36, 36, 36, 36, 36, 36, 36, 36, 36, 36, 36, 36, 36, 36, 36, 36, 36, 36, 36, 36]","[5.0, 6.5, 7.0, 6.5, 7.0]","[5.0, 6.5]","[7.0, 6.5, 7.0]",rgb/live/Synchro_004/34,108,121971.jpg,122078.jpg,rgb/replay1/Synchro_004/34,124,122389.jpg,122512.jpg,masks/live/Synchro_004/34,108,True,Trimmed_Diving_Video_Frames/TEMP_LIVE/Replay2/Synchro_004/34,115,True,unknown_existing_segmentation_output,[],masks/replay1/Synchro_004/34,predicted_input,True
2.0,Synchro_004/35,Synchro_004,35,train,5253b,73.44,3.4,124081,124176,0,39,3,"[0, 18, 39]",96,"[2, 31, 31, 31, 31, 31, 31, 31, 31, 31, 31, 31, 31, 31, 31, 31, 31, 31, 31, 15, 15, 15, 15, 15, 15, 15, 15, 15, 15, 15, 15, 15, 15, 15, 15, 15, 15, 15, 15, 15, 36, 36, 36, 36, 36, 36, 36, 36, 36, 36, 36, 36, 36, 36, 36, 36, 36, 36, 36, 36, 36, 36, 36, 36, 36, 36, 36, 36, 36, 36, 36, 36, 36, 36, 36, 36, 36, 36, 36, 36, 36, 36, 36, 36, 36, 36, 36, 36, 36, 36, 36, 36, 36, 36, 36, 36]","[6.0, 7.0, 7.5, 7.5, 8.0]","[6.0, 7.0]","[7.5, 7.5, 8.0]",rgb/live/Synchro_004/35,96,124081.jpg,124176.jpg,rgb/replay1/Synchro_004/35,119,124448.jpg,124566.jpg,masks/live/Synchro_004/35,96,True,,0,False,unknown_existing_segmentation_output,[],masks/replay1/Synchro_004/35,predicted_input,True
2.0,Synchro_005/0,Synchro_005,0,validation,201b,49.2,2.0,21931,22026,25,55,2,"[25, 55]",96,"[2, 2, 2, 2, 2, 2, 2, 2, 2, 2, 2, 2, 2, 2, 2, 2, 2, 2, 2, 2, 2, 2, 2, 2, 2, 2, 37, 37, 37, 37, 37, 37, 37, 37, 37, 37, 37, 37, 37, 37, 37, 37, 37, 37, 37, 37, 37, 37, 37, 37, 37, 37, 37, 37, 37, 37, 36, 36, 36, 36, 36, 36, 36, 36, 36, 36, 36, 36, 36, 36, 36, 36, 36, 36, 36, 36, 36, 36, 36, 36, 36, 36, 36, 36, 36, 36, 36, 36, 36, 36, 36, 36, 36, 36, 36, 36]","[8.5, 7.5, 8.5, 8.5, 8.0]","[8.5, 7.5]","[8.5, 8.5, 8.0]",rgb/live/Synchro_005/0,96,021931.jpg,022026.jpg,rgb/replay1/Synchro_005/0,112,022201.jpg,022312.jpg,masks/live/Synchro_005/0,96,True,Trimmed_Diving_Video_Frames/TEMP_LIVE/Replay2/Synchro_005/0,130,True,unknown_existing_segmentation_output,[],masks/replay1/Synchro_005/0,predicted_input,True
2.0,Synchro_005/1,Synchro_005,1,validation,201b,48.0,2.0,24130,24234,33,66,2,"[33, 66]",105,"[2, 2, 2, 2, 2, 2, 2, 2, 2, 2, 2, 2, 2, 2, 2, 2, 2, 2, 2, 2, 2, 2, 2, 2, 2, 2, 2, 2, 2, 2, 2, 2, 2, 2, 37, 37, 37, 37, 37, 37, 37, 37, 37, 37, 37, 37, 37, 37, 37, 37, 37, 37, 37, 37, 37, 37, 37, 37, 37, 37, 37, 37, 37, 37, 37, 37, 37, 36, 36, 36, 36, 36, 36, 36, 36, 36, 36, 36, 36, 36, 36, 36, 36, 36, 36, 36, 36, 36, 36, 36, 36, 36, 36, 36, 36, 36, 36, 36, 36, 36, 36, 36, 36, 36, 36]","[7.5, 8.0, 8.5, 8.0, 8.0]","[7.5, 8.0]","[8.5, 8.0, 8.0]",rgb/live/Synchro_005/1,105,024130.jpg,024234.jpg,rgb/replay1/Synchro_005/1,98,024497.jpg,024594.jpg,masks/live/Synchro_005/1,105,True,Trimmed_Diving_Video_Frames/TEMP_LIVE/Replay2/Synchro_005/1,113,True,unknown_existing_segmentation_output,[],masks/replay1/Synchro_005/1,predicted_input,True
2.0,Synchro_005/2,Synchro_005,2,validation,201b,52.8,2.0,26070,26165,8,43,2,"[8, 43]",96,"[2, 2, 2, 2, 2, 2, 2, 2, 2, 37, 37, 37, 37, 37, 37, 37, 37, 37, 37, 37, 37, 37, 37, 37, 37, 37, 37, 37, 37, 37, 37, 37, 37, 37, 37, 37, 37, 37, 37, 37, 37, 37, 37, 37, 36, 36, 36, 36, 36, 36, 36, 36, 36, 36, 36, 36, 36, 36, 36, 36, 36, 36, 36, 36, 36, 36, 36, 36, 36, 36, 36, 36, 36, 36, 36, 36, 36, 36, 36, 36, 36, 36, 36, 36, 36, 36, 36, 36, 36, 36, 36, 36, 36, 36, 36, 36]","[9.0, 8.5, 9.0, 8.5, 9.0]","[9.0, 8.5]","[9.0, 8.5, 9.0]",rgb/live/Synchro_005/2,96,026070.jpg,026165.jpg,rgb/replay1/Synchro_005/2,123,026498.jpg,026620.jpg,masks/live/Synchro_005/2,96,True,,0,False,unknown_existing_segmentation_output,[],masks/replay1/Synchro_005/2,predicted_input,True
2.0,Synchro_005/3,Synchro_005,3,train,401b,45.0,2.0,27959,28054,19,46,2,"[19, 46]",96,"[4, 4, 4, 4, 4, 4, 4, 4, 4, 4, 4, 4, 4, 4, 4, 4, 4, 4, 4, 4, 37, 37, 37, 37, 37, 37, 37, 37, 37, 37, 37, 37, 37, 37, 37, 37, 37, 37, 37, 37, 37, 37, 37, 37, 37, 37, 37, 36, 36, 36, 36, 36, 36, 36, 36, 36, 36, 36, 36, 36, 36, 36, 36, 36, 36, 36, 36, 36, 36, 36, 36, 36, 36, 36, 36, 36, 36, 36, 36, 36, 36, 36, 36, 36, 36, 36, 36, 36, 36, 36, 36, 36, 36, 36, 36, 36]","[7.0, 8.0, 7.5, 7.5, 7.5]","[7.0, 8.0]","[7.5, 7.5, 7.5]",rgb/live/Synchro_005/3,96,027959.jpg,028054.jpg,rgb/replay1/Synchro_005/3,141,028460.jpg,028600.jpg,masks/live/Synchro_005/3,96,True,,0,False,unknown_existing_segmentation_output,[],masks/replay1/Synchro_005/3,predicted_input,True
2.0,Synchro_005/4,Synchro_005,4,train,201b,44.4,2.0,29917,30022,33,64,2,"[33, 64]",106,"[2, 2, 2, 2, 2, 2, 2, 2, 2, 2, 2, 2, 2, 2, 2, 2, 2, 2, 2, 2, 2, 2, 2, 2, 2, 2, 2, 2, 2, 2, 2, 2, 2, 2, 37, 37, 37, 37, 37, 37, 37, 37, 37, 37, 37, 37, 37, 37, 37, 37, 37, 37, 37, 37, 37, 37, 37, 37, 37, 37, 37, 37, 37, 37, 37, 36, 36, 36, 36, 36, 36, 36, 36, 36, 36, 36, 36, 36, 36, 36, 36, 36, 36, 36, 36, 36, 36, 36, 36, 36, 36, 36, 36, 36, 36, 36, 36, 36, 36, 36, 36, 36, 36, 36, 36, 36]","[7.0, 7.5, 7.5, 7.5, 7.5]","[7.0, 7.5]","[7.5, 7.5, 7.5]",rgb/live/Synchro_005/4,106,029917.jpg,030022.jpg,rgb/replay1/Synchro_005/4,121,030364.jpg,030484.jpg,masks/live/Synchro_005/4,106,True,Trimmed_Diving_Video_Frames/TEMP_LIVE/Replay2/Synchro_005/4,95,True,unknown_existing_segmentation_output,[],masks/replay1/Synchro_005/4,predicted_input,True
2.0,Synchro_005/5,Synchro_005,5,train,101b,46.8,2.0,35125,35246,41,74,2,"[41, 74]",122,"[1, 1, 1, 1, 1, 1, 1, 1, 1, 1, 1, 1, 1, 1, 1, 1, 1, 1, 1, 1, 1, 1, 1, 1, 1, 1, 1, 1, 1, 1, 1, 1, 1, 1, 1, 1, 1, 1, 1, 1, 1, 1, 37, 37, 37, 37, 37, 37, 37, 37, 37, 37, 37, 37, 37, 37, 37, 37, 37, 37, 37, 37, 37, 37, 37, 37, 37, 37, 37, 37, 37, 37, 37, 37, 37, 36, 36, 36, 36, 36, 36, 36, 36, 36, 36, 36, 36, 36, 36, 36, 36, 36, 36, 36, 36, 36, 36, 36, 36, 36, 36, 36, 36, 36, 36, 36, 36, 36, 36, 36, 36, 36, 36, 36, 36, 36, 36, 36, 36, 36, 36, 36]","[7.5, 7.5, 8.0, 8.0, 8.0]","[7.5, 7.5]","[8.0, 8.0, 8.0]",rgb/live/Synchro_005/5,122,035125.jpg,035246.jpg,rgb/replay1/Synchro_005/5,134,035467.jpg,035600.jpg,masks/live/Synchro_005/5,122,True,Trimmed_Diving_Video_Frames/TEMP_LIVE/Replay2/Synchro_005/5,145,True,unknown_existing_segmentation_output,[],masks/replay1/Synchro_005/5,predicted_input,True
2.0,Synchro_005/6,Synchro_005,6,train,301b,48.0,2.0,36757,36876,44,76,2,"[44, 76]",120,"[3, 3, 3, 3, 3, 3, 3, 3, 3, 3, 3, 3, 3, 3, 3, 3, 3, 3, 3, 3, 3, 3, 3, 3, 3, 3, 3, 3, 3, 3, 3, 3, 3, 3, 3, 3, 3, 3, 3, 3, 3, 3, 3, 3, 3, 37, 37, 37, 37, 37, 37, 37, 37, 37, 37, 37, 37, 37, 37, 37, 37, 37, 37, 37, 37, 37, 37, 37, 37, 37, 37, 37, 37, 37, 37, 37, 37, 36, 36, 36, 36, 36, 36, 36, 36, 36, 36, 36, 36, 36, 36, 36, 36, 36, 36, 36, 36, 36, 36, 36, 36, 36, 36, 36, 36, 36, 36, 36, 36, 36, 36, 36, 36, 36, 36, 36, 36, 36, 36, 36]","[8.0, 8.0, 8.0, 8.0, 8.0]","[8.0, 8.0]","[8.0, 8.0, 8.0]",rgb/live/Synchro_005/6,120,036757.jpg,036876.jpg,rgb/replay1/Synchro_005/6,121,037267.jpg,037387.jpg,masks/live/Synchro_005/6,120,True,Trimmed_Diving_Video_Frames/TEMP_LIVE/Replay2/Synchro_005/6,126,True,unknown_existing_segmentation_output,[],masks/replay1/Synchro_005/6,predicted_input,True
2.0,Synchro_005/7,Synchro_005,7,train,301b,45.0,2.0,38402,38525,43,80,2,"[43, 80]",124,"[3, 3, 3, 3, 3, 3, 3, 3, 3, 3, 3, 3, 3, 3, 3, 3, 3, 3, 3, 3, 3, 3, 3, 3, 3, 3, 3, 3, 3, 3, 3, 3, 3, 3, 3, 3, 3, 3, 3, 3, 3, 3, 3, 3, 37, 37, 37, 37, 37, 37, 37, 37, 37, 37, 37, 37, 37, 37, 37, 37, 37, 37, 37, 37, 37, 37, 37, 37, 37, 37, 37, 37, 37, 37, 37, 37, 37, 37, 37, 37, 37, 36, 36, 36, 36, 36, 36, 36, 36, 36, 36, 36, 36, 36, 36, 36, 36, 36, 36, 36, 36, 36, 36, 36, 36, 36, 36, 36, 36, 36, 36, 36, 36, 36, 36, 36, 36, 36, 36, 36, 36, 36, 36, 36]","[7.0, 8.0, 7.5, 7.5, 7.5]","[7.0, 8.0]","[7.5, 7.5, 7.5]",rgb/live/Synchro_005/7,124,038402.jpg,038525.jpg,rgb/replay1/Synchro_005/7,116,038735.jpg,038850.jpg,masks/live/Synchro_005/7,124,True,,0,False,unknown_existing_segmentation_output,[],masks/replay1/Synchro_005/7,predicted_input,True
2.0,Synchro_005/8,Synchro_005,8,train,301b,51.0,2.0,40490,40606,43,81,2,"[43, 81]",117,"[3, 3, 3, 3, 3, 3, 3, 3, 3, 3, 3, 3, 3, 3, 3, 3, 3, 3, 3, 3, 3, 3, 3, 3, 3, 3, 3, 3, 3, 3, 3, 3, 3, 3, 3, 3, 3, 3, 3, 3, 3, 3, 3, 3, 37, 37, 37, 37, 37, 37, 37, 37, 37, 37, 37, 37, 37, 37, 37, 37, 37, 37, 37, 37, 37, 37, 37, 37, 37, 37, 37, 37, 37, 37, 37, 37, 37, 37, 37, 37, 37, 37, 36, 36, 36, 36, 36, 36, 36, 36, 36, 36, 36, 36, 36, 36, 36, 36, 36, 36, 36, 36, 36, 36, 36, 36, 36, 36, 36, 36, 36, 36, 36, 36, 36, 36, 36]","[9.0, 8.0, 8.5, 8.5, 8.5]","[9.0, 8.0]","[8.5, 8.5, 8.5]",rgb/live/Synchro_005/8,117,040490.jpg,040606.jpg,rgb/replay1/Synchro_005/8,149,041011.jpg,041159.jpg,masks/live/Synchro_005/8,117,True,,0,False,unknown_existing_segmentation_output,[],masks/replay1/Synchro_005/8,predicted_input,True
2.0,Synchro_005/9,Synchro_005,9,train,301b,47.4,2.0,42224,42343,44,77,2,"[44, 77]",120,"[3, 3, 3, 3, 3, 3, 3, 3, 3, 3, 3, 3, 3, 3, 3, 3, 3, 3, 3, 3, 3, 3, 3, 3, 3, 3, 3, 3, 3, 3, 3, 3, 3, 3, 3, 3, 3, 3, 3, 3, 3, 3, 3, 3, 3, 37, 37, 37, 37, 37, 37, 37, 37, 37, 37, 37, 37, 37, 37, 37, 37, 37, 37, 37, 37, 37, 37, 37, 37, 37, 37, 37, 37, 37, 37, 37, 37, 37, 36, 36, 36, 36, 36, 36, 36, 36, 36, 36, 36, 36, 36, 36, 36, 36, 36, 36, 36, 36, 36, 36, 36, 36, 36, 36, 36, 36, 36, 36, 36, 36, 36, 36, 36, 36, 36, 36, 36, 36, 36, 36]","[7.5, 8.0, 8.0, 8.0, 8.0]","[7.5, 8.0]","[8.0, 8.0, 8.0]",rgb/live/Synchro_005/9,120,042224.jpg,042343.jpg,rgb/replay1/Synchro_005/9,137,042649.jpg,042785.jpg,masks/live/Synchro_005/9,120,True,,0,False,unknown_existing_segmentation_output,[],masks/replay1/Synchro_005/9,predicted_input,True
2.0,Synchro_005/10,Synchro_005,10,test,5152b,72.0,3.0,93576,93693,38,82,4,"[38, 56, 71, 82]",118,"[1, 1, 1, 1, 1, 1, 1, 1, 1, 1, 1, 1, 1, 1, 1, 1, 1, 1, 1, 1, 1, 1, 1, 1, 1, 1, 1, 1, 1, 1, 1, 1, 1, 1, 1, 1, 1, 1, 1, 15, 15, 15, 15, 15, 15, 15, 15, 15, 15, 15, 15, 15, 15, 15, 15, 15, 15, 30, 30, 30, 30, 30, 30, 30, 30, 30, 30, 30, 30, 30, 30, 30, 15, 15, 15, 15, 15, 15, 15, 15, 15, 15, 15, 36, 36, 36, 36, 36, 36, 36, 36, 36, 36, 36, 36, 36, 36, 36, 36, 36, 36, 36, 36, 36, 36, 36, 36, 36, 36, 36, 36, 36, 36, 36, 36, 36, 36, 36]","[8.0, 8.0, 8.0, 8.0, 8.0]","[8.0, 8.0]","[8.0, 8.0, 8.0]",rgb/live/Synchro_005/10,118,093576.jpg,093693.jpg,rgb/replay1/Synchro_005/10,123,094075.jpg,094197.jpg,masks/live/Synchro_005/10,118,True,Trimmed_Diving_Video_Frames/TEMP_LIVE/Replay2/Synchro_005/10,104,True,unknown_existing_segmentation_output,[],masks/replay1/Synchro_005/10,predicted_input,True
2.0,Synchro_005/11,Synchro_005,11,test,301b,49.8,2.0,46161,46273,42,77,2,"[42, 77]",113,"[3, 3, 3, 3, 3, 3, 3, 3, 3, 3, 3, 3, 3, 3, 3, 3, 3, 3, 3, 3, 3, 3, 3, 3, 3, 3, 3, 3, 3, 3, 3, 3, 3, 3, 3, 3, 3, 3, 3, 3, 3, 3, 3, 37, 37, 37, 37, 37, 37, 37, 37, 37, 37, 37, 37, 37, 37, 37, 37, 37, 37, 37, 37, 37, 37, 37, 37, 37, 37, 37, 37, 37, 37, 37, 37, 37, 37, 37, 36, 36, 36, 36, 36, 36, 36, 36, 36, 36, 36, 36, 36, 36, 36, 36, 36, 36, 36, 36, 36, 36, 36, 36, 36, 36, 36, 36, 36, 36, 36, 36, 36, 36, 36]","[8.5, 8.5, 8.5, 8.0, 8.0]","[8.5, 8.5]","[8.5, 8.0, 8.0]",rgb/live/Synchro_005/11,113,046161.jpg,046273.jpg,rgb/replay1/Synchro_005/11,145,046747.jpg,046891.jpg,masks/live/Synchro_005/11,113,True,Trimmed_Diving_Video_Frames/TEMP_LIVE/Replay2/Synchro_005/11,125,True,unknown_existing_segmentation_output,[],masks/replay1/Synchro_005/11,predicted_input,True
2.0,Synchro_005/12,Synchro_005,12,train,205b,51.3,3.0,49354,49470,30,70,2,"[30, 70]",117,"[2, 2, 2, 2, 2, 2, 2, 2, 2, 2, 2, 2, 2, 2, 2, 2, 2, 2, 2, 2, 2, 2, 2, 2, 2, 2, 2, 2, 2, 2, 2, 15, 15, 15, 15, 15, 15, 15, 15, 15, 15, 15, 15, 15, 15, 15, 15, 15, 15, 15, 15, 15, 15, 15, 15, 15, 15, 15, 15, 15, 15, 15, 15, 15, 15, 15, 15, 15, 15, 15, 15, 36, 36, 36, 36, 36, 36, 36, 36, 36, 36, 36, 36, 36, 36, 36, 36, 36, 36, 36, 36, 36, 36, 36, 36, 36, 36, 36, 36, 36, 36, 36, 36, 36, 36, 36, 36, 36, 36, 36, 36, 36, 36, 36, 36, 36, 36]","[4.0, 6.0, 6.0, 6.0, 6.5]","[4.0, 6.0]","[6.0, 6.0, 6.5]",rgb/live/Synchro_005/12,117,049354.jpg,049470.jpg,rgb/replay1/Synchro_005/12,106,049733.jpg,049838.jpg,masks/live/Synchro_005/12,117,True,,0,False,unknown_existing_segmentation_output,[],masks/replay1/Synchro_005/12,predicted_input,True
2.0,Synchro_005/13,Synchro_005,13,train,107b,64.17,3.1,50948,51072,39,86,2,"[39, 86]",125,"[1, 1, 1, 1, 1, 1, 1, 1, 1, 1, 1, 1, 1, 1, 1, 1, 1, 1, 1, 1, 1, 1, 1, 1, 1, 1, 1, 1, 1, 1, 1, 1, 1, 1, 1, 1, 1, 1, 1, 1, 17, 17, 17, 17, 17, 17, 17, 17, 17, 17, 17, 17, 17, 17, 17, 17, 17, 17, 17, 17, 17, 17, 17, 17, 17, 17, 17, 17, 17, 17, 17, 17, 17, 17, 17, 17, 17, 17, 17, 17, 17, 17, 17, 17, 17, 17, 17, 36, 36, 36, 36, 36, 36, 36, 36, 36, 36, 36, 36, 36, 36, 36, 36, 36, 36, 36, 36, 36, 36, 36, 36, 36, 36, 36, 36, 36, 36, 36, 36, 36, 36, 36, 36, 36, 36]","[6.5, 7.0, 7.0, 7.0, 7.0]","[6.5, 7.0]","[7.0, 7.0, 7.0]",rgb/live/Synchro_005/13,125,050948.jpg,051072.jpg,rgb/replay1/Synchro_005/13,137,051444.jpg,051580.jpg,masks/live/Synchro_005/13,125,True,Trimmed_Diving_Video_Frames/TEMP_LIVE/Replay2/Synchro_005/13,125,True,unknown_existing_segmentation_output,[],masks/replay1/Synchro_005/13,predicted_input,True
2.0,Synchro_005/14,Synchro_005,14,train,5152b,60.3,3.0,52775,52895,37,81,4,"[37, 55, 69, 81]",121,"[1, 1, 1, 1, 1, 1, 1, 1, 1, 1, 1, 1, 1, 1, 1, 1, 1, 1, 1, 1, 1, 1, 1, 1, 1, 1, 1, 1, 1, 1, 1, 1, 1, 1, 1, 1, 1, 1, 15, 15, 15, 15, 15, 15, 15, 15, 15, 15, 15, 15, 15, 15, 15, 15, 15, 15, 30, 30, 30, 30, 30, 30, 30, 30, 30, 30, 30, 30, 30, 30, 15, 15, 15, 15, 15, 15, 15, 15, 15, 15, 15, 15, 36, 36, 36, 36, 36, 36, 36, 36, 36, 36, 36, 36, 36, 36, 36, 36, 36, 36, 36, 36, 36, 36, 36, 36, 36, 36, 36, 36, 36, 36, 36, 36, 36, 36, 36, 36, 36, 36, 36]","[6.5, 6.5, 7.0, 6.5, 7.0]","[6.5, 6.5]","[7.0, 6.5, 7.0]",rgb/live/Synchro_005/14,121,052775.jpg,052895.jpg,rgb/replay1/Synchro_005/14,120,053196.jpg,053315.jpg,masks/live/Synchro_005/14,121,True,,0,False,unknown_existing_segmentation_output,[],masks/replay1/Synchro_005/14,predicted_input,True
2.0,Synchro_005/15,Synchro_005,15,test,5152b,63.0,3.0,58875,58993,35,79,4,"[35, 51, 66, 79]",119,"[1, 1, 1, 1, 1, 1, 1, 1, 1, 1, 1, 1, 1, 1, 1, 1, 1, 1, 1, 1, 1, 1, 1, 1, 1, 1, 1, 1, 1, 1, 1, 1, 1, 1, 1, 1, 15, 15, 15, 15, 15, 15, 15, 15, 15, 15, 15, 15, 15, 15, 15, 15, 30, 30, 30, 30, 30, 30, 30, 30, 30, 30, 30, 30, 30, 30, 30, 15, 15, 15, 15, 15, 15, 15, 15, 15, 15, 15, 15, 15, 36, 36, 36, 36, 36, 36, 36, 36, 36, 36, 36, 36, 36, 36, 36, 36, 36, 36, 36, 36, 36, 36, 36, 36, 36, 36, 36, 36, 36, 36, 36, 36, 36, 36, 36, 36, 36, 36, 36]","[7.0, 6.0, 7.5, 7.0, 7.5]","[7.0, 6.0]","[7.5, 7.0, 7.5]",rgb/live/Synchro_005/15,119,058875.jpg,058993.jpg,rgb/replay1/Synchro_005/15,119,059242.jpg,059360.jpg,masks/live/Synchro_005/15,119,True,,0,False,unknown_existing_segmentation_output,[],masks/replay1/Synchro_005/15,predicted_input,True
2.0,Synchro_005/16,Synchro_005,16,train,405b,65.7,3.0,61308,61413,30,67,2,"[30, 67]",106,"[4, 4, 4, 4, 4, 4, 4, 4, 4, 4, 4, 4, 4, 4, 4, 4, 4, 4, 4, 4, 4, 4, 4, 4, 4, 4, 4, 4, 4, 4, 4, 15, 15, 15, 15, 15, 15, 15, 15, 15, 15, 15, 15, 15, 15, 15, 15, 15, 15, 15, 15, 15, 15, 15, 15, 15, 15, 15, 15, 15, 15, 15, 15, 15, 15, 15, 15, 15, 36, 36, 36, 36, 36, 36, 36, 36, 36, 36, 36, 36, 36, 36, 36, 36, 36, 36, 36, 36, 36, 36, 36, 36, 36, 36, 36, 36, 36, 36, 36, 36, 36, 36, 36, 36, 36, 36]","[7.0, 6.5, 7.5, 7.5, 8.0]","[7.0, 6.5]","[7.5, 7.5, 8.0]",rgb/live/Synchro_005/16,106,061308.jpg,061413.jpg,rgb/replay1/Synchro_005/16,133,061778.jpg,061910.jpg,masks/live/Synchro_005/16,106,True,Trimmed_Diving_Video_Frames/TEMP_LIVE/Replay2/Synchro_005/16,100,True,unknown_existing_segmentation_output,[],masks/replay1/Synchro_005/16,predicted_input,True
2.0,Synchro_005/17,Synchro_005,17,train,305b,50.4,3.0,65716,65840,39,82,2,"[39, 82]",125,"[3, 3, 3, 3, 3, 3, 3, 3, 3, 3, 3, 3, 3, 3, 3, 3, 3, 3, 3, 3, 3, 3, 3, 3, 3, 3, 3, 3, 3, 3, 3, 3, 3, 3, 3, 3, 3, 3, 3, 3, 15, 15, 15, 15, 15, 15, 15, 15, 15, 15, 15, 15, 15, 15, 15, 15, 15, 15, 15, 15, 15, 15, 15, 15, 15, 15, 15, 15, 15, 15, 15, 15, 15, 15, 15, 15, 15, 15, 15, 15, 15, 15, 15, 36, 36, 36, 36, 36, 36, 36, 36, 36, 36, 36, 36, 36, 36, 36, 36, 36, 36, 36, 36, 36, 36, 36, 36, 36, 36, 36, 36, 36, 36, 36, 36, 36, 36, 36, 36, 36, 36, 36, 36, 36, 36]","[3.0, 6.5, 6.0, 6.0, 6.5]","[3.0, 6.5]","[6.0, 6.0, 6.5]",rgb/live/Synchro_005/17,125,065716.jpg,065840.jpg,rgb/replay1/Synchro_005/17,143,066181.jpg,066323.jpg,masks/live/Synchro_005/17,125,True,Trimmed_Diving_Video_Frames/TEMP_LIVE/Replay2/Synchro_005/17,124,True,unknown_existing_segmentation_output,[],masks/replay1/Synchro_005/17,predicted_input,True
2.0,Synchro_005/18,Synchro_005,18,train,5152b,70.2,3.0,67346,67466,39,82,4,"[39, 56, 71, 82]",121,"[1, 1, 1, 1, 1, 1, 1, 1, 1, 1, 1, 1, 1, 1, 1, 1, 1, 1, 1, 1, 1, 1, 1, 1, 1, 1, 1, 1, 1, 1, 1, 1, 1, 1, 1, 1, 1, 1, 1, 1, 15, 15, 15, 15, 15, 15, 15, 15, 15, 15, 15, 15, 15, 15, 15, 15, 15, 30, 30, 30, 30, 30, 30, 30, 30, 30, 30, 30, 30, 30, 30, 30, 15, 15, 15, 15, 15, 15, 15, 15, 15, 15, 15, 36, 36, 36, 36, 36, 36, 36, 36, 36, 36, 36, 36, 36, 36, 36, 36, 36, 36, 36, 36, 36, 36, 36, 36, 36, 36, 36, 36, 36, 36, 36, 36, 36, 36, 36, 36, 36, 36]","[8.0, 7.0, 8.0, 8.0, 8.0]","[8.0, 7.0]","[8.0, 8.0, 8.0]",rgb/live/Synchro_005/18,121,067346.jpg,067466.jpg,rgb/replay1/Synchro_005/18,134,067885.jpg,068018.jpg,masks/live/Synchro_005/18,121,True,,0,False,unknown_existing_segmentation_output,[],masks/replay1/Synchro_005/18,predicted_input,True
2.0,Synchro_005/19,Synchro_005,19,test,107b,62.31,3.1,69223,69344,38,83,2,"[38, 83]",122,"[1, 1, 1, 1, 1, 1, 1, 1, 1, 1, 1, 1, 1, 1, 1, 1, 1, 1, 1, 1, 1, 1, 1, 1, 1, 1, 1, 1, 1, 1, 1, 1, 1, 1, 1, 1, 1, 1, 1, 17, 17, 17, 17, 17, 17, 17, 17, 17, 17, 17, 17, 17, 17, 17, 17, 17, 17, 17, 17, 17, 17, 17, 17, 17, 17, 17, 17, 17, 17, 17, 17, 17, 17, 17, 17, 17, 17, 17, 17, 17, 17, 17, 17, 17, 36, 36, 36, 36, 36, 36, 36, 36, 36, 36, 36, 36, 36, 36, 36, 36, 36, 36, 36, 36, 36, 36, 36, 36, 36, 36, 36, 36, 36, 36, 36, 36, 36, 36, 36, 36, 36, 36]","[7.0, 7.0, 6.5, 6.0, 7.0]","[7.0, 7.0]","[6.5, 6.0, 7.0]",rgb/live/Synchro_005/19,122,069223.jpg,069344.jpg,rgb/replay1/Synchro_005/19,126,069702.jpg,069827.jpg,masks/live/Synchro_005/19,122,True,Trimmed_Diving_Video_Frames/TEMP_LIVE/Replay2/Synchro_005/19,117,True,unknown_existing_segmentation_output,[],masks/replay1/Synchro_005/19,predicted_input,True
2.0,Synchro_005/20,Synchro_005,20,train,107b,75.33,3.1,71365,71481,36,82,2,"[36, 82]",117,"[1, 1, 1, 1, 1, 1, 1, 1, 1, 1, 1, 1, 1, 1, 1, 1, 1, 1, 1, 1, 1, 1, 1, 1, 1, 1, 1, 1, 1, 1, 1, 1, 1, 1, 1, 1, 1, 17, 17, 17, 17, 17, 17, 17, 17, 17, 17, 17, 17, 17, 17, 17, 17, 17, 17, 17, 17, 17, 17, 17, 17, 17, 17, 17, 17, 17, 17, 17, 17, 17, 17, 17, 17, 17, 17, 17, 17, 17, 17, 17, 17, 17, 17, 36, 36, 36, 36, 36, 36, 36, 36, 36, 36, 36, 36, 36, 36, 36, 36, 36, 36, 36, 36, 36, 36, 36, 36, 36, 36, 36, 36, 36, 36, 36, 36, 36, 36]","[8.0, 8.0, 8.0, 8.5, 8.0]","[8.0, 8.0]","[8.0, 8.5, 8.0]",rgb/live/Synchro_005/20,117,071365.jpg,071481.jpg,rgb/replay1/Synchro_005/20,116,071886.jpg,072001.jpg,masks/live/Synchro_005/20,117,True,Trimmed_Diving_Video_Frames/TEMP_LIVE/Replay2/Synchro_005/20,114,True,unknown_existing_segmentation_output,[],masks/replay1/Synchro_005/20,predicted_input,True
2.0,Synchro_005/21,Synchro_005,21,train,107b,71.61,3.1,73486,73606,37,80,2,"[37, 80]",121,"[1, 1, 1, 1, 1, 1, 1, 1, 1, 1, 1, 1, 1, 1, 1, 1, 1, 1, 1, 1, 1, 1, 1, 1, 1, 1, 1, 1, 1, 1, 1, 1, 1, 1, 1, 1, 1, 1, 17, 17, 17, 17, 17, 17, 17, 17, 17, 17, 17, 17, 17, 17, 17, 17, 17, 17, 17, 17, 17, 17, 17, 17, 17, 17, 17, 17, 17, 17, 17, 17, 17, 17, 17, 17, 17, 17, 17, 17, 17, 17, 17, 36, 36, 36, 36, 36, 36, 36, 36, 36, 36, 36, 36, 36, 36, 36, 36, 36, 36, 36, 36, 36, 36, 36, 36, 36, 36, 36, 36, 36, 36, 36, 36, 36, 36, 36, 36, 36, 36, 36, 36]","[6.5, 7.5, 8.0, 8.5, 8.0]","[6.5, 7.5]","[8.0, 8.5, 8.0]",rgb/live/Synchro_005/21,121,073486.jpg,073606.jpg,rgb/replay1/Synchro_005/21,126,073943.jpg,074068.jpg,masks/live/Synchro_005/21,121,True,Trimmed_Diving_Video_Frames/TEMP_LIVE/Replay2/Synchro_005/21,124,True,unknown_existing_segmentation_output,[],masks/replay1/Synchro_005/21,predicted_input,True
2.0,Synchro_005/22,Synchro_005,22,train,305b,55.8,3.0,91293,91412,37,78,2,"[37, 78]",120,"[3, 3, 3, 3, 3, 3, 3, 3, 3, 3, 3, 3, 3, 3, 3, 3, 3, 3, 3, 3, 3, 3, 3, 3, 3, 3, 3, 3, 3, 3, 3, 3, 3, 3, 3, 3, 3, 3, 15, 15, 15, 15, 15, 15, 15, 15, 15, 15, 15, 15, 15, 15, 15, 15, 15, 15, 15, 15, 15, 15, 15, 15, 15, 15, 15, 15, 15, 15, 15, 15, 15, 15, 15, 15, 15, 15, 15, 15, 15, 36, 36, 36, 36, 36, 36, 36, 36, 36, 36, 36, 36, 36, 36, 36, 36, 36, 36, 36, 36, 36, 36, 36, 36, 36, 36, 36, 36, 36, 36, 36, 36, 36, 36, 36, 36, 36, 36, 36, 36, 36]","[6.5, 4.5, 7.0, 6.5, 6.5]","[6.5, 4.5]","[7.0, 6.5, 6.5]",rgb/live/Synchro_005/22,120,091293.jpg,091412.jpg,rgb/replay1/Synchro_005/22,107,091721.jpg,091827.jpg,masks/live/Synchro_005/22,120,True,,0,False,unknown_existing_segmentation_output,[],masks/replay1/Synchro_005/22,predicted_input,True
2.0,Synchro_005/23,Synchro_005,23,test,107b,77.19,3.1,77386,77494,36,79,2,"[36, 79]",109,"[1, 1, 1, 1, 1, 1, 1, 1, 1, 1, 1, 1, 1, 1, 1, 1, 1, 1, 1, 1, 1, 1, 1, 1, 1, 1, 1, 1, 1, 1, 1, 1, 1, 1, 1, 1, 1, 17, 17, 17, 17, 17, 17, 17, 17, 17, 17, 17, 17, 17, 17, 17, 17, 17, 17, 17, 17, 17, 17, 17, 17, 17, 17, 17, 17, 17, 17, 17, 17, 17, 17, 17, 17, 17, 17, 17, 17, 17, 17, 17, 36, 36, 36, 36, 36, 36, 36, 36, 36, 36, 36, 36, 36, 36, 36, 36, 36, 36, 36, 36, 36, 36, 36, 36, 36, 36, 36, 36, 36]","[8.0, 8.0, 8.5, 8.5, 8.5]","[8.0, 8.0]","[8.5, 8.5, 8.5]",rgb/live/Synchro_005/23,109,077386.jpg,077494.jpg,rgb/replay1/Synchro_005/23,120,077931.jpg,078050.jpg,masks/live/Synchro_005/23,109,True,Trimmed_Diving_Video_Frames/TEMP_LIVE/Replay2/Synchro_005/23,98,True,unknown_existing_segmentation_output,[],masks/replay1/Synchro_005/23,predicted_input,True
2.0,Synchro_005/24,Synchro_005,24,train,5152b,58.5,3.0,80339,80456,36,80,4,"[36, 58, 71, 80]",118,"[1, 1, 1, 1, 1, 1, 1, 1, 1, 1, 1, 1, 1, 1, 1, 1, 1, 1, 1, 1, 1, 1, 1, 1, 1, 1, 1, 1, 1, 1, 1, 1, 1, 1, 1, 1, 1, 15, 15, 15, 15, 15, 15, 15, 15, 15, 15, 15, 15, 15, 15, 15, 15, 15, 15, 15, 15, 15, 15, 30, 30, 30, 30, 30, 30, 30, 30, 30, 30, 30, 30, 30, 15, 15, 15, 15, 15, 15, 15, 15, 15, 36, 36, 36, 36, 36, 36, 36, 36, 36, 36, 36, 36, 36, 36, 36, 36, 36, 36, 36, 36, 36, 36, 36, 36, 36, 36, 36, 36, 36, 36, 36, 36, 36, 36, 36, 36, 36]","[4.5, 6.5, 7.0, 7.5, 7.0]","[4.5, 6.5]","[7.0, 7.5, 7.0]",rgb/live/Synchro_005/24,118,080339.jpg,080456.jpg,rgb/replay1/Synchro_005/24,115,080641.jpg,080755.jpg,masks/live/Synchro_005/24,118,True,,0,False,unknown_existing_segmentation_output,[],masks/replay1/Synchro_005/24,predicted_input,True
2.0,Synchro_005/25,Synchro_005,25,train,405b,69.3,3.0,84457,84555,18,55,2,"[18, 55]",99,"[4, 4, 4, 4, 4, 4, 4, 4, 4, 4, 4, 4, 4, 4, 4, 4, 4, 4, 4, 15, 15, 15, 15, 15, 15, 15, 15, 15, 15, 15, 15, 15, 15, 15, 15, 15, 15, 15, 15, 15, 15, 15, 15, 15, 15, 15, 15, 15, 15, 15, 15, 15, 15, 15, 15, 15, 36, 36, 36, 36, 36, 36, 36, 36, 36, 36, 36, 36, 36, 36, 36, 36, 36, 36, 36, 36, 36, 36, 36, 36, 36, 36, 36, 36, 36, 36, 36, 36, 36, 36, 36, 36, 36, 36, 36, 36, 36, 36, 36]","[7.5, 7.0, 8.0, 8.0, 8.0]","[7.5, 7.0]","[8.0, 8.0, 8.0]",rgb/live/Synchro_005/25,99,084457.jpg,084555.jpg,rgb/replay1/Synchro_005/25,96,084873.jpg,084968.jpg,masks/live/Synchro_005/25,99,True,,0,False,unknown_existing_segmentation_output,[],masks/replay1/Synchro_005/25,predicted_input,True
2.0,Synchro_005/26,Synchro_005,26,train,5152b,72.9,3.0,89268,89381,37,80,4,"[37, 55, 68, 80]",114,"[1, 1, 1, 1, 1, 1, 1, 1, 1, 1, 1, 1, 1, 1, 1, 1, 1, 1, 1, 1, 1, 1, 1, 1, 1, 1, 1, 1, 1, 1, 1, 1, 1, 1, 1, 1, 1, 1, 15, 15, 15, 15, 15, 15, 15, 15, 15, 15, 15, 15, 15, 15, 15, 15, 15, 15, 30, 30, 30, 30, 30, 30, 30, 30, 30, 30, 30, 30, 30, 15, 15, 15, 15, 15, 15, 15, 15, 15, 15, 15, 15, 36, 36, 36, 36, 36, 36, 36, 36, 36, 36, 36, 36, 36, 36, 36, 36, 36, 36, 36, 36, 36, 36, 36, 36, 36, 36, 36, 36, 36, 36, 36, 36, 36]","[7.0, 7.5, 8.5, 9.0, 8.5]","[7.0, 7.5]","[8.5, 9.0, 8.5]",rgb/live/Synchro_005/26,114,089268.jpg,089381.jpg,rgb/replay1/Synchro_005/26,117,089666.jpg,089782.jpg,masks/live/Synchro_005/26,114,True,Trimmed_Diving_Video_Frames/TEMP_LIVE/Replay2/Synchro_005/26,136,True,unknown_existing_segmentation_output,[],masks/replay1/Synchro_005/26,predicted_input,True
2.0,Synchro_006/0,Synchro_006,0,test,201b,48.6,2.0,34503,34610,22,61,2,"[22, 61]",108,"[2, 2, 2, 2, 2, 2, 2, 2, 2, 2, 2, 2, 2, 2, 2, 2, 2, 2, 2, 2, 2, 2, 2, 37, 37, 37, 37, 37, 37, 37, 37, 37, 37, 37, 37, 37, 37, 37, 37, 37, 37, 37, 37, 37, 37, 37, 37, 37, 37, 37, 37, 37, 37, 37, 37, 37, 37, 37, 37, 37, 37, 37, 36, 36, 36, 36, 36, 36, 36, 36, 36, 36, 36, 36, 36, 36, 36, 36, 36, 36, 36, 36, 36, 36, 36, 36, 36, 36, 36, 36, 36, 36, 36, 36, 36, 36, 36, 36, 36, 36, 36, 36, 36, 36, 36, 36, 36, 36]","[8.0, 8.0, 8.0, 8.0, 8.5]","[8.0, 8.0]","[8.0, 8.0, 8.5]",rgb/live/Synchro_006/0,108,034503.jpg,034610.jpg,rgb/replay1/Synchro_006/0,248,034503.jpg,035096.jpg,masks/live/Synchro_006/0,108,True,Trimmed_Diving_Video_Frames/TEMP_LIVE/Replay2/Synchro_006/0,135,True,unknown_existing_segmentation_output,[],masks/replay1/Synchro_006/0,predicted_input,True
2.0,Synchro_006/1,Synchro_006,1,train,201b,45.6,2.0,36668,36770,6,51,2,"[6, 51]",103,"[2, 2, 2, 2, 2, 2, 2, 37, 37, 37, 37, 37, 37, 37, 37, 37, 37, 37, 37, 37, 37, 37, 37, 37, 37, 37, 37, 37, 37, 37, 37, 37, 37, 37, 37, 37, 37, 37, 37, 37, 37, 37, 37, 37, 37, 37, 37, 37, 37, 37, 37, 37, 36, 36, 36, 36, 36, 36, 36, 36, 36, 36, 36, 36, 36, 36, 36, 36, 36, 36, 36, 36, 36, 36, 36, 36, 36, 36, 36, 36, 36, 36, 36, 36, 36, 36, 36, 36, 36, 36, 36, 36, 36, 36, 36, 36, 36, 36, 36, 36, 36, 36, 36]","[7.5, 7.5, 7.5, 8.0, 7.5]","[7.5, 7.5]","[7.5, 8.0, 7.5]",rgb/live/Synchro_006/1,103,036668.jpg,036770.jpg,rgb/replay1/Synchro_006/1,120,037092.jpg,037211.jpg,masks/live/Synchro_006/1,103,True,Trimmed_Diving_Video_Frames/TEMP_LIVE/Replay2/Synchro_006/1,126,True,unknown_existing_segmentation_output,"[""alternate_replay1_conflict"", ""canonical_replay_mask_mismatch""]",masks/replay1/Synchro_006/1,predicted_input,False
2.0,Synchro_006/2,Synchro_006,2,train,401b,47.4,2.0,39184,39281,18,60,2,"[18, 60]",98,"[4, 4, 4, 4, 4, 4, 4, 4, 4, 4, 4, 4, 4, 4, 4, 4, 4, 4, 4, 37, 37, 37, 37, 37, 37, 37, 37, 37, 37, 37, 37, 37, 37, 37, 37, 37, 37, 37, 37, 37, 37, 37, 37, 37, 37, 37, 37, 37, 37, 37, 37, 37, 37, 37, 37, 37, 37, 37, 37, 37, 37, 36, 36, 36, 36, 36, 36, 36, 36, 36, 36, 36, 36, 36, 36, 36, 36, 36, 36, 36, 36, 36, 36, 36, 36, 36, 36, 36, 36, 36, 36, 36, 36, 36, 36, 36, 36, 36]","[7.5, 8.0, 8.0, 8.0, 8.0]","[7.5, 8.0]","[8.0, 8.0, 8.0]",rgb/live/Synchro_006/2,98,039184.jpg,039281.jpg,rgb/replay1/Synchro_006/2,131,039589.jpg,039719.jpg,masks/live/Synchro_006/2,98,True,,0,False,unknown_existing_segmentation_output,[],masks/replay1/Synchro_006/2,predicted_input,True
2.0,Synchro_006/3,Synchro_006,3,test,401b,51.0,2.0,41266,41361,3,46,2,"[3, 46]",96,"[4, 4, 4, 4, 37, 37, 37, 37, 37, 37, 37, 37, 37, 37, 37, 37, 37, 37, 37, 37, 37, 37, 37, 37, 37, 37, 37, 37, 37, 37, 37, 37, 37, 37, 37, 37, 37, 37, 37, 37, 37, 37, 37, 37, 37, 37, 37, 36, 36, 36, 36, 36, 36, 36, 36, 36, 36, 36, 36, 36, 36, 36, 36, 36, 36, 36, 36, 36, 36, 36, 36, 36, 36, 36, 36, 36, 36, 36, 36, 36, 36, 36, 36, 36, 36, 36, 36, 36, 36, 36, 36, 36, 36, 36, 36, 36]","[8.5, 8.5, 8.5, 8.5, 8.5]","[8.5, 8.5]","[8.5, 8.5, 8.5]",rgb/live/Synchro_006/3,96,041266.jpg,041361.jpg,rgb/replay1/Synchro_006/3,112,041737.jpg,041848.jpg,masks/live/Synchro_006/3,96,True,,0,False,unknown_existing_segmentation_output,[],masks/replay1/Synchro_006/3,predicted_input,True
2.0,Synchro_006/4,Synchro_006,4,train,401b,48.0,2.0,45066,45161,0,39,2,"[0, 39]",96,"[4, 37, 37, 37, 37, 37, 37, 37, 37, 37, 37, 37, 37, 37, 37, 37, 37, 37, 37, 37, 37, 37, 37, 37, 37, 37, 37, 37, 37, 37, 37, 37, 37, 37, 37, 37, 37, 37, 37, 37, 36, 36, 36, 36, 36, 36, 36, 36, 36, 36, 36, 36, 36, 36, 36, 36, 36, 36, 36, 36, 36, 36, 36, 36, 36, 36, 36, 36, 36, 36, 36, 36, 36, 36, 36, 36, 36, 36, 36, 36, 36, 36, 36, 36, 36, 36, 36, 36, 36, 36, 36, 36, 36, 36, 36, 36]","[8.0, 8.0, 8.0, 8.0, 8.0]","[8.0, 8.0]","[8.0, 8.0, 8.0]",rgb/live/Synchro_006/4,96,045066.jpg,045161.jpg,rgb/replay1/Synchro_006/4,138,045512.jpg,045649.jpg,masks/live/Synchro_006/4,96,True,,0,False,unknown_existing_segmentation_output,[],masks/replay1/Synchro_006/4,predicted_input,True
2.0,Synchro_006/5,Synchro_006,5,test,401b,48.6,2.0,47049,47146,13,54,2,"[13, 54]",98,"[4, 4, 4, 4, 4, 4, 4, 4, 4, 4, 4, 4, 4, 4, 37, 37, 37, 37, 37, 37, 37, 37, 37, 37, 37, 37, 37, 37, 37, 37, 37, 37, 37, 37, 37, 37, 37, 37, 37, 37, 37, 37, 37, 37, 37, 37, 37, 37, 37, 37, 37, 37, 37, 37, 37, 36, 36, 36, 36, 36, 36, 36, 36, 36, 36, 36, 36, 36, 36, 36, 36, 36, 36, 36, 36, 36, 36, 36, 36, 36, 36, 36, 36, 36, 36, 36, 36, 36, 36, 36, 36, 36, 36, 36, 36, 36, 36, 36]","[7.5, 8.5, 8.0, 8.5, 8.0]","[7.5, 8.5]","[8.0, 8.5, 8.0]",rgb/live/Synchro_006/5,98,047049.jpg,047146.jpg,rgb/replay1/Synchro_006/5,140,047501.jpg,047640.jpg,masks/live/Synchro_006/5,98,True,,0,False,unknown_existing_segmentation_output,[],masks/replay1/Synchro_006/5,predicted_input,True
2.0,Synchro_006/6,Synchro_006,6,train,201b,49.8,2.0,51371,51468,1,43,2,"[1, 43]",98,"[2, 2, 37, 37, 37, 37, 37, 37, 37, 37, 37, 37, 37, 37, 37, 37, 37, 37, 37, 37, 37, 37, 37, 37, 37, 37, 37, 37, 37, 37, 37, 37, 37, 37, 37, 37, 37, 37, 37, 37, 37, 37, 37, 37, 36, 36, 36, 36, 36, 36, 36, 36, 36, 36, 36, 36, 36, 36, 36, 36, 36, 36, 36, 36, 36, 36, 36, 36, 36, 36, 36, 36, 36, 36, 36, 36, 36, 36, 36, 36, 36, 36, 36, 36, 36, 36, 36, 36, 36, 36, 36, 36, 36, 36, 36, 36, 36, 36]","[8.0, 8.0, 8.5, 8.5, 8.5]","[8.0, 8.0]","[8.5, 8.5, 8.5]",rgb/live/Synchro_006/6,98,051371.jpg,051468.jpg,rgb/replay1/Synchro_006/6,122,051961.jpg,052082.jpg,masks/live/Synchro_006/6,98,True,,0,False,unknown_existing_segmentation_output,[],masks/replay1/Synchro_006/6,predicted_input,True
2.0,Synchro_006/7,Synchro_006,7,train,301b,44.4,2.0,53002,53099,1,41,2,"[1, 41]",98,"[3, 3, 37, 37, 37, 37, 37, 37, 37, 37, 37, 37, 37, 37, 37, 37, 37, 37, 37, 37, 37, 37, 37, 37, 37, 37, 37, 37, 37, 37, 37, 37, 37, 37, 37, 37, 37, 37, 37, 37, 37, 37, 36, 36, 36, 36, 36, 36, 36, 36, 36, 36, 36, 36, 36, 36, 36, 36, 36, 36, 36, 36, 36, 36, 36, 36, 36, 36, 36, 36, 36, 36, 36, 36, 36, 36, 36, 36, 36, 36, 36, 36, 36, 36, 36, 36, 36, 36, 36, 36, 36, 36, 36, 36, 36, 36, 36, 36]","[6.5, 8.0, 7.5, 7.5, 7.5]","[6.5, 8.0]","[7.5, 7.5, 7.5]",rgb/live/Synchro_006/7,98,053002.jpg,053099.jpg,rgb/replay1/Synchro_006/7,125,053372.jpg,053496.jpg,masks/live/Synchro_006/7,98,True,,0,False,unknown_existing_segmentation_output,[],masks/replay1/Synchro_006/7,predicted_input,True
2.0,Synchro_006/8,Synchro_006,8,train,301b,49.2,2.0,54985,55090,21,66,2,"[21, 66]",106,"[3, 3, 3, 3, 3, 3, 3, 3, 3, 3, 3, 3, 3, 3, 3, 3, 3, 3, 3, 3, 3, 3, 37, 37, 37, 37, 37, 37, 37, 37, 37, 37, 37, 37, 37, 37, 37, 37, 37, 37, 37, 37, 37, 37, 37, 37, 37, 37, 37, 37, 37, 37, 37, 37, 37, 37, 37, 37, 37, 37, 37, 37, 37, 37, 37, 37, 37, 36, 36, 36, 36, 36, 36, 36, 36, 36, 36, 36, 36, 36, 36, 36, 36, 36, 36, 36, 36, 36, 36, 36, 36, 36, 36, 36, 36, 36, 36, 36, 36, 36, 36, 36, 36, 36, 36, 36]","[8.0, 8.5, 8.0, 8.0, 8.5]","[8.0, 8.5]","[8.0, 8.0, 8.5]",rgb/live/Synchro_006/8,106,054985.jpg,055090.jpg,rgb/replay1/Synchro_006/8,127,055393.jpg,055519.jpg,masks/live/Synchro_006/8,106,True,,0,False,unknown_existing_segmentation_output,[],masks/replay1/Synchro_006/8,predicted_input,True
2.0,Synchro_006/9,Synchro_006,9,train,201b,49.2,2.0,57020,57118,12,55,2,"[12, 55]",99,"[2, 2, 2, 2, 2, 2, 2, 2, 2, 2, 2, 2, 2, 37, 37, 37, 37, 37, 37, 37, 37, 37, 37, 37, 37, 37, 37, 37, 37, 37, 37, 37, 37, 37, 37, 37, 37, 37, 37, 37, 37, 37, 37, 37, 37, 37, 37, 37, 37, 37, 37, 37, 37, 37, 37, 37, 36, 36, 36, 36, 36, 36, 36, 36, 36, 36, 36, 36, 36, 36, 36, 36, 36, 36, 36, 36, 36, 36, 36, 36, 36, 36, 36, 36, 36, 36, 36, 36, 36, 36, 36, 36, 36, 36, 36, 36, 36, 36, 36]","[8.0, 8.5, 8.0, 8.5, 8.0]","[8.0, 8.5]","[8.0, 8.5, 8.0]",rgb/live/Synchro_006/9,99,057020.jpg,057118.jpg,rgb/replay1/Synchro_006/9,118,057364.jpg,057481.jpg,masks/live/Synchro_006/9,99,True,,0,False,unknown_existing_segmentation_output,[],masks/replay1/Synchro_006/9,predicted_input,True
2.0,Synchro_006/10,Synchro_006,10,test,201b,45.6,2.0,59025,59122,0,44,2,"[0, 44]",98,"[2, 37, 37, 37, 37, 37, 37, 37, 37, 37, 37, 37, 37, 37, 37, 37, 37, 37, 37, 37, 37, 37, 37, 37, 37, 37, 37, 37, 37, 37, 37, 37, 37, 37, 37, 37, 37, 37, 37, 37, 37, 37, 37, 37, 37, 36, 36, 36, 36, 36, 36, 36, 36, 36, 36, 36, 36, 36, 36, 36, 36, 36, 36, 36, 36, 36, 36, 36, 36, 36, 36, 36, 36, 36, 36, 36, 36, 36, 36, 36, 36, 36, 36, 36, 36, 36, 36, 36, 36, 36, 36, 36, 36, 36, 36, 36, 36, 36]","[6.5, 8.5, 7.5, 8.0, 7.5]","[6.5, 8.5]","[7.5, 8.0, 7.5]",rgb/live/Synchro_006/10,98,059025.jpg,059122.jpg,rgb/replay1/Synchro_006/10,209,059025.jpg,059439.jpg,masks/live/Synchro_006/10,98,True,,0,False,unknown_existing_segmentation_output,[],masks/replay1/Synchro_006/10,predicted_input,True
2.0,Synchro_006/11,Synchro_006,11,train,301b,48.0,2.0,62599,62697,13,54,2,"[13, 54]",99,"[3, 3, 3, 3, 3, 3, 3, 3, 3, 3, 3, 3, 3, 3, 37, 37, 37, 37, 37, 37, 37, 37, 37, 37, 37, 37, 37, 37, 37, 37, 37, 37, 37, 37, 37, 37, 37, 37, 37, 37, 37, 37, 37, 37, 37, 37, 37, 37, 37, 37, 37, 37, 37, 37, 37, 36, 36, 36, 36, 36, 36, 36, 36, 36, 36, 36, 36, 36, 36, 36, 36, 36, 36, 36, 36, 36, 36, 36, 36, 36, 36, 36, 36, 36, 36, 36, 36, 36, 36, 36, 36, 36, 36, 36, 36, 36, 36, 36, 36]","[8.0, 8.5, 7.5, 8.0, 8.0]","[8.0, 8.5]","[7.5, 8.0, 8.0]",rgb/live/Synchro_006/11,99,062599.jpg,062697.jpg,rgb/replay1/Synchro_006/11,137,063094.jpg,063230.jpg,masks/live/Synchro_006/11,99,True,Trimmed_Diving_Video_Frames/TEMP_LIVE/Replay2/Synchro_006/11,133,True,unknown_existing_segmentation_output,"[""alternate_replay1_conflict"", ""canonical_replay_mask_mismatch""]",masks/replay1/Synchro_006/11,predicted_input,False
2.0,Synchro_006/12,Synchro_006,12,train,201b,48.0,2.0,64694,64803,18,63,2,"[18, 63]",110,"[2, 2, 2, 2, 2, 2, 2, 2, 2, 2, 2, 2, 2, 2, 2, 2, 2, 2, 2, 37, 37, 37, 37, 37, 37, 37, 37, 37, 37, 37, 37, 37, 37, 37, 37, 37, 37, 37, 37, 37, 37, 37, 37, 37, 37, 37, 37, 37, 37, 37, 37, 37, 37, 37, 37, 37, 37, 37, 37, 37, 37, 37, 37, 37, 36, 36, 36, 36, 36, 36, 36, 36, 36, 36, 36, 36, 36, 36, 36, 36, 36, 36, 36, 36, 36, 36, 36, 36, 36, 36, 36, 36, 36, 36, 36, 36, 36, 36, 36, 36, 36, 36, 36, 36, 36, 36, 36, 36, 36, 36]","[7.5, 8.5, 8.0, 8.0, 8.0]","[7.5, 8.5]","[8.0, 8.0, 8.0]",rgb/live/Synchro_006/12,110,064694.jpg,064803.jpg,rgb/replay1/Synchro_006/12,154,065202.jpg,065355.jpg,masks/live/Synchro_006/12,110,True,,0,False,unknown_existing_segmentation_output,"[""alternate_replay1_conflict"", ""canonical_replay_mask_mismatch""]",masks/replay1/Synchro_006/12,predicted_input,False
2.0,Synchro_006/13,Synchro_006,13,train,405b,63.84,2.8,72990,73090,6,50,2,"[6, 50]",101,"[4, 4, 4, 4, 4, 4, 4, 15, 15, 15, 15, 15, 15, 15, 15, 15, 15, 15, 15, 15, 15, 15, 15, 15, 15, 15, 15, 15, 15, 15, 15, 15, 15, 15, 15, 15, 15, 15, 15, 15, 15, 15, 15, 15, 15, 15, 15, 15, 15, 15, 15, 36, 36, 36, 36, 36, 36, 36, 36, 36, 36, 36, 36, 36, 36, 36, 36, 36, 36, 36, 36, 36, 36, 36, 36, 36, 36, 36, 36, 36, 36, 36, 36, 36, 36, 36, 36, 36, 36, 36, 36, 36, 36, 36, 36, 36, 36, 36, 36, 36, 36]","[8.0, 7.5, 7.5, 7.5, 7.5]","[8.0, 7.5]","[7.5, 7.5, 7.5]",rgb/live/Synchro_006/13,101,072990.jpg,073090.jpg,rgb/replay1/Synchro_006/13,96,073491.jpg,073586.jpg,masks/live/Synchro_006/13,101,True,,0,False,unknown_existing_segmentation_output,"[""alternate_replay1_conflict"", ""canonical_replay_mask_mismatch""]",masks/replay1/Synchro_006/13,predicted_input,False
2.0,Synchro_006/14,Synchro_006,14,train,407c,72.96,3.2,75091,75207,31,75,2,"[31, 75]",117,"[4, 4, 4, 4, 4, 4, 4, 4, 4, 4, 4, 4, 4, 4, 4, 4, 4, 4, 4, 4, 4, 4, 4, 4, 4, 4, 4, 4, 4, 4, 4, 4, 25, 25, 25, 25, 25, 25, 25, 25, 25, 25, 25, 25, 25, 25, 25, 25, 25, 25, 25, 25, 25, 25, 25, 25, 25, 25, 25, 25, 25, 25, 25, 25, 25, 25, 25, 25, 25, 25, 25, 25, 25, 25, 25, 25, 36, 36, 36, 36, 36, 36, 36, 36, 36, 36, 36, 36, 36, 36, 36, 36, 36, 36, 36, 36, 36, 36, 36, 36, 36, 36, 36, 36, 36, 36, 36, 36, 36, 36, 36, 36, 36, 36, 36, 36, 36]","[8.0, 7.5, 7.5, 7.5, 7.5]","[8.0, 7.5]","[7.5, 7.5, 7.5]",rgb/live/Synchro_006/14,117,075091.jpg,075207.jpg,rgb/replay1/Synchro_006/14,142,075569.jpg,075710.jpg,masks/live/Synchro_006/14,117,True,,0,False,unknown_existing_segmentation_output,[],masks/replay1/Synchro_006/14,predicted_input,True
2.0,Synchro_006/15,Synchro_006,15,test,407c,79.68,3.2,77238,77346,26,69,2,"[26, 69]",109,"[4, 4, 4, 4, 4, 4, 4, 4, 4, 4, 4, 4, 4, 4, 4, 4, 4, 4, 4, 4, 4, 4, 4, 4, 4, 4, 4, 25, 25, 25, 25, 25, 25, 25, 25, 25, 25, 25, 25, 25, 25, 25, 25, 25, 25, 25, 25, 25, 25, 25, 25, 25, 25, 25, 25, 25, 25, 25, 25, 25, 25, 25, 25, 25, 25, 25, 25, 25, 25, 25, 36, 36, 36, 36, 36, 36, 36, 36, 36, 36, 36, 36, 36, 36, 36, 36, 36, 36, 36, 36, 36, 36, 36, 36, 36, 36, 36, 36, 36, 36, 36, 36, 36, 36, 36, 36, 36, 36, 36]","[8.0, 8.5, 8.5, 8.0, 8.5]","[8.0, 8.5]","[8.5, 8.0, 8.5]",rgb/live/Synchro_006/15,109,077238.jpg,077346.jpg,rgb/replay1/Synchro_006/15,96,077766.jpg,077861.jpg,masks/live/Synchro_006/15,109,True,,0,False,unknown_existing_segmentation_output,[],masks/replay1/Synchro_006/15,predicted_input,True
2.0,Synchro_006/16,Synchro_006,16,test,407c,50.88,3.2,81112,81235,15,59,2,"[15, 59]",124,"[4, 4, 4, 4, 4, 4, 4, 4, 4, 4, 4, 4, 4, 4, 4, 4, 25, 25, 25, 25, 25, 25, 25, 25, 25, 25, 25, 25, 25, 25, 25, 25, 25, 25, 25, 25, 25, 25, 25, 25, 25, 25, 25, 25, 25, 25, 25, 25, 25, 25, 25, 25, 25, 25, 25, 25, 25, 25, 25, 25, 36, 36, 36, 36, 36, 36, 36, 36, 36, 36, 36, 36, 36, 36, 36, 36, 36, 36, 36, 36, 36, 36, 36, 36, 36, 36, 36, 36, 36, 36, 36, 36, 36, 36, 36, 36, 36, 36, 36, 36, 36, 36, 36, 36, 36, 36, 36, 36, 36, 36, 36, 36, 36, 36, 36, 36, 36, 36, 36, 36, 36, 36, 36, 36]","[6.0, 4.0, 5.5, 5.5, 5.5]","[6.0, 4.0]","[5.5, 5.5, 5.5]",rgb/live/Synchro_006/16,124,081112.jpg,081235.jpg,rgb/replay1/Synchro_006/16,96,081564.jpg,081659.jpg,masks/live/Synchro_006/16,124,True,,0,False,unknown_existing_segmentation_output,[],masks/replay1/Synchro_006/16,predicted_input,True
2.0,Synchro_006/17,Synchro_006,17,train,407c,72.0,3.2,83274,83372,10,53,2,"[10, 53]",99,"[4, 4, 4, 4, 4, 4, 4, 4, 4, 4, 4, 25, 25, 25, 25, 25, 25, 25, 25, 25, 25, 25, 25, 25, 25, 25, 25, 25, 25, 25, 25, 25, 25, 25, 25, 25, 25, 25, 25, 25, 25, 25, 25, 25, 25, 25, 25, 25, 25, 25, 25, 25, 25, 25, 36, 36, 36, 36, 36, 36, 36, 36, 36, 36, 36, 36, 36, 36, 36, 36, 36, 36, 36, 36, 36, 36, 36, 36, 36, 36, 36, 36, 36, 36, 36, 36, 36, 36, 36, 36, 36, 36, 36, 36, 36, 36, 36, 36, 36]","[7.0, 8.0, 7.5, 7.5, 7.5]","[7.0, 8.0]","[7.5, 7.5, 7.5]",rgb/live/Synchro_006/17,99,083274.jpg,083372.jpg,rgb/replay1/Synchro_006/17,138,083751.jpg,083888.jpg,masks/live/Synchro_006/17,99,True,,0,False,unknown_existing_segmentation_output,[],masks/replay1/Synchro_006/17,predicted_input,True
2.0,Synchro_006/18,Synchro_006,18,train,5253b,82.56,3.2,86370,86514,26,96,3,"[26, 56, 96]",145,"[2, 2, 2, 2, 2, 2, 2, 2, 2, 2, 2, 2, 2, 2, 2, 2, 2, 2, 2, 2, 2, 2, 2, 2, 2, 2, 2, 31, 31, 31, 31, 31, 31, 31, 31, 31, 31, 31, 31, 31, 31, 31, 31, 31, 31, 31, 31, 31, 31, 31, 31, 31, 31, 31, 31, 31, 31, 15, 15, 15, 15, 15, 15, 15, 15, 15, 15, 15, 15, 15, 15, 15, 15, 15, 15, 15, 15, 15, 15, 15, 15, 15, 15, 15, 15, 15, 15, 15, 15, 15, 15, 15, 15, 15, 15, 15, 15, 36, 36, 36, 36, 36, 36, 36, 36, 36, 36, 36, 36, 36, 36, 36, 36, 36, 36, 36, 36, 36, 36, 36, 36, 36, 36, 36, 36, 36, 36, 36, 36, 36, 36, 36, 36, 36, 36, 36, 36, 36, 36, 36, 36, 36, 36, 36, 36]","[8.5, 9.0, 8.5, 8.5, 8.5]","[8.5, 9.0]","[8.5, 8.5, 8.5]",rgb/live/Synchro_006/18,145,086370.jpg,086514.jpg,rgb/replay1/Synchro_006/18,130,086229.jpg,086358.jpg,masks/live/Synchro_006/18,145,True,,0,False,unknown_existing_segmentation_output,[],masks/replay1/Synchro_006/18,predicted_input,True
2.0,Synchro_006/19,Synchro_006,19,train,407c,73.92,3.2,92111,92215,12,56,2,"[12, 56]",105,"[4, 4, 4, 4, 4, 4, 4, 4, 4, 4, 4, 4, 4, 25, 25, 25, 25, 25, 25, 25, 25, 25, 25, 25, 25, 25, 25, 25, 25, 25, 25, 25, 25, 25, 25, 25, 25, 25, 25, 25, 25, 25, 25, 25, 25, 25, 25, 25, 25, 25, 25, 25, 25, 25, 25, 25, 25, 36, 36, 36, 36, 36, 36, 36, 36, 36, 36, 36, 36, 36, 36, 36, 36, 36, 36, 36, 36, 36, 36, 36, 36, 36, 36, 36, 36, 36, 36, 36, 36, 36, 36, 36, 36, 36, 36, 36, 36, 36, 36, 36, 36, 36, 36, 36, 36]","[7.5, 8.0, 7.5, 7.5, 8.0]","[7.5, 8.0]","[7.5, 7.5, 8.0]",rgb/live/Synchro_006/19,105,092111.jpg,092215.jpg,rgb/replay1/Synchro_006/19,145,092538.jpg,092682.jpg,masks/live/Synchro_006/19,105,True,,0,False,unknown_existing_segmentation_output,[],masks/replay1/Synchro_006/19,predicted_input,True
2.0,Synchro_006/20,Synchro_006,20,test,107b,61.2,3.0,94078,94173,4,50,2,"[4, 50]",96,"[1, 1, 1, 1, 1, 17, 17, 17, 17, 17, 17, 17, 17, 17, 17, 17, 17, 17, 17, 17, 17, 17, 17, 17, 17, 17, 17, 17, 17, 17, 17, 17, 17, 17, 17, 17, 17, 17, 17, 17, 17, 17, 17, 17, 17, 17, 17, 17, 17, 17, 17, 36, 36, 36, 36, 36, 36, 36, 36, 36, 36, 36, 36, 36, 36, 36, 36, 36, 36, 36, 36, 36, 36, 36, 36, 36, 36, 36, 36, 36, 36, 36, 36, 36, 36, 36, 36, 36, 36, 36, 36, 36, 36, 36, 36, 36]","[6.0, 7.0, 7.0, 7.0, 7.0]","[6.0, 7.0]","[7.0, 7.0, 7.0]",rgb/live/Synchro_006/20,96,094078.jpg,094173.jpg,rgb/replay1/Synchro_006/20,115,094426.jpg,094540.jpg,masks/live/Synchro_006/20,96,True,,0,False,unknown_existing_segmentation_output,[],masks/replay1/Synchro_006/20,predicted_input,True
2.0,Synchro_006/21,Synchro_006,21,test,307c,77.52,3.4,95994,96091,9,58,2,"[9, 58]",98,"[3, 3, 3, 3, 3, 3, 3, 3, 3, 3, 25, 25, 25, 25, 25, 25, 25, 25, 25, 25, 25, 25, 25, 25, 25, 25, 25, 25, 25, 25, 25, 25, 25, 25, 25, 25, 25, 25, 25, 25, 25, 25, 25, 25, 25, 25, 25, 25, 25, 25, 25, 25, 25, 25, 25, 25, 25, 25, 25, 36, 36, 36, 36, 36, 36, 36, 36, 36, 36, 36, 36, 36, 36, 36, 36, 36, 36, 36, 36, 36, 36, 36, 36, 36, 36, 36, 36, 36, 36, 36, 36, 36, 36, 36, 36, 36, 36, 36]","[8.0, 7.5, 7.5, 7.5, 7.5]","[8.0, 7.5]","[7.5, 7.5, 7.5]",rgb/live/Synchro_006/21,98,095994.jpg,096091.jpg,rgb/replay1/Synchro_006/21,112,096491.jpg,096602.jpg,masks/live/Synchro_006/21,98,True,,0,False,unknown_existing_segmentation_output,[],masks/replay1/Synchro_006/21,predicted_input,True
2.0,Synchro_006/22,Synchro_006,22,train,109c,67.71,3.7,98034,98140,5,52,2,"[5, 52]",107,"[1, 1, 1, 1, 1, 1, 27, 27, 27, 27, 27, 27, 27, 27, 27, 27, 27, 27, 27, 27, 27, 27, 27, 27, 27, 27, 27, 27, 27, 27, 27, 27, 27, 27, 27, 27, 27, 27, 27, 27, 27, 27, 27, 27, 27, 27, 27, 27, 27, 27, 27, 27, 27, 36, 36, 36, 36, 36, 36, 36, 36, 36, 36, 36, 36, 36, 36, 36, 36, 36, 36, 36, 36, 36, 36, 36, 36, 36, 36, 36, 36, 36, 36, 36, 36, 36, 36, 36, 36, 36, 36, 36, 36, 36, 36, 36, 36, 36, 36, 36, 36, 36, 36, 36, 36, 36, 36]","[5.5, 5.0, 7.0, 6.5, 6.5]","[5.5, 5.0]","[7.0, 6.5, 6.5]",rgb/live/Synchro_006/22,107,098034.jpg,098140.jpg,rgb/replay1/Synchro_006/22,159,098467.jpg,098625.jpg,masks/live/Synchro_006/22,107,True,,0,False,unknown_existing_segmentation_output,[],masks/replay1/Synchro_006/22,predicted_input,True
2.0,Synchro_006/23,Synchro_006,23,train,307c,87.72,3.4,100556,100745,34,136,2,"[34, 136]",190,"[3, 3, 3, 3, 3, 3, 3, 3, 3, 3, 3, 3, 3, 3, 3, 3, 3, 3, 3, 3, 3, 3, 3, 3, 3, 3, 3, 3, 3, 3, 3, 3, 3, 3, 3, 25, 25, 25, 25, 25, 25, 25, 25, 25, 25, 25, 25, 25, 25, 25, 25, 25, 25, 25, 25, 25, 25, 25, 25, 25, 25, 25, 25, 25, 25, 25, 25, 25, 25, 25, 25, 25, 25, 25, 25, 25, 25, 25, 25, 25, 25, 25, 25, 25, 25, 25, 25, 25, 25, 25, 25, 25, 25, 25, 25, 25, 25, 25, 25, 25, 25, 25, 25, 25, 25, 25, 25, 25, 25, 25, 25, 25, 25, 25, 25, 25, 25, 25, 25, 25, 25, 25, 25, 25, 25, 25, 25, 25, 25, 25, 25, 25, 25, 25, 25, 25, 25, 36, 36, 36, 36, 36, 36, 36, 36, 36, 36, 36, 36, 36, 36, 36, 36, 36, 36, 36, 36, 36, 36, 36, 36, 36, 36, 36, 36, 36, 36, 36, 36, 36, 36, 36, 36, 36, 36, 36, 36, 36, 36, 36, 36, 36, 36, 36, 36, 36, 36, 36, 36, 36]","[8.5, 9.0, 8.5, 8.5, 8.5]","[8.5, 9.0]","[8.5, 8.5, 8.5]",rgb/live/Synchro_006/23,190,100556.jpg,100745.jpg,rgb/replay1/Synchro_006/23,169,100230.jpg,100398.jpg,masks/live/Synchro_006/23,190,True,,0,False,unknown_existing_segmentation_output,[],masks/replay1/Synchro_006/23,predicted_input,True
2.0,Synchro_006/24,Synchro_006,24,validation,207c,55.44,3.3,101909,102027,18,66,2,"[18, 66]",119,"[2, 2, 2, 2, 2, 2, 2, 2, 2, 2, 2, 2, 2, 2, 2, 2, 2, 2, 2, 25, 25, 25, 25, 25, 25, 25, 25, 25, 25, 25, 25, 25, 25, 25, 25, 25, 25, 25, 25, 25, 25, 25, 25, 25, 25, 25, 25, 25, 25, 25, 25, 25, 25, 25, 25, 25, 25, 25, 25, 25, 25, 25, 25, 25, 25, 25, 25, 36, 36, 36, 36, 36, 36, 36, 36, 36, 36, 36, 36, 36, 36, 36, 36, 36, 36, 36, 36, 36, 36, 36, 36, 36, 36, 36, 36, 36, 36, 36, 36, 36, 36, 36, 36, 36, 36, 36, 36, 36, 36, 36, 36, 36, 36, 36, 36, 36, 36, 36, 36]","[4.0, 7.0, 5.5, 6.0, 5.5]","[4.0, 7.0]","[5.5, 6.0, 5.5]",rgb/live/Synchro_006/24,119,101909.jpg,102027.jpg,rgb/replay1/Synchro_006/24,133,102453.jpg,102585.jpg,masks/live/Synchro_006/24,119,True,,0,False,unknown_existing_segmentation_output,[],masks/replay1/Synchro_006/24,predicted_input,True
2.0,Synchro_006/25,Synchro_006,25,train,307c,61.2,3.4,104137,104241,13,61,2,"[13, 61]",105,"[3, 3, 3, 3, 3, 3, 3, 3, 3, 3, 3, 3, 3, 3, 25, 25, 25, 25, 25, 25, 25, 25, 25, 25, 25, 25, 25, 25, 25, 25, 25, 25, 25, 25, 25, 25, 25, 25, 25, 25, 25, 25, 25, 25, 25, 25, 25, 25, 25, 25, 25, 25, 25, 25, 25, 25, 25, 25, 25, 25, 25, 25, 36, 36, 36, 36, 36, 36, 36, 36, 36, 36, 36, 36, 36, 36, 36, 36, 36, 36, 36, 36, 36, 36, 36, 36, 36, 36, 36, 36, 36, 36, 36, 36, 36, 36, 36, 36, 36, 36, 36, 36, 36, 36, 36]","[6.5, 5.0, 6.0, 6.5, 6.0]","[6.5, 5.0]","[6.0, 6.5, 6.0]",rgb/live/Synchro_006/25,105,104137.jpg,104241.jpg,rgb/replay1/Synchro_006/25,154,104674.jpg,104827.jpg,masks/live/Synchro_006/25,105,True,,0,False,unknown_existing_segmentation_output,[],masks/replay1/Synchro_006/25,predicted_input,True
2.0,Synchro_006/26,Synchro_006,26,train,407c,80.64,3.2,105918,106015,10,52,2,"[10, 52]",98,"[4, 4, 4, 4, 4, 4, 4, 4, 4, 4, 4, 25, 25, 25, 25, 25, 25, 25, 25, 25, 25, 25, 25, 25, 25, 25, 25, 25, 25, 25, 25, 25, 25, 25, 25, 25, 25, 25, 25, 25, 25, 25, 25, 25, 25, 25, 25, 25, 25, 25, 25, 25, 25, 36, 36, 36, 36, 36, 36, 36, 36, 36, 36, 36, 36, 36, 36, 36, 36, 36, 36, 36, 36, 36, 36, 36, 36, 36, 36, 36, 36, 36, 36, 36, 36, 36, 36, 36, 36, 36, 36, 36, 36, 36, 36, 36, 36, 36]","[9.0, 8.0, 8.5, 8.0, 8.5]","[9.0, 8.0]","[8.5, 8.0, 8.5]",rgb/live/Synchro_006/26,98,105918.jpg,106015.jpg,rgb/replay1/Synchro_006/26,109,106409.jpg,106517.jpg,masks/live/Synchro_006/26,98,True,,0,False,unknown_existing_segmentation_output,[],masks/replay1/Synchro_006/26,predicted_input,True
2.0,Synchro_006/27,Synchro_006,27,test,307c,67.32,3.4,108503,108598,0,48,2,"[0, 48]",96,"[3, 25, 25, 25, 25, 25, 25, 25, 25, 25, 25, 25, 25, 25, 25, 25, 25, 25, 25, 25, 25, 25, 25, 25, 25, 25, 25, 25, 25, 25, 25, 25, 25, 25, 25, 25, 25, 25, 25, 25, 25, 25, 25, 25, 25, 25, 25, 25, 25, 36, 36, 36, 36, 36, 36, 36, 36, 36, 36, 36, 36, 36, 36, 36, 36, 36, 36, 36, 36, 36, 36, 36, 36, 36, 36, 36, 36, 36, 36, 36, 36, 36, 36, 36, 36, 36, 36, 36, 36, 36, 36, 36, 36, 36, 36, 36]","[5.0, 7.5, 6.5, 7.0, 7.0]","[5.0, 7.5]","[6.5, 7.0, 7.0]",rgb/live/Synchro_006/27,96,108503.jpg,108598.jpg,rgb/replay1/Synchro_006/27,139,108988.jpg,109126.jpg,masks/live/Synchro_006/27,96,True,,0,False,unknown_existing_segmentation_output,[],masks/replay1/Synchro_006/27,predicted_input,True
2.0,Synchro_006/28,Synchro_006,28,test,109c,67.71,3.7,110470,110587,17,65,2,"[17, 65]",118,"[1, 1, 1, 1, 1, 1, 1, 1, 1, 1, 1, 1, 1, 1, 1, 1, 1, 1, 27, 27, 27, 27, 27, 27, 27, 27, 27, 27, 27, 27, 27, 27, 27, 27, 27, 27, 27, 27, 27, 27, 27, 27, 27, 27, 27, 27, 27, 27, 27, 27, 27, 27, 27, 27, 27, 27, 27, 27, 27, 27, 27, 27, 27, 27, 27, 27, 36, 36, 36, 36, 36, 36, 36, 36, 36, 36, 36, 36, 36, 36, 36, 36, 36, 36, 36, 36, 36, 36, 36, 36, 36, 36, 36, 36, 36, 36, 36, 36, 36, 36, 36, 36, 36, 36, 36, 36, 36, 36, 36, 36, 36, 36, 36, 36, 36, 36, 36, 36]","[5.5, 5.5, 6.5, 6.5, 6.5]","[5.5, 5.5]","[6.5, 6.5, 6.5]",rgb/live/Synchro_006/28,118,110470.jpg,110587.jpg,rgb/replay1/Synchro_006/28,114,110887.jpg,111000.jpg,masks/live/Synchro_006/28,118,True,,0,False,unknown_existing_segmentation_output,[],masks/replay1/Synchro_006/28,predicted_input,True
2.0,Synchro_006/29,Synchro_006,29,test,407c,72.96,3.2,112719,112830,17,63,2,"[17, 63]",112,"[4, 4, 4, 4, 4, 4, 4, 4, 4, 4, 4, 4, 4, 4, 4, 4, 4, 4, 25, 25, 25, 25, 25, 25, 25, 25, 25, 25, 25, 25, 25, 25, 25, 25, 25, 25, 25, 25, 25, 25, 25, 25, 25, 25, 25, 25, 25, 25, 25, 25, 25, 25, 25, 25, 25, 25, 25, 25, 25, 25, 25, 25, 25, 25, 36, 36, 36, 36, 36, 36, 36, 36, 36, 36, 36, 36, 36, 36, 36, 36, 36, 36, 36, 36, 36, 36, 36, 36, 36, 36, 36, 36, 36, 36, 36, 36, 36, 36, 36, 36, 36, 36, 36, 36, 36, 36, 36, 36, 36, 36, 36, 36]","[8.0, 7.5, 7.5, 7.5, 7.5]","[8.0, 7.5]","[7.5, 7.5, 7.5]",rgb/live/Synchro_006/29,112,112719.jpg,112830.jpg,rgb/replay1/Synchro_006/29,124,113210.jpg,113333.jpg,masks/live/Synchro_006/29,112,True,,0,False,unknown_existing_segmentation_output,[],masks/replay1/Synchro_006/29,predicted_input,True
2.0,Synchro_006/30,Synchro_006,30,test,109c,75.48,3.7,114824,114935,17,65,2,"[17, 65]",112,"[1, 1, 1, 1, 1, 1, 1, 1, 1, 1, 1, 1, 1, 1, 1, 1, 1, 1, 27, 27, 27, 27, 27, 27, 27, 27, 27, 27, 27, 27, 27, 27, 27, 27, 27, 27, 27, 27, 27, 27, 27, 27, 27, 27, 27, 27, 27, 27, 27, 27, 27, 27, 27, 27, 27, 27, 27, 27, 27, 27, 27, 27, 27, 27, 27, 27, 36, 36, 36, 36, 36, 36, 36, 36, 36, 36, 36, 36, 36, 36, 36, 36, 36, 36, 36, 36, 36, 36, 36, 36, 36, 36, 36, 36, 36, 36, 36, 36, 36, 36, 36, 36, 36, 36, 36, 36, 36, 36, 36, 36, 36, 36]","[5.5, 7.5, 7.0, 7.0, 7.0]","[5.5, 7.5]","[7.0, 7.0, 7.0]",rgb/live/Synchro_006/30,112,114824.jpg,114935.jpg,rgb/replay1/Synchro_006/30,115,115277.jpg,115391.jpg,masks/live/Synchro_006/30,112,True,Trimmed_Diving_Video_Frames/TEMP_LIVE/Replay2/Synchro_006/30,114,True,unknown_existing_segmentation_output,[],masks/replay1/Synchro_006/30,predicted_input,True
2.0,Synchro_006/31,Synchro_006,31,train,5253b,85.44,3.2,119520,119655,28,93,3,"[28, 70, 93]",136,"[2, 2, 2, 2, 2, 2, 2, 2, 2, 2, 2, 2, 2, 2, 2, 2, 2, 2, 2, 2, 2, 2, 2, 2, 2, 2, 2, 2, 2, 31, 31, 31, 31, 31, 31, 31, 31, 31, 31, 31, 31, 31, 31, 31, 31, 31, 31, 31, 31, 31, 31, 31, 31, 31, 31, 31, 31, 31, 31, 31, 31, 31, 31, 31, 31, 31, 31, 31, 31, 31, 31, 15, 15, 15, 15, 15, 15, 15, 15, 15, 15, 15, 15, 15, 15, 15, 15, 15, 15, 15, 15, 15, 15, 15, 36, 36, 36, 36, 36, 36, 36, 36, 36, 36, 36, 36, 36, 36, 36, 36, 36, 36, 36, 36, 36, 36, 36, 36, 36, 36, 36, 36, 36, 36, 36, 36, 36, 36, 36, 36, 36, 36, 36, 36, 36, 36]","[9.0, 9.0, 9.0, 8.5, 9.0]","[9.0, 9.0]","[9.0, 8.5, 9.0]",rgb/live/Synchro_006/31,136,119520.jpg,119655.jpg,rgb/replay1/Synchro_006/31,120,119392.jpg,119511.jpg,masks/live/Synchro_006/31,136,True,,0,False,unknown_existing_segmentation_output,[],masks/replay1/Synchro_006/31,predicted_input,True
2.0,Synchro_006/32,Synchro_006,32,validation,109c,59.94,3.7,120853,120967,16,65,2,"[16, 65]",115,"[1, 1, 1, 1, 1, 1, 1, 1, 1, 1, 1, 1, 1, 1, 1, 1, 1, 27, 27, 27, 27, 27, 27, 27, 27, 27, 27, 27, 27, 27, 27, 27, 27, 27, 27, 27, 27, 27, 27, 27, 27, 27, 27, 27, 27, 27, 27, 27, 27, 27, 27, 27, 27, 27, 27, 27, 27, 27, 27, 27, 27, 27, 27, 27, 27, 27, 36, 36, 36, 36, 36, 36, 36, 36, 36, 36, 36, 36, 36, 36, 36, 36, 36, 36, 36, 36, 36, 36, 36, 36, 36, 36, 36, 36, 36, 36, 36, 36, 36, 36, 36, 36, 36, 36, 36, 36, 36, 36, 36, 36, 36, 36, 36, 36, 36]","[4.5, 4.5, 6.0, 6.0, 6.0]","[4.5, 4.5]","[6.0, 6.0, 6.0]",rgb/live/Synchro_006/32,115,120853.jpg,120967.jpg,rgb/replay1/Synchro_006/32,120,121343.jpg,121462.jpg,masks/live/Synchro_006/32,115,True,,0,False,unknown_existing_segmentation_output,[],masks/replay1/Synchro_006/32,predicted_input,True
2.0,Synchro_006/33,Synchro_006,33,train,5255b,77.76,3.6,123318,123416,14,60,3,"[14, 44, 60]",99,"[2, 2, 2, 2, 2, 2, 2, 2, 2, 2, 2, 2, 2, 2, 2, 33, 33, 33, 33, 33, 33, 33, 33, 33, 33, 33, 33, 33, 33, 33, 33, 33, 33, 33, 33, 33, 33, 33, 33, 33, 33, 33, 33, 33, 33, 15, 15, 15, 15, 15, 15, 15, 15, 15, 15, 15, 15, 15, 15, 15, 15, 36, 36, 36, 36, 36, 36, 36, 36, 36, 36, 36, 36, 36, 36, 36, 36, 36, 36, 36, 36, 36, 36, 36, 36, 36, 36, 36, 36, 36, 36, 36, 36, 36, 36, 36, 36, 36, 36]","[6.5, 7.5, 7.5, 7.0, 7.5]","[6.5, 7.5]","[7.5, 7.0, 7.5]",rgb/live/Synchro_006/33,99,123318.jpg,123416.jpg,rgb/replay1/Synchro_006/33,126,123792.jpg,123917.jpg,masks/live/Synchro_006/33,99,True,,0,False,unknown_existing_segmentation_output,[],masks/replay1/Synchro_006/33,predicted_input,True
2.0,Synchro_006/34,Synchro_006,34,train,109c,73.26,3.7,125123,125237,23,70,2,"[23, 70]",115,"[1, 1, 1, 1, 1, 1, 1, 1, 1, 1, 1, 1, 1, 1, 1, 1, 1, 1, 1, 1, 1, 1, 1, 1, 27, 27, 27, 27, 27, 27, 27, 27, 27, 27, 27, 27, 27, 27, 27, 27, 27, 27, 27, 27, 27, 27, 27, 27, 27, 27, 27, 27, 27, 27, 27, 27, 27, 27, 27, 27, 27, 27, 27, 27, 27, 27, 27, 27, 27, 27, 27, 36, 36, 36, 36, 36, 36, 36, 36, 36, 36, 36, 36, 36, 36, 36, 36, 36, 36, 36, 36, 36, 36, 36, 36, 36, 36, 36, 36, 36, 36, 36, 36, 36, 36, 36, 36, 36, 36, 36, 36, 36, 36, 36, 36]","[7.5, 5.0, 7.0, 7.0, 6.5]","[7.5, 5.0]","[7.0, 7.0, 6.5]",rgb/live/Synchro_006/34,115,125123.jpg,125237.jpg,rgb/replay1/Synchro_006/34,123,125483.jpg,125605.jpg,masks/live/Synchro_006/34,115,True,,0,False,unknown_existing_segmentation_output,[],masks/replay1/Synchro_006/34,predicted_input,True
2.0,Synchro_006/35,Synchro_006,35,train,109c,82.14,3.7,127893,128000,19,66,2,"[19, 66]",108,"[1, 1, 1, 1, 1, 1, 1, 1, 1, 1, 1, 1, 1, 1, 1, 1, 1, 1, 1, 1, 27, 27, 27, 27, 27, 27, 27, 27, 27, 27, 27, 27, 27, 27, 27, 27, 27, 27, 27, 27, 27, 27, 27, 27, 27, 27, 27, 27, 27, 27, 27, 27, 27, 27, 27, 27, 27, 27, 27, 27, 27, 27, 27, 27, 27, 27, 27, 36, 36, 36, 36, 36, 36, 36, 36, 36, 36, 36, 36, 36, 36, 36, 36, 36, 36, 36, 36, 36, 36, 36, 36, 36, 36, 36, 36, 36, 36, 36, 36, 36, 36, 36, 36, 36, 36, 36, 36, 36]","[7.5, 6.5, 8.0, 7.5, 7.5]","[7.5, 6.5]","[8.0, 7.5, 7.5]",rgb/live/Synchro_006/35,108,127893.jpg,128000.jpg,rgb/replay1/Synchro_006/35,137,128370.jpg,128506.jpg,masks/live/Synchro_006/35,108,True,Trimmed_Diving_Video_Frames/TEMP_LIVE/Replay2/Synchro_006/35,119,True,unknown_existing_segmentation_output,[],masks/replay1/Synchro_006/35,predicted_input,True
2.0,Synchro_006/36,Synchro_006,36,train,5253b,67.2,3.2,132056,132151,2,50,3,"[2, 25, 50]",96,"[2, 2, 2, 31, 31, 31, 31, 31, 31, 31, 31, 31, 31, 31, 31, 31, 31, 31, 31, 31, 31, 31, 31, 31, 31, 31, 15, 15, 15, 15, 15, 15, 15, 15, 15, 15, 15, 15, 15, 15, 15, 15, 15, 15, 15, 15, 15, 15, 15, 15, 15, 36, 36, 36, 36, 36, 36, 36, 36, 36, 36, 36, 36, 36, 36, 36, 36, 36, 36, 36, 36, 36, 36, 36, 36, 36, 36, 36, 36, 36, 36, 36, 36, 36, 36, 36, 36, 36, 36, 36, 36, 36, 36, 36, 36, 36]","[6.5, 7.0, 7.0, 7.5, 7.0]","[6.5, 7.0]","[7.0, 7.5, 7.0]",rgb/live/Synchro_006/36,96,132056.jpg,132151.jpg,rgb/replay1/Synchro_006/36,118,132534.jpg,132651.jpg,masks/live/Synchro_006/36,96,True,,0,False,unknown_existing_segmentation_output,[],masks/replay1/Synchro_006/36,predicted_input,True
2.0,Synchro_006/37,Synchro_006,37,train,5255b,75.6,3.6,134238,134342,16,63,3,"[16, 41, 63]",105,"[2, 2, 2, 2, 2, 2, 2, 2, 2, 2, 2, 2, 2, 2, 2, 2, 2, 33, 33, 33, 33, 33, 33, 33, 33, 33, 33, 33, 33, 33, 33, 33, 33, 33, 33, 33, 33, 33, 33, 33, 33, 33, 15, 15, 15, 15, 15, 15, 15, 15, 15, 15, 15, 15, 15, 15, 15, 15, 15, 15, 15, 15, 15, 15, 36, 36, 36, 36, 36, 36, 36, 36, 36, 36, 36, 36, 36, 36, 36, 36, 36, 36, 36, 36, 36, 36, 36, 36, 36, 36, 36, 36, 36, 36, 36, 36, 36, 36, 36, 36, 36, 36, 36, 36, 36]","[6.0, 6.5, 7.5, 7.5, 7.5]","[6.0, 6.5]","[7.5, 7.5, 7.5]",rgb/live/Synchro_006/37,105,134238.jpg,134342.jpg,rgb/replay1/Synchro_006/37,128,134723.jpg,134850.jpg,masks/live/Synchro_006/37,105,True,,0,False,unknown_existing_segmentation_output,[],masks/replay1/Synchro_006/37,predicted_input,True
2.0,Synchro_006/38,Synchro_006,38,train,109c,93.24,3.7,138415,138526,19,65,2,"[19, 65]",112,"[1, 1, 1, 1, 1, 1, 1, 1, 1, 1, 1, 1, 1, 1, 1, 1, 1, 1, 1, 1, 27, 27, 27, 27, 27, 27, 27, 27, 27, 27, 27, 27, 27, 27, 27, 27, 27, 27, 27, 27, 27, 27, 27, 27, 27, 27, 27, 27, 27, 27, 27, 27, 27, 27, 27, 27, 27, 27, 27, 27, 27, 27, 27, 27, 27, 27, 36, 36, 36, 36, 36, 36, 36, 36, 36, 36, 36, 36, 36, 36, 36, 36, 36, 36, 36, 36, 36, 36, 36, 36, 36, 36, 36, 36, 36, 36, 36, 36, 36, 36, 36, 36, 36, 36, 36, 36, 36, 36, 36, 36, 36, 36]","[8.0, 9.0, 8.5, 8.0, 8.5]","[8.0, 9.0]","[8.5, 8.0, 8.5]",rgb/live/Synchro_006/38,112,138415.jpg,138526.jpg,rgb/replay1/Synchro_006/38,140,138916.jpg,139055.jpg,masks/live/Synchro_006/38,112,True,Trimmed_Diving_Video_Frames/TEMP_LIVE/Replay2/Synchro_006/38,118,True,unknown_existing_segmentation_output,[],masks/replay1/Synchro_006/38,predicted_input,True
2.0,Synchro_006/39,Synchro_006,39,validation,5253b,70.08,3.2,140982,141077,0,44,3,"[0, 18, 44]",96,"[2, 31, 31, 31, 31, 31, 31, 31, 31, 31, 31, 31, 31, 31, 31, 31, 31, 31, 31, 15, 15, 15, 15, 15, 15, 15, 15, 15, 15, 15, 15, 15, 15, 15, 15, 15, 15, 15, 15, 15, 15, 15, 15, 15, 15, 36, 36, 36, 36, 36, 36, 36, 36, 36, 36, 36, 36, 36, 36, 36, 36, 36, 36, 36, 36, 36, 36, 36, 36, 36, 36, 36, 36, 36, 36, 36, 36, 36, 36, 36, 36, 36, 36, 36, 36, 36, 36, 36, 36, 36, 36, 36, 36, 36, 36, 36]","[6.0, 8.0, 7.5, 7.5, 7.5]","[6.0, 8.0]","[7.5, 7.5, 7.5]",rgb/live/Synchro_006/39,96,140982.jpg,141077.jpg,rgb/replay1/Synchro_006/39,121,141394.jpg,141514.jpg,masks/live/Synchro_006/39,96,True,Trimmed_Diving_Video_Frames/TEMP_LIVE/Replay2/Synchro_006/39,105,True,unknown_existing_segmentation_output,[],masks/replay1/Synchro_006/39,predicted_input,True
2.0,Synchro_006/40,Synchro_006,40,train,109c,74.37,3.7,143323,143433,17,65,2,"[17, 65]",111,"[1, 1, 1, 1, 1, 1, 1, 1, 1, 1, 1, 1, 1, 1, 1, 1, 1, 1, 27, 27, 27, 27, 27, 27, 27, 27, 27, 27, 27, 27, 27, 27, 27, 27, 27, 27, 27, 27, 27, 27, 27, 27, 27, 27, 27, 27, 27, 27, 27, 27, 27, 27, 27, 27, 27, 27, 27, 27, 27, 27, 27, 27, 27, 27, 27, 27, 36, 36, 36, 36, 36, 36, 36, 36, 36, 36, 36, 36, 36, 36, 36, 36, 36, 36, 36, 36, 36, 36, 36, 36, 36, 36, 36, 36, 36, 36, 36, 36, 36, 36, 36, 36, 36, 36, 36, 36, 36, 36, 36, 36, 36]","[6.5, 6.0, 7.0, 7.0, 7.0]","[6.5, 6.0]","[7.0, 7.0, 7.0]",rgb/live/Synchro_006/40,111,143323.jpg,143433.jpg,rgb/replay1/Synchro_006/40,125,143781.jpg,143905.jpg,masks/live/Synchro_006/40,111,True,Trimmed_Diving_Video_Frames/TEMP_LIVE/Replay2/Synchro_006/40,113,True,unknown_existing_segmentation_output,[],masks/replay1/Synchro_006/40,predicted_input,True
2.0,Synchro_007/0,Synchro_007,0,train,201b,48.6,2.0,37061,37156,3,41,2,"[3, 41]",96,"[2, 2, 2, 2, 37, 37, 37, 37, 37, 37, 37, 37, 37, 37, 37, 37, 37, 37, 37, 37, 37, 37, 37, 37, 37, 37, 37, 37, 37, 37, 37, 37, 37, 37, 37, 37, 37, 37, 37, 37, 37, 37, 36, 36, 36, 36, 36, 36, 36, 36, 36, 36, 36, 36, 36, 36, 36, 36, 36, 36, 36, 36, 36, 36, 36, 36, 36, 36, 36, 36, 36, 36, 36, 36, 36, 36, 36, 36, 36, 36, 36, 36, 36, 36, 36, 36, 36, 36, 36, 36, 36, 36, 36, 36, 36, 36]","[8.0, 8.5, 8.0, 8.0, 8.0]","[8.0, 8.5]","[8.0, 8.0, 8.0]",rgb/live/Synchro_007/0,96,037061.jpg,037156.jpg,rgb/replay1/Synchro_007/0,127,037411.jpg,037537.jpg,masks/live/Synchro_007/0,96,True,,0,False,unknown_existing_segmentation_output,[],masks/replay1/Synchro_007/0,predicted_input,True
2.0,Synchro_007/1,Synchro_007,1,train,201b,47.4,2.0,47429,47552,30,71,2,"[30, 71]",124,"[2, 2, 2, 2, 2, 2, 2, 2, 2, 2, 2, 2, 2, 2, 2, 2, 2, 2, 2, 2, 2, 2, 2, 2, 2, 2, 2, 2, 2, 2, 2, 37, 37, 37, 37, 37, 37, 37, 37, 37, 37, 37, 37, 37, 37, 37, 37, 37, 37, 37, 37, 37, 37, 37, 37, 37, 37, 37, 37, 37, 37, 37, 37, 37, 37, 37, 37, 37, 37, 37, 37, 37, 36, 36, 36, 36, 36, 36, 36, 36, 36, 36, 36, 36, 36, 36, 36, 36, 36, 36, 36, 36, 36, 36, 36, 36, 36, 36, 36, 36, 36, 36, 36, 36, 36, 36, 36, 36, 36, 36, 36, 36, 36, 36, 36, 36, 36, 36, 36, 36, 36, 36, 36, 36]","[7.0, 8.5, 8.0, 8.0, 8.0]","[7.0, 8.5]","[8.0, 8.0, 8.0]",rgb/live/Synchro_007/1,124,047429.jpg,047552.jpg,rgb/replay1/Synchro_007/1,134,047914.jpg,048047.jpg,masks/live/Synchro_007/1,124,True,Trimmed_Diving_Video_Frames/TEMP_LIVE/Replay2/Synchro_007/1,119,True,unknown_existing_segmentation_output,[],masks/replay1/Synchro_007/1,predicted_input,True
2.0,Synchro_007/2,Synchro_007,2,train,201b,45.6,2.0,49622,49722,3,43,2,"[3, 43]",101,"[2, 2, 2, 2, 37, 37, 37, 37, 37, 37, 37, 37, 37, 37, 37, 37, 37, 37, 37, 37, 37, 37, 37, 37, 37, 37, 37, 37, 37, 37, 37, 37, 37, 37, 37, 37, 37, 37, 37, 37, 37, 37, 37, 37, 36, 36, 36, 36, 36, 36, 36, 36, 36, 36, 36, 36, 36, 36, 36, 36, 36, 36, 36, 36, 36, 36, 36, 36, 36, 36, 36, 36, 36, 36, 36, 36, 36, 36, 36, 36, 36, 36, 36, 36, 36, 36, 36, 36, 36, 36, 36, 36, 36, 36, 36, 36, 36, 36, 36, 36, 36]","[6.5, 8.5, 7.5, 7.5, 8.0]","[6.5, 8.5]","[7.5, 7.5, 8.0]",rgb/live/Synchro_007/2,101,049622.jpg,049722.jpg,rgb/replay1/Synchro_007/2,138,050036.jpg,050173.jpg,masks/live/Synchro_007/2,101,True,Trimmed_Diving_Video_Frames/TEMP_LIVE/Replay2/Synchro_007/2,105,True,unknown_existing_segmentation_output,[],masks/replay1/Synchro_007/2,predicted_input,True
2.0,Synchro_007/3,Synchro_007,3,train,201b,46.8,2.0,53891,53989,0,42,2,"[0, 42]",99,"[2, 37, 37, 37, 37, 37, 37, 37, 37, 37, 37, 37, 37, 37, 37, 37, 37, 37, 37, 37, 37, 37, 37, 37, 37, 37, 37, 37, 37, 37, 37, 37, 37, 37, 37, 37, 37, 37, 37, 37, 37, 37, 37, 36, 36, 36, 36, 36, 36, 36, 36, 36, 36, 36, 36, 36, 36, 36, 36, 36, 36, 36, 36, 36, 36, 36, 36, 36, 36, 36, 36, 36, 36, 36, 36, 36, 36, 36, 36, 36, 36, 36, 36, 36, 36, 36, 36, 36, 36, 36, 36, 36, 36, 36, 36, 36, 36, 36, 36]","[8.0, 8.0, 7.5, 7.5, 8.0]","[8.0, 8.0]","[7.5, 7.5, 8.0]",rgb/live/Synchro_007/3,99,053891.jpg,053989.jpg,rgb/replay1/Synchro_007/3,150,054301.jpg,054450.jpg,masks/live/Synchro_007/3,99,True,,0,False,unknown_existing_segmentation_output,[],masks/replay1/Synchro_007/3,predicted_input,True
2.0,Synchro_007/4,Synchro_007,4,test,301b,46.2,2.0,69926,70021,3,40,2,"[3, 40]",96,"[3, 3, 3, 3, 37, 37, 37, 37, 37, 37, 37, 37, 37, 37, 37, 37, 37, 37, 37, 37, 37, 37, 37, 37, 37, 37, 37, 37, 37, 37, 37, 37, 37, 37, 37, 37, 37, 37, 37, 37, 37, 36, 36, 36, 36, 36, 36, 36, 36, 36, 36, 36, 36, 36, 36, 36, 36, 36, 36, 36, 36, 36, 36, 36, 36, 36, 36, 36, 36, 36, 36, 36, 36, 36, 36, 36, 36, 36, 36, 36, 36, 36, 36, 36, 36, 36, 36, 36, 36, 36, 36, 36, 36, 36, 36, 36]","[8.5, 7.5, 7.5, 7.5, 7.5]","[8.5, 7.5]","[7.5, 7.5, 7.5]",rgb/live/Synchro_007/4,96,069926.jpg,070021.jpg,rgb/replay1/Synchro_007/4,144,070416.jpg,070559.jpg,masks/live/Synchro_007/4,96,True,,0,False,unknown_existing_segmentation_output,[],masks/replay1/Synchro_007/4,predicted_input,True
2.0,Synchro_007/5,Synchro_007,5,train,301b,50.4,2.0,71908,72003,6,46,2,"[6, 46]",96,"[3, 3, 3, 3, 3, 3, 3, 37, 37, 37, 37, 37, 37, 37, 37, 37, 37, 37, 37, 37, 37, 37, 37, 37, 37, 37, 37, 37, 37, 37, 37, 37, 37, 37, 37, 37, 37, 37, 37, 37, 37, 37, 37, 37, 37, 37, 37, 36, 36, 36, 36, 36, 36, 36, 36, 36, 36, 36, 36, 36, 36, 36, 36, 36, 36, 36, 36, 36, 36, 36, 36, 36, 36, 36, 36, 36, 36, 36, 36, 36, 36, 36, 36, 36, 36, 36, 36, 36, 36, 36, 36, 36, 36, 36, 36, 36]","[8.5, 8.5, 8.5, 8.5, 8.0]","[8.5, 8.5]","[8.5, 8.5, 8.0]",rgb/live/Synchro_007/5,96,071908.jpg,072003.jpg,rgb/replay1/Synchro_007/5,150,072320.jpg,072469.jpg,masks/live/Synchro_007/5,96,True,Trimmed_Diving_Video_Frames/TEMP_LIVE/Replay2/Synchro_007/5,125,True,unknown_existing_segmentation_output,[],masks/replay1/Synchro_007/5,predicted_input,True
2.0,Synchro_007/6,Synchro_007,6,train,407c,52.8,3.2,77383,77490,5,49,2,"[5, 49]",108,"[4, 4, 4, 4, 4, 4, 25, 25, 25, 25, 25, 25, 25, 25, 25, 25, 25, 25, 25, 25, 25, 25, 25, 25, 25, 25, 25, 25, 25, 25, 25, 25, 25, 25, 25, 25, 25, 25, 25, 25, 25, 25, 25, 25, 25, 25, 25, 25, 25, 25, 36, 36, 36, 36, 36, 36, 36, 36, 36, 36, 36, 36, 36, 36, 36, 36, 36, 36, 36, 36, 36, 36, 36, 36, 36, 36, 36, 36, 36, 36, 36, 36, 36, 36, 36, 36, 36, 36, 36, 36, 36, 36, 36, 36, 36, 36, 36, 36, 36, 36, 36, 36, 36, 36, 36, 36, 36, 36]","[3.5, 6.0, 6.0, 6.0, 6.0]","[3.5, 6.0]","[6.0, 6.0, 6.0]",rgb/live/Synchro_007/6,108,077383.jpg,077490.jpg,rgb/replay1/Synchro_007/6,163,077795.jpg,077957.jpg,masks/live/Synchro_007/6,108,True,Trimmed_Diving_Video_Frames/TEMP_LIVE/Replay2/Synchro_007/6,101,True,unknown_existing_segmentation_output,[],masks/replay1/Synchro_007/6,predicted_input,True
2.0,Synchro_007/7,Synchro_007,7,train,407c,68.16,3.2,81630,81727,5,51,2,"[5, 51]",98,"[4, 4, 4, 4, 4, 4, 25, 25, 25, 25, 25, 25, 25, 25, 25, 25, 25, 25, 25, 25, 25, 25, 25, 25, 25, 25, 25, 25, 25, 25, 25, 25, 25, 25, 25, 25, 25, 25, 25, 25, 25, 25, 25, 25, 25, 25, 25, 25, 25, 25, 25, 25, 36, 36, 36, 36, 36, 36, 36, 36, 36, 36, 36, 36, 36, 36, 36, 36, 36, 36, 36, 36, 36, 36, 36, 36, 36, 36, 36, 36, 36, 36, 36, 36, 36, 36, 36, 36, 36, 36, 36, 36, 36, 36, 36, 36, 36, 36]","[7.0, 7.0, 7.5, 7.0, 7.0]","[7.0, 7.0]","[7.5, 7.0, 7.0]",rgb/live/Synchro_007/7,98,081630.jpg,081727.jpg,rgb/replay1/Synchro_007/7,108,082110.jpg,082217.jpg,masks/live/Synchro_007/7,98,True,,0,False,unknown_existing_segmentation_output,[],masks/replay1/Synchro_007/7,predicted_input,True
2.0,Synchro_007/8,Synchro_007,8,train,107b,70.2,3.0,85687,85789,10,55,2,"[10, 55]",103,"[1, 1, 1, 1, 1, 1, 1, 1, 1, 1, 1, 17, 17, 17, 17, 17, 17, 17, 17, 17, 17, 17, 17, 17, 17, 17, 17, 17, 17, 17, 17, 17, 17, 17, 17, 17, 17, 17, 17, 17, 17, 17, 17, 17, 17, 17, 17, 17, 17, 17, 17, 17, 17, 17, 17, 17, 36, 36, 36, 36, 36, 36, 36, 36, 36, 36, 36, 36, 36, 36, 36, 36, 36, 36, 36, 36, 36, 36, 36, 36, 36, 36, 36, 36, 36, 36, 36, 36, 36, 36, 36, 36, 36, 36, 36, 36, 36, 36, 36, 36, 36, 36, 36]","[8.5, 7.0, 8.0, 8.0, 7.5]","[8.5, 7.0]","[8.0, 8.0, 7.5]",rgb/live/Synchro_007/8,103,085687.jpg,085789.jpg,rgb/replay1/Synchro_007/8,121,086121.jpg,086241.jpg,masks/live/Synchro_007/8,103,True,,0,False,unknown_existing_segmentation_output,[],masks/replay1/Synchro_007/8,predicted_input,True
2.0,Synchro_007/9,Synchro_007,9,train,5253b,67.2,3.2,92040,92136,5,50,3,"[5, 26, 50]",97,"[2, 2, 2, 2, 2, 2, 31, 31, 31, 31, 31, 31, 31, 31, 31, 31, 31, 31, 31, 31, 31, 31, 31, 31, 31, 31, 31, 15, 15, 15, 15, 15, 15, 15, 15, 15, 15, 15, 15, 15, 15, 15, 15, 15, 15, 15, 15, 15, 15, 15, 15, 36, 36, 36, 36, 36, 36, 36, 36, 36, 36, 36, 36, 36, 36, 36, 36, 36, 36, 36, 36, 36, 36, 36, 36, 36, 36, 36, 36, 36, 36, 36, 36, 36, 36, 36, 36, 36, 36, 36, 36, 36, 36, 36, 36, 36, 36]","[6.0, 8.0, 7.0, 7.0, 7.0]","[6.0, 8.0]","[7.0, 7.0, 7.0]",rgb/live/Synchro_007/9,97,092040.jpg,092136.jpg,rgb/replay1/Synchro_007/9,147,092537.jpg,092683.jpg,masks/live/Synchro_007/9,97,True,,0,False,unknown_existing_segmentation_output,[],masks/replay1/Synchro_007/9,predicted_input,True
2.0,Synchro_007/10,Synchro_007,10,validation,207c,59.4,3.3,94043,94144,5,53,2,"[5, 53]",102,"[2, 2, 2, 2, 2, 2, 25, 25, 25, 25, 25, 25, 25, 25, 25, 25, 25, 25, 25, 25, 25, 25, 25, 25, 25, 25, 25, 25, 25, 25, 25, 25, 25, 25, 25, 25, 25, 25, 25, 25, 25, 25, 25, 25, 25, 25, 25, 25, 25, 25, 25, 25, 25, 25, 36, 36, 36, 36, 36, 36, 36, 36, 36, 36, 36, 36, 36, 36, 36, 36, 36, 36, 36, 36, 36, 36, 36, 36, 36, 36, 36, 36, 36, 36, 36, 36, 36, 36, 36, 36, 36, 36, 36, 36, 36, 36, 36, 36, 36, 36, 36, 36]","[5.0, 5.5, 6.5, 6.5, 6.5]","[5.0, 5.5]","[6.5, 6.5, 6.5]",rgb/live/Synchro_007/10,102,094043.jpg,094144.jpg,rgb/replay1/Synchro_007/10,116,094457.jpg,094572.jpg,masks/live/Synchro_007/10,102,True,Trimmed_Diving_Video_Frames/TEMP_LIVE/Replay2/Synchro_007/10,122,True,unknown_existing_segmentation_output,[],masks/replay1/Synchro_007/10,predicted_input,True
2.0,Synchro_007/11,Synchro_007,11,train,107b,63.9,3.0,98305,98400,0,46,2,"[0, 46]",96,"[1, 17, 17, 17, 17, 17, 17, 17, 17, 17, 17, 17, 17, 17, 17, 17, 17, 17, 17, 17, 17, 17, 17, 17, 17, 17, 17, 17, 17, 17, 17, 17, 17, 17, 17, 17, 17, 17, 17, 17, 17, 17, 17, 17, 17, 17, 17, 36, 36, 36, 36, 36, 36, 36, 36, 36, 36, 36, 36, 36, 36, 36, 36, 36, 36, 36, 36, 36, 36, 36, 36, 36, 36, 36, 36, 36, 36, 36, 36, 36, 36, 36, 36, 36, 36, 36, 36, 36, 36, 36, 36, 36, 36, 36, 36, 36]","[6.5, 7.0, 7.0, 7.5, 7.5]","[6.5, 7.0]","[7.0, 7.5, 7.5]",rgb/live/Synchro_007/11,96,098305.jpg,098400.jpg,rgb/replay1/Synchro_007/11,138,098790.jpg,098927.jpg,masks/live/Synchro_007/11,96,True,Trimmed_Diving_Video_Frames/TEMP_LIVE/Replay2/Synchro_007/11,100,True,unknown_existing_segmentation_output,[],masks/replay1/Synchro_007/11,predicted_input,True
2.0,Synchro_007/12,Synchro_007,12,test,5253b,67.2,3.2,100527,100624,2,46,3,"[2, 22, 46]",98,"[2, 2, 2, 31, 31, 31, 31, 31, 31, 31, 31, 31, 31, 31, 31, 31, 31, 31, 31, 31, 31, 31, 31, 15, 15, 15, 15, 15, 15, 15, 15, 15, 15, 15, 15, 15, 15, 15, 15, 15, 15, 15, 15, 15, 15, 15, 15, 36, 36, 36, 36, 36, 36, 36, 36, 36, 36, 36, 36, 36, 36, 36, 36, 36, 36, 36, 36, 36, 36, 36, 36, 36, 36, 36, 36, 36, 36, 36, 36, 36, 36, 36, 36, 36, 36, 36, 36, 36, 36, 36, 36, 36, 36, 36, 36, 36, 36, 36]","[6.5, 7.0, 7.0, 7.0, 7.5]","[6.5, 7.0]","[7.0, 7.0, 7.5]",rgb/live/Synchro_007/12,98,100527.jpg,100624.jpg,rgb/replay1/Synchro_007/12,128,100950.jpg,101077.jpg,masks/live/Synchro_007/12,98,True,,0,False,unknown_existing_segmentation_output,[],masks/replay1/Synchro_007/12,predicted_input,True
2.0,Synchro_007/13,Synchro_007,13,validation,407c,72.0,3.2,102570,102667,7,53,2,"[7, 53]",98,"[4, 4, 4, 4, 4, 4, 4, 4, 25, 25, 25, 25, 25, 25, 25, 25, 25, 25, 25, 25, 25, 25, 25, 25, 25, 25, 25, 25, 25, 25, 25, 25, 25, 25, 25, 25, 25, 25, 25, 25, 25, 25, 25, 25, 25, 25, 25, 25, 25, 25, 25, 25, 25, 25, 36, 36, 36, 36, 36, 36, 36, 36, 36, 36, 36, 36, 36, 36, 36, 36, 36, 36, 36, 36, 36, 36, 36, 36, 36, 36, 36, 36, 36, 36, 36, 36, 36, 36, 36, 36, 36, 36, 36, 36, 36, 36, 36, 36]","[8.0, 7.5, 7.5, 7.0, 7.5]","[8.0, 7.5]","[7.5, 7.0, 7.5]",rgb/live/Synchro_007/13,98,102570.jpg,102667.jpg,rgb/replay1/Synchro_007/13,131,102980.jpg,103110.jpg,masks/live/Synchro_007/13,98,True,,0,False,unknown_existing_segmentation_output,[],masks/replay1/Synchro_007/13,predicted_input,True
2.0,Synchro_007/14,Synchro_007,14,train,407c,60.48,3.2,104718,104816,3,46,2,"[3, 46]",99,"[4, 4, 4, 4, 25, 25, 25, 25, 25, 25, 25, 25, 25, 25, 25, 25, 25, 25, 25, 25, 25, 25, 25, 25, 25, 25, 25, 25, 25, 25, 25, 25, 25, 25, 25, 25, 25, 25, 25, 25, 25, 25, 25, 25, 25, 25, 25, 36, 36, 36, 36, 36, 36, 36, 36, 36, 36, 36, 36, 36, 36, 36, 36, 36, 36, 36, 36, 36, 36, 36, 36, 36, 36, 36, 36, 36, 36, 36, 36, 36, 36, 36, 36, 36, 36, 36, 36, 36, 36, 36, 36, 36, 36, 36, 36, 36, 36, 36, 36]","[7.0, 5.5, 6.5, 6.5, 6.0]","[7.0, 5.5]","[6.5, 6.5, 6.0]",rgb/live/Synchro_007/14,99,104718.jpg,104816.jpg,rgb/replay1/Synchro_007/14,132,105080.jpg,105211.jpg,masks/live/Synchro_007/14,99,True,,0,False,unknown_existing_segmentation_output,[],masks/replay1/Synchro_007/14,predicted_input,True
2.0,Synchro_007/15,Synchro_007,15,test,107b,62.1,3.0,107902,107997,1,44,2,"[1, 44]",96,"[1, 1, 17, 17, 17, 17, 17, 17, 17, 17, 17, 17, 17, 17, 17, 17, 17, 17, 17, 17, 17, 17, 17, 17, 17, 17, 17, 17, 17, 17, 17, 17, 17, 17, 17, 17, 17, 17, 17, 17, 17, 17, 17, 17, 17, 36, 36, 36, 36, 36, 36, 36, 36, 36, 36, 36, 36, 36, 36, 36, 36, 36, 36, 36, 36, 36, 36, 36, 36, 36, 36, 36, 36, 36, 36, 36, 36, 36, 36, 36, 36, 36, 36, 36, 36, 36, 36, 36, 36, 36, 36, 36, 36, 36, 36, 36]","[7.5, 6.0, 7.0, 7.0, 7.0]","[7.5, 6.0]","[7.0, 7.0, 7.0]",rgb/live/Synchro_007/15,96,107902.jpg,107997.jpg,rgb/replay1/Synchro_007/15,126,108327.jpg,108452.jpg,masks/live/Synchro_007/15,96,True,,0,False,unknown_existing_segmentation_output,[],masks/replay1/Synchro_007/15,predicted_input,True
2.0,Synchro_007/16,Synchro_007,16,train,5253b,91.2,3.2,112236,112334,12,58,3,"[12, 33, 58]",99,"[2, 2, 2, 2, 2, 2, 2, 2, 2, 2, 2, 2, 2, 31, 31, 31, 31, 31, 31, 31, 31, 31, 31, 31, 31, 31, 31, 31, 31, 31, 31, 31, 31, 31, 15, 15, 15, 15, 15, 15, 15, 15, 15, 15, 15, 15, 15, 15, 15, 15, 15, 15, 15, 15, 15, 15, 15, 15, 15, 36, 36, 36, 36, 36, 36, 36, 36, 36, 36, 36, 36, 36, 36, 36, 36, 36, 36, 36, 36, 36, 36, 36, 36, 36, 36, 36, 36, 36, 36, 36, 36, 36, 36, 36, 36, 36, 36, 36, 36]","[10.0, 9.0, 9.5, 9.5, 9.5]","[10.0, 9.0]","[9.5, 9.5, 9.5]",rgb/live/Synchro_007/16,99,112236.jpg,112334.jpg,rgb/replay1/Synchro_007/16,145,112643.jpg,112787.jpg,masks/live/Synchro_007/16,99,True,Trimmed_Diving_Video_Frames/TEMP_LIVE/Replay2/Synchro_007/16,137,True,unknown_existing_segmentation_output,[],masks/replay1/Synchro_007/16,predicted_input,True
2.0,Synchro_007/17,Synchro_007,17,train,5253b,73.92,3.2,114498,114597,11,56,3,"[11, 34, 56]",100,"[2, 2, 2, 2, 2, 2, 2, 2, 2, 2, 2, 2, 31, 31, 31, 31, 31, 31, 31, 31, 31, 31, 31, 31, 31, 31, 31, 31, 31, 31, 31, 31, 31, 31, 31, 15, 15, 15, 15, 15, 15, 15, 15, 15, 15, 15, 15, 15, 15, 15, 15, 15, 15, 15, 15, 15, 15, 36, 36, 36, 36, 36, 36, 36, 36, 36, 36, 36, 36, 36, 36, 36, 36, 36, 36, 36, 36, 36, 36, 36, 36, 36, 36, 36, 36, 36, 36, 36, 36, 36, 36, 36, 36, 36, 36, 36, 36, 36, 36, 36]","[7.0, 8.0, 8.0, 7.5, 8.0]","[7.0, 8.0]","[8.0, 7.5, 8.0]",rgb/live/Synchro_007/17,100,114498.jpg,114597.jpg,rgb/replay1/Synchro_007/17,130,114861.jpg,114990.jpg,masks/live/Synchro_007/17,100,True,,0,False,unknown_existing_segmentation_output,[],masks/replay1/Synchro_007/17,predicted_input,True
2.0,Synchro_008/0,Synchro_008,0,train,403b,43.2,2.0,22924,23040,37,74,2,"[37, 74]",117,"[4, 4, 4, 4, 4, 4, 4, 4, 4, 4, 4, 4, 4, 4, 4, 4, 4, 4, 4, 4, 4, 4, 4, 4, 4, 4, 4, 4, 4, 4, 4, 4, 4, 4, 4, 4, 4, 4, 13, 13, 13, 13, 13, 13, 13, 13, 13, 13, 13, 13, 13, 13, 13, 13, 13, 13, 13, 13, 13, 13, 13, 13, 13, 13, 13, 13, 13, 13, 13, 13, 13, 13, 13, 13, 13, 36, 36, 36, 36, 36, 36, 36, 36, 36, 36, 36, 36, 36, 36, 36, 36, 36, 36, 36, 36, 36, 36, 36, 36, 36, 36, 36, 36, 36, 36, 36, 36, 36, 36, 36, 36, 36, 36, 36, 36, 36, 36]","[6.5, 7.0, 7.5, 7.5, 7.5]","[6.5, 7.0]","[7.5, 7.5, 7.5]",rgb/live/Synchro_008/0,117,022924.jpg,023040.jpg,rgb/replay1/Synchro_008/0,238,023310.jpg,023547.jpg,masks/live/Synchro_008/0,117,True,,0,False,unknown_existing_segmentation_output,[],masks/replay1/Synchro_008/0,predicted_input,True
2.0,Synchro_008/1,Synchro_008,1,train,201b,46.8,2.0,24832,24951,43,75,2,"[43, 75]",120,"[2, 2, 2, 2, 2, 2, 2, 2, 2, 2, 2, 2, 2, 2, 2, 2, 2, 2, 2, 2, 2, 2, 2, 2, 2, 2, 2, 2, 2, 2, 2, 2, 2, 2, 2, 2, 2, 2, 2, 2, 2, 2, 2, 2, 37, 37, 37, 37, 37, 37, 37, 37, 37, 37, 37, 37, 37, 37, 37, 37, 37, 37, 37, 37, 37, 37, 37, 37, 37, 37, 37, 37, 37, 37, 37, 37, 36, 36, 36, 36, 36, 36, 36, 36, 36, 36, 36, 36, 36, 36, 36, 36, 36, 36, 36, 36, 36, 36, 36, 36, 36, 36, 36, 36, 36, 36, 36, 36, 36, 36, 36, 36, 36, 36, 36, 36, 36, 36, 36, 36]","[8.0, 7.0, 8.0, 8.0, 8.0]","[8.0, 7.0]","[8.0, 8.0, 8.0]",rgb/live/Synchro_008/1,120,024832.jpg,024951.jpg,rgb/replay1/Synchro_008/1,259,025278.jpg,025536.jpg,masks/live/Synchro_008/1,120,True,,0,False,unknown_existing_segmentation_output,[],masks/replay1/Synchro_008/1,predicted_input,True
2.0,Synchro_008/2,Synchro_008,2,train,201b,44.4,2.0,26543,26649,33,68,2,"[33, 68]",107,"[2, 2, 2, 2, 2, 2, 2, 2, 2, 2, 2, 2, 2, 2, 2, 2, 2, 2, 2, 2, 2, 2, 2, 2, 2, 2, 2, 2, 2, 2, 2, 2, 2, 2, 37, 37, 37, 37, 37, 37, 37, 37, 37, 37, 37, 37, 37, 37, 37, 37, 37, 37, 37, 37, 37, 37, 37, 37, 37, 37, 37, 37, 37, 37, 37, 37, 37, 37, 37, 36, 36, 36, 36, 36, 36, 36, 36, 36, 36, 36, 36, 36, 36, 36, 36, 36, 36, 36, 36, 36, 36, 36, 36, 36, 36, 36, 36, 36, 36, 36, 36, 36, 36, 36, 36, 36, 36]","[7.5, 7.0, 7.5, 7.5, 7.5]","[7.5, 7.0]","[7.5, 7.5, 7.5]",rgb/live/Synchro_008/2,107,026543.jpg,026649.jpg,rgb/replay1/Synchro_008/2,190,026990.jpg,027179.jpg,masks/live/Synchro_008/2,107,True,,0,False,unknown_existing_segmentation_output,[],masks/replay1/Synchro_008/2,predicted_input,True
2.0,Synchro_008/3,Synchro_008,3,test,201b,54.6,2.0,28508,28611,34,70,2,"[34, 70]",104,"[2, 2, 2, 2, 2, 2, 2, 2, 2, 2, 2, 2, 2, 2, 2, 2, 2, 2, 2, 2, 2, 2, 2, 2, 2, 2, 2, 2, 2, 2, 2, 2, 2, 2, 2, 37, 37, 37, 37, 37, 37, 37, 37, 37, 37, 37, 37, 37, 37, 37, 37, 37, 37, 37, 37, 37, 37, 37, 37, 37, 37, 37, 37, 37, 37, 37, 37, 37, 37, 37, 37, 36, 36, 36, 36, 36, 36, 36, 36, 36, 36, 36, 36, 36, 36, 36, 36, 36, 36, 36, 36, 36, 36, 36, 36, 36, 36, 36, 36, 36, 36, 36, 36, 36]","[9.0, 9.0, 9.0, 9.5, 9.0]","[9.0, 9.0]","[9.0, 9.5, 9.0]",rgb/live/Synchro_008/3,104,028508.jpg,028611.jpg,rgb/replay1/Synchro_008/3,231,028981.jpg,029211.jpg,masks/live/Synchro_008/3,104,True,,0,False,unknown_existing_segmentation_output,[],masks/replay1/Synchro_008/3,predicted_input,True
2.0,Synchro_008/4,Synchro_008,4,train,401b,45.6,2.0,30268,30373,36,72,2,"[36, 72]",106,"[4, 4, 4, 4, 4, 4, 4, 4, 4, 4, 4, 4, 4, 4, 4, 4, 4, 4, 4, 4, 4, 4, 4, 4, 4, 4, 4, 4, 4, 4, 4, 4, 4, 4, 4, 4, 4, 37, 37, 37, 37, 37, 37, 37, 37, 37, 37, 37, 37, 37, 37, 37, 37, 37, 37, 37, 37, 37, 37, 37, 37, 37, 37, 37, 37, 37, 37, 37, 37, 37, 37, 37, 37, 36, 36, 36, 36, 36, 36, 36, 36, 36, 36, 36, 36, 36, 36, 36, 36, 36, 36, 36, 36, 36, 36, 36, 36, 36, 36, 36, 36, 36, 36, 36, 36, 36]","[7.5, 8.0, 7.5, 7.5, 7.5]","[7.5, 8.0]","[7.5, 7.5, 7.5]",rgb/live/Synchro_008/4,106,030268.jpg,030373.jpg,rgb/replay1/Synchro_008/4,239,030752.jpg,030990.jpg,masks/live/Synchro_008/4,106,True,,0,False,unknown_existing_segmentation_output,[],masks/replay1/Synchro_008/4,predicted_input,True
2.0,Synchro_008/5,Synchro_008,5,test,201b,47.4,2.0,31984,32089,34,67,2,"[34, 67]",106,"[2, 2, 2, 2, 2, 2, 2, 2, 2, 2, 2, 2, 2, 2, 2, 2, 2, 2, 2, 2, 2, 2, 2, 2, 2, 2, 2, 2, 2, 2, 2, 2, 2, 2, 2, 37, 37, 37, 37, 37, 37, 37, 37, 37, 37, 37, 37, 37, 37, 37, 37, 37, 37, 37, 37, 37, 37, 37, 37, 37, 37, 37, 37, 37, 37, 37, 37, 37, 36, 36, 36, 36, 36, 36, 36, 36, 36, 36, 36, 36, 36, 36, 36, 36, 36, 36, 36, 36, 36, 36, 36, 36, 36, 36, 36, 36, 36, 36, 36, 36, 36, 36, 36, 36, 36, 36]","[7.5, 8.0, 8.0, 8.0, 8.0]","[7.5, 8.0]","[8.0, 8.0, 8.0]",rgb/live/Synchro_008/5,106,031984.jpg,032089.jpg,rgb/replay1/Synchro_008/5,216,032329.jpg,032544.jpg,masks/live/Synchro_008/5,106,True,,0,False,unknown_existing_segmentation_output,[],masks/replay1/Synchro_008/5,predicted_input,True
2.0,Synchro_008/6,Synchro_008,6,train,201b,43.2,2.0,33784,33887,37,73,2,"[37, 73]",104,"[2, 2, 2, 2, 2, 2, 2, 2, 2, 2, 2, 2, 2, 2, 2, 2, 2, 2, 2, 2, 2, 2, 2, 2, 2, 2, 2, 2, 2, 2, 2, 2, 2, 2, 2, 2, 2, 2, 37, 37, 37, 37, 37, 37, 37, 37, 37, 37, 37, 37, 37, 37, 37, 37, 37, 37, 37, 37, 37, 37, 37, 37, 37, 37, 37, 37, 37, 37, 37, 37, 37, 37, 37, 37, 36, 36, 36, 36, 36, 36, 36, 36, 36, 36, 36, 36, 36, 36, 36, 36, 36, 36, 36, 36, 36, 36, 36, 36, 36, 36, 36, 36, 36, 36]","[6.5, 7.5, 7.5, 7.0, 7.5]","[6.5, 7.5]","[7.5, 7.0, 7.5]",rgb/live/Synchro_008/6,104,033784.jpg,033887.jpg,rgb/replay1/Synchro_008/6,213,034183.jpg,034395.jpg,masks/live/Synchro_008/6,104,True,,0,False,unknown_existing_segmentation_output,[],masks/replay1/Synchro_008/6,predicted_input,True
2.0,Synchro_008/7,Synchro_008,7,test,201b,41.4,2.0,35685,35790,32,68,2,"[32, 68]",106,"[2, 2, 2, 2, 2, 2, 2, 2, 2, 2, 2, 2, 2, 2, 2, 2, 2, 2, 2, 2, 2, 2, 2, 2, 2, 2, 2, 2, 2, 2, 2, 2, 2, 37, 37, 37, 37, 37, 37, 37, 37, 37, 37, 37, 37, 37, 37, 37, 37, 37, 37, 37, 37, 37, 37, 37, 37, 37, 37, 37, 37, 37, 37, 37, 37, 37, 37, 37, 37, 36, 36, 36, 36, 36, 36, 36, 36, 36, 36, 36, 36, 36, 36, 36, 36, 36, 36, 36, 36, 36, 36, 36, 36, 36, 36, 36, 36, 36, 36, 36, 36, 36, 36, 36, 36, 36]","[7.0, 7.5, 6.5, 7.0, 6.5]","[7.0, 7.5]","[6.5, 7.0, 6.5]",rgb/live/Synchro_008/7,106,035685.jpg,035790.jpg,rgb/replay1/Synchro_008/7,234,036091.jpg,036324.jpg,masks/live/Synchro_008/7,106,True,,0,False,unknown_existing_segmentation_output,[],masks/replay1/Synchro_008/7,predicted_input,True
2.0,Synchro_008/8,Synchro_008,8,train,301b,46.8,2.0,39956,40079,46,80,2,"[46, 80]",124,"[3, 3, 3, 3, 3, 3, 3, 3, 3, 3, 3, 3, 3, 3, 3, 3, 3, 3, 3, 3, 3, 3, 3, 3, 3, 3, 3, 3, 3, 3, 3, 3, 3, 3, 3, 3, 3, 3, 3, 3, 3, 3, 3, 3, 3, 3, 3, 37, 37, 37, 37, 37, 37, 37, 37, 37, 37, 37, 37, 37, 37, 37, 37, 37, 37, 37, 37, 37, 37, 37, 37, 37, 37, 37, 37, 37, 37, 37, 37, 37, 37, 36, 36, 36, 36, 36, 36, 36, 36, 36, 36, 36, 36, 36, 36, 36, 36, 36, 36, 36, 36, 36, 36, 36, 36, 36, 36, 36, 36, 36, 36, 36, 36, 36, 36, 36, 36, 36, 36, 36, 36, 36, 36, 36]","[8.0, 7.5, 7.5, 8.0, 8.0]","[8.0, 7.5]","[7.5, 8.0, 8.0]",rgb/live/Synchro_008/8,124,039956.jpg,040079.jpg,rgb/replay1/Synchro_008/8,283,040435.jpg,040717.jpg,masks/live/Synchro_008/8,124,True,,0,False,unknown_existing_segmentation_output,[],masks/replay1/Synchro_008/8,predicted_input,True
2.0,Synchro_008/9,Synchro_008,9,train,301b,38.4,2.0,41488,41598,44,79,2,"[44, 79]",111,"[3, 3, 3, 3, 3, 3, 3, 3, 3, 3, 3, 3, 3, 3, 3, 3, 3, 3, 3, 3, 3, 3, 3, 3, 3, 3, 3, 3, 3, 3, 3, 3, 3, 3, 3, 3, 3, 3, 3, 3, 3, 3, 3, 3, 3, 37, 37, 37, 37, 37, 37, 37, 37, 37, 37, 37, 37, 37, 37, 37, 37, 37, 37, 37, 37, 37, 37, 37, 37, 37, 37, 37, 37, 37, 37, 37, 37, 37, 37, 37, 36, 36, 36, 36, 36, 36, 36, 36, 36, 36, 36, 36, 36, 36, 36, 36, 36, 36, 36, 36, 36, 36, 36, 36, 36, 36, 36, 36, 36, 36, 36]","[6.0, 6.5, 6.5, 6.5, 6.5]","[6.0, 6.5]","[6.5, 6.5, 6.5]",rgb/live/Synchro_008/9,111,041488.jpg,041598.jpg,rgb/replay1/Synchro_008/9,203,041947.jpg,042149.jpg,masks/live/Synchro_008/9,111,True,,0,False,unknown_existing_segmentation_output,[],masks/replay1/Synchro_008/9,predicted_input,True
2.0,Synchro_008/10,Synchro_008,10,train,301b,54.0,2.0,43270,43389,44,82,2,"[44, 82]",120,"[3, 3, 3, 3, 3, 3, 3, 3, 3, 3, 3, 3, 3, 3, 3, 3, 3, 3, 3, 3, 3, 3, 3, 3, 3, 3, 3, 3, 3, 3, 3, 3, 3, 3, 3, 3, 3, 3, 3, 3, 3, 3, 3, 3, 3, 37, 37, 37, 37, 37, 37, 37, 37, 37, 37, 37, 37, 37, 37, 37, 37, 37, 37, 37, 37, 37, 37, 37, 37, 37, 37, 37, 37, 37, 37, 37, 37, 37, 37, 37, 37, 37, 37, 36, 36, 36, 36, 36, 36, 36, 36, 36, 36, 36, 36, 36, 36, 36, 36, 36, 36, 36, 36, 36, 36, 36, 36, 36, 36, 36, 36, 36, 36, 36, 36, 36, 36, 36, 36, 36]","[9.0, 9.0, 9.0, 9.0, 9.0]","[9.0, 9.0]","[9.0, 9.0, 9.0]",rgb/live/Synchro_008/10,120,043270.jpg,043389.jpg,rgb/replay1/Synchro_008/10,236,043844.jpg,044079.jpg,masks/live/Synchro_008/10,120,True,,0,False,unknown_existing_segmentation_output,[],masks/replay1/Synchro_008/10,predicted_input,True
2.0,Synchro_008/11,Synchro_008,11,train,301b,41.4,2.0,44877,44983,43,81,2,"[43, 81]",107,"[3, 3, 3, 3, 3, 3, 3, 3, 3, 3, 3, 3, 3, 3, 3, 3, 3, 3, 3, 3, 3, 3, 3, 3, 3, 3, 3, 3, 3, 3, 3, 3, 3, 3, 3, 3, 3, 3, 3, 3, 3, 3, 3, 3, 37, 37, 37, 37, 37, 37, 37, 37, 37, 37, 37, 37, 37, 37, 37, 37, 37, 37, 37, 37, 37, 37, 37, 37, 37, 37, 37, 37, 37, 37, 37, 37, 37, 37, 37, 37, 37, 37, 36, 36, 36, 36, 36, 36, 36, 36, 36, 36, 36, 36, 36, 36, 36, 36, 36, 36, 36, 36, 36, 36, 36, 36, 36]","[7.0, 6.5, 7.0, 7.0, 7.0]","[7.0, 6.5]","[7.0, 7.0, 7.0]",rgb/live/Synchro_008/11,107,044877.jpg,044983.jpg,rgb/replay1/Synchro_008/11,273,045398.jpg,045670.jpg,masks/live/Synchro_008/11,107,True,,0,False,unknown_existing_segmentation_output,[],masks/replay1/Synchro_008/11,predicted_input,True
2.0,Synchro_008/12,Synchro_008,12,train,401b,48.0,2.0,46642,46741,33,66,2,"[33, 66]",100,"[4, 4, 4, 4, 4, 4, 4, 4, 4, 4, 4, 4, 4, 4, 4, 4, 4, 4, 4, 4, 4, 4, 4, 4, 4, 4, 4, 4, 4, 4, 4, 4, 4, 4, 37, 37, 37, 37, 37, 37, 37, 37, 37, 37, 37, 37, 37, 37, 37, 37, 37, 37, 37, 37, 37, 37, 37, 37, 37, 37, 37, 37, 37, 37, 37, 37, 37, 36, 36, 36, 36, 36, 36, 36, 36, 36, 36, 36, 36, 36, 36, 36, 36, 36, 36, 36, 36, 36, 36, 36, 36, 36, 36, 36, 36, 36, 36, 36, 36, 36]","[8.0, 8.0, 8.0, 8.0, 8.0]","[8.0, 8.0]","[8.0, 8.0, 8.0]",rgb/live/Synchro_008/12,100,046642.jpg,046741.jpg,rgb/replay1/Synchro_008/12,156,047232.jpg,047387.jpg,masks/live/Synchro_008/12,100,True,,0,False,unknown_existing_segmentation_output,[],masks/replay1/Synchro_008/12,predicted_input,True
2.0,Synchro_008/13,Synchro_008,13,train,301b,43.2,2.0,48283,48405,47,87,2,"[47, 87]",123,"[3, 3, 3, 3, 3, 3, 3, 3, 3, 3, 3, 3, 3, 3, 3, 3, 3, 3, 3, 3, 3, 3, 3, 3, 3, 3, 3, 3, 3, 3, 3, 3, 3, 3, 3, 3, 3, 3, 3, 3, 3, 3, 3, 3, 3, 3, 3, 3, 37, 37, 37, 37, 37, 37, 37, 37, 37, 37, 37, 37, 37, 37, 37, 37, 37, 37, 37, 37, 37, 37, 37, 37, 37, 37, 37, 37, 37, 37, 37, 37, 37, 37, 37, 37, 37, 37, 37, 37, 36, 36, 36, 36, 36, 36, 36, 36, 36, 36, 36, 36, 36, 36, 36, 36, 36, 36, 36, 36, 36, 36, 36, 36, 36, 36, 36, 36, 36, 36, 36, 36, 36, 36, 36]","[7.0, 7.0, 7.5, 7.0, 7.5]","[7.0, 7.0]","[7.5, 7.0, 7.5]",rgb/live/Synchro_008/13,123,048283.jpg,048405.jpg,rgb/replay1/Synchro_008/13,243,048776.jpg,049018.jpg,masks/live/Synchro_008/13,123,True,,0,False,unknown_existing_segmentation_output,[],masks/replay1/Synchro_008/13,predicted_input,True
2.0,Synchro_008/14,Synchro_008,14,train,107b,56.73,3.1,51705,51822,38,84,2,"[38, 84]",118,"[1, 1, 1, 1, 1, 1, 1, 1, 1, 1, 1, 1, 1, 1, 1, 1, 1, 1, 1, 1, 1, 1, 1, 1, 1, 1, 1, 1, 1, 1, 1, 1, 1, 1, 1, 1, 1, 1, 1, 17, 17, 17, 17, 17, 17, 17, 17, 17, 17, 17, 17, 17, 17, 17, 17, 17, 17, 17, 17, 17, 17, 17, 17, 17, 17, 17, 17, 17, 17, 17, 17, 17, 17, 17, 17, 17, 17, 17, 17, 17, 17, 17, 17, 17, 17, 36, 36, 36, 36, 36, 36, 36, 36, 36, 36, 36, 36, 36, 36, 36, 36, 36, 36, 36, 36, 36, 36, 36, 36, 36, 36, 36, 36, 36, 36, 36, 36, 36]","[6.0, 5.5, 6.5, 6.0, 6.5]","[6.0, 5.5]","[6.5, 6.0, 6.5]",rgb/live/Synchro_008/14,118,051705.jpg,051822.jpg,rgb/replay1/Synchro_008/14,260,052203.jpg,052462.jpg,masks/live/Synchro_008/14,118,True,,0,False,unknown_existing_segmentation_output,[],masks/replay1/Synchro_008/14,predicted_input,True
2.0,Synchro_008/15,Synchro_008,15,train,107b,57.66,3.1,53502,53624,36,83,2,"[36, 83]",123,"[1, 1, 1, 1, 1, 1, 1, 1, 1, 1, 1, 1, 1, 1, 1, 1, 1, 1, 1, 1, 1, 1, 1, 1, 1, 1, 1, 1, 1, 1, 1, 1, 1, 1, 1, 1, 1, 17, 17, 17, 17, 17, 17, 17, 17, 17, 17, 17, 17, 17, 17, 17, 17, 17, 17, 17, 17, 17, 17, 17, 17, 17, 17, 17, 17, 17, 17, 17, 17, 17, 17, 17, 17, 17, 17, 17, 17, 17, 17, 17, 17, 17, 17, 17, 36, 36, 36, 36, 36, 36, 36, 36, 36, 36, 36, 36, 36, 36, 36, 36, 36, 36, 36, 36, 36, 36, 36, 36, 36, 36, 36, 36, 36, 36, 36, 36, 36, 36, 36, 36, 36, 36, 36]","[5.5, 6.0, 6.5, 6.5, 6.5]","[5.5, 6.0]","[6.5, 6.5, 6.5]",rgb/live/Synchro_008/15,123,053502.jpg,053624.jpg,rgb/replay1/Synchro_008/15,246,053973.jpg,054218.jpg,masks/live/Synchro_008/15,123,True,,0,False,unknown_existing_segmentation_output,[],masks/replay1/Synchro_008/15,predicted_input,True
2.0,Synchro_008/16,Synchro_008,16,validation,5152b,59.4,3.0,55207,55326,37,82,4,"[37, 52, 65, 82]",120,"[1, 1, 1, 1, 1, 1, 1, 1, 1, 1, 1, 1, 1, 1, 1, 1, 1, 1, 1, 1, 1, 1, 1, 1, 1, 1, 1, 1, 1, 1, 1, 1, 1, 1, 1, 1, 1, 1, 15, 15, 15, 15, 15, 15, 15, 15, 15, 15, 15, 15, 15, 15, 15, 30, 30, 30, 30, 30, 30, 30, 30, 30, 30, 30, 30, 30, 15, 15, 15, 15, 15, 15, 15, 15, 15, 15, 15, 15, 15, 15, 15, 15, 15, 36, 36, 36, 36, 36, 36, 36, 36, 36, 36, 36, 36, 36, 36, 36, 36, 36, 36, 36, 36, 36, 36, 36, 36, 36, 36, 36, 36, 36, 36, 36, 36, 36, 36, 36, 36, 36]","[6.5, 6.5, 6.5, 6.5, 7.0]","[6.5, 6.5]","[6.5, 6.5, 7.0]",rgb/live/Synchro_008/16,120,055207.jpg,055326.jpg,rgb/replay1/Synchro_008/16,247,055725.jpg,055971.jpg,masks/live/Synchro_008/16,120,True,,0,False,unknown_existing_segmentation_output,[],masks/replay1/Synchro_008/16,predicted_input,True
2.0,Synchro_008/17,Synchro_008,17,train,5154b,63.24,3.4,56963,57079,37,84,4,"[37, 51, 73, 84]",117,"[1, 1, 1, 1, 1, 1, 1, 1, 1, 1, 1, 1, 1, 1, 1, 1, 1, 1, 1, 1, 1, 1, 1, 1, 1, 1, 1, 1, 1, 1, 1, 1, 1, 1, 1, 1, 1, 1, 15, 15, 15, 15, 15, 15, 15, 15, 15, 15, 15, 15, 15, 15, 32, 32, 32, 32, 32, 32, 32, 32, 32, 32, 32, 32, 32, 32, 32, 32, 32, 32, 32, 32, 32, 32, 15, 15, 15, 15, 15, 15, 15, 15, 15, 15, 15, 36, 36, 36, 36, 36, 36, 36, 36, 36, 36, 36, 36, 36, 36, 36, 36, 36, 36, 36, 36, 36, 36, 36, 36, 36, 36, 36, 36, 36, 36, 36, 36]","[7.0, 4.5, 6.5, 6.5, 6.5]","[7.0, 4.5]","[6.5, 6.5, 6.5]",rgb/live/Synchro_008/17,117,056963.jpg,057079.jpg,rgb/replay1/Synchro_008/17,274,057442.jpg,057715.jpg,masks/live/Synchro_008/17,117,True,,0,False,unknown_existing_segmentation_output,[],masks/replay1/Synchro_008/17,predicted_input,True
2.0,Synchro_008/18,Synchro_008,18,train,5152b,64.8,3.0,58830,58928,41,85,4,"[41, 56, 71, 85]",99,"[1, 1, 1, 1, 1, 1, 1, 1, 1, 1, 1, 1, 1, 1, 1, 1, 1, 1, 1, 1, 1, 1, 1, 1, 1, 1, 1, 1, 1, 1, 1, 1, 1, 1, 1, 1, 1, 1, 1, 1, 1, 1, 15, 15, 15, 15, 15, 15, 15, 15, 15, 15, 15, 15, 15, 15, 15, 30, 30, 30, 30, 30, 30, 30, 30, 30, 30, 30, 30, 30, 30, 30, 15, 15, 15, 15, 15, 15, 15, 15, 15, 15, 15, 15, 15, 15, 36, 36, 36, 36, 36, 36, 36, 36, 36, 36, 36, 36, 36]","[7.0, 7.0, 7.5, 7.5, 7.0]","[7.0, 7.0]","[7.5, 7.5, 7.0]",rgb/live/Synchro_008/18,99,058830.jpg,058928.jpg,rgb/replay1/Synchro_008/18,241,059313.jpg,059553.jpg,masks/live/Synchro_008/18,99,True,,0,False,unknown_existing_segmentation_output,[],masks/replay1/Synchro_008/18,predicted_input,True
2.0,Synchro_008/19,Synchro_008,19,train,107b,62.31,3.1,60341,60465,42,88,2,"[42, 88]",125,"[1, 1, 1, 1, 1, 1, 1, 1, 1, 1, 1, 1, 1, 1, 1, 1, 1, 1, 1, 1, 1, 1, 1, 1, 1, 1, 1, 1, 1, 1, 1, 1, 1, 1, 1, 1, 1, 1, 1, 1, 1, 1, 1, 17, 17, 17, 17, 17, 17, 17, 17, 17, 17, 17, 17, 17, 17, 17, 17, 17, 17, 17, 17, 17, 17, 17, 17, 17, 17, 17, 17, 17, 17, 17, 17, 17, 17, 17, 17, 17, 17, 17, 17, 17, 17, 17, 17, 17, 17, 36, 36, 36, 36, 36, 36, 36, 36, 36, 36, 36, 36, 36, 36, 36, 36, 36, 36, 36, 36, 36, 36, 36, 36, 36, 36, 36, 36, 36, 36, 36, 36, 36, 36, 36, 36]","[7.0, 6.0, 7.0, 6.5, 7.0]","[7.0, 6.0]","[7.0, 6.5, 7.0]",rgb/live/Synchro_008/19,125,060341.jpg,060465.jpg,rgb/replay1/Synchro_008/19,197,060786.jpg,060982.jpg,masks/live/Synchro_008/19,125,True,,0,False,unknown_existing_segmentation_output,[],masks/replay1/Synchro_008/19,predicted_input,True
2.0,Synchro_008/20,Synchro_008,20,train,5152b,64.8,3.0,62129,62247,40,87,4,"[40, 57, 74, 87]",119,"[1, 1, 1, 1, 1, 1, 1, 1, 1, 1, 1, 1, 1, 1, 1, 1, 1, 1, 1, 1, 1, 1, 1, 1, 1, 1, 1, 1, 1, 1, 1, 1, 1, 1, 1, 1, 1, 1, 1, 1, 1, 15, 15, 15, 15, 15, 15, 15, 15, 15, 15, 15, 15, 15, 15, 15, 15, 15, 30, 30, 30, 30, 30, 30, 30, 30, 30, 30, 30, 30, 30, 30, 30, 30, 30, 15, 15, 15, 15, 15, 15, 15, 15, 15, 15, 15, 15, 15, 36, 36, 36, 36, 36, 36, 36, 36, 36, 36, 36, 36, 36, 36, 36, 36, 36, 36, 36, 36, 36, 36, 36, 36, 36, 36, 36, 36, 36, 36, 36]","[7.0, 7.5, 7.0, 7.5, 7.0]","[7.0, 7.5]","[7.0, 7.5, 7.0]",rgb/live/Synchro_008/20,119,062129.jpg,062247.jpg,rgb/replay1/Synchro_008/20,214,062637.jpg,062850.jpg,masks/live/Synchro_008/20,119,True,,0,False,unknown_existing_segmentation_output,[],masks/replay1/Synchro_008/20,predicted_input,True
2.0,Synchro_008/21,Synchro_008,21,train,5154b,69.36,3.4,63878,63995,36,82,4,"[36, 49, 70, 82]",118,"[1, 1, 1, 1, 1, 1, 1, 1, 1, 1, 1, 1, 1, 1, 1, 1, 1, 1, 1, 1, 1, 1, 1, 1, 1, 1, 1, 1, 1, 1, 1, 1, 1, 1, 1, 1, 1, 15, 15, 15, 15, 15, 15, 15, 15, 15, 15, 15, 15, 15, 32, 32, 32, 32, 32, 32, 32, 32, 32, 32, 32, 32, 32, 32, 32, 32, 32, 32, 32, 32, 32, 15, 15, 15, 15, 15, 15, 15, 15, 15, 15, 15, 15, 36, 36, 36, 36, 36, 36, 36, 36, 36, 36, 36, 36, 36, 36, 36, 36, 36, 36, 36, 36, 36, 36, 36, 36, 36, 36, 36, 36, 36, 36, 36, 36, 36, 36, 36]","[6.5, 6.5, 7.0, 7.0, 7.0]","[6.5, 6.5]","[7.0, 7.0, 7.0]",rgb/live/Synchro_008/21,118,063878.jpg,063995.jpg,rgb/replay1/Synchro_008/21,286,064343.jpg,064628.jpg,masks/live/Synchro_008/21,118,True,,0,False,unknown_existing_segmentation_output,[],masks/replay1/Synchro_008/21,predicted_input,True
2.0,Synchro_008/22,Synchro_008,22,train,5155b,63.24,3.4,66326,66444,36,83,4,"[36, 55, 76, 83]",119,"[1, 1, 1, 1, 1, 1, 1, 1, 1, 1, 1, 1, 1, 1, 1, 1, 1, 1, 1, 1, 1, 1, 1, 1, 1, 1, 1, 1, 1, 1, 1, 1, 1, 1, 1, 1, 1, 15, 15, 15, 15, 15, 15, 15, 15, 15, 15, 15, 15, 15, 15, 15, 15, 15, 15, 15, 32, 32, 32, 32, 32, 32, 32, 32, 32, 32, 32, 32, 32, 32, 32, 32, 32, 32, 32, 32, 32, 15, 15, 15, 15, 15, 15, 15, 36, 36, 36, 36, 36, 36, 36, 36, 36, 36, 36, 36, 36, 36, 36, 36, 36, 36, 36, 36, 36, 36, 36, 36, 36, 36, 36, 36, 36, 36, 36, 36, 36, 36, 36]","[6.0, 5.5, 6.5, 6.5, 6.5]","[6.0, 5.5]","[6.5, 6.5, 6.5]",rgb/live/Synchro_008/22,119,066326.jpg,066444.jpg,rgb/replay1/Synchro_008/22,289,066752.jpg,067040.jpg,masks/live/Synchro_008/22,119,True,,0,False,unknown_existing_segmentation_output,[],masks/replay1/Synchro_008/22,predicted_input,True
2.0,Synchro_008/23,Synchro_008,23,test,5154b,68.34,3.4,68218,68327,39,86,4,"[39, 55, 77, 86]",110,"[1, 1, 1, 1, 1, 1, 1, 1, 1, 1, 1, 1, 1, 1, 1, 1, 1, 1, 1, 1, 1, 1, 1, 1, 1, 1, 1, 1, 1, 1, 1, 1, 1, 1, 1, 1, 1, 1, 1, 1, 15, 15, 15, 15, 15, 15, 15, 15, 15, 15, 15, 15, 15, 15, 15, 15, 32, 32, 32, 32, 32, 32, 32, 32, 32, 32, 32, 32, 32, 32, 32, 32, 32, 32, 32, 32, 32, 32, 15, 15, 15, 15, 15, 15, 15, 15, 15, 36, 36, 36, 36, 36, 36, 36, 36, 36, 36, 36, 36, 36, 36, 36, 36, 36, 36, 36, 36, 36, 36, 36]","[7.5, 5.5, 6.5, 7.0, 7.0]","[7.5, 5.5]","[6.5, 7.0, 7.0]",rgb/live/Synchro_008/23,110,068218.jpg,068327.jpg,rgb/replay1/Synchro_008/23,287,068761.jpg,069047.jpg,masks/live/Synchro_008/23,110,True,,0,False,unknown_existing_segmentation_output,[],masks/replay1/Synchro_008/23,predicted_input,True
2.0,Synchro_008/24,Synchro_008,24,test,5154b,53.04,3.4,69843,69951,36,83,4,"[36, 52, 74, 83]",109,"[1, 1, 1, 1, 1, 1, 1, 1, 1, 1, 1, 1, 1, 1, 1, 1, 1, 1, 1, 1, 1, 1, 1, 1, 1, 1, 1, 1, 1, 1, 1, 1, 1, 1, 1, 1, 1, 15, 15, 15, 15, 15, 15, 15, 15, 15, 15, 15, 15, 15, 15, 15, 15, 32, 32, 32, 32, 32, 32, 32, 32, 32, 32, 32, 32, 32, 32, 32, 32, 32, 32, 32, 32, 32, 32, 15, 15, 15, 15, 15, 15, 15, 15, 15, 36, 36, 36, 36, 36, 36, 36, 36, 36, 36, 36, 36, 36, 36, 36, 36, 36, 36, 36, 36, 36, 36, 36, 36, 36]","[3.5, 5.5, 5.5, 6.0, 5.5]","[3.5, 5.5]","[5.5, 6.0, 5.5]",rgb/live/Synchro_008/24,109,069843.jpg,069951.jpg,rgb/replay1/Synchro_008/24,179,070372.jpg,070550.jpg,masks/live/Synchro_008/24,109,True,,0,False,unknown_existing_segmentation_output,[],masks/replay1/Synchro_008/24,predicted_input,True
2.0,Synchro_008/25,Synchro_008,25,train,407c,83.64,3.4,71781,71883,30,72,2,"[30, 72]",103,"[4, 4, 4, 4, 4, 4, 4, 4, 4, 4, 4, 4, 4, 4, 4, 4, 4, 4, 4, 4, 4, 4, 4, 4, 4, 4, 4, 4, 4, 4, 4, 25, 25, 25, 25, 25, 25, 25, 25, 25, 25, 25, 25, 25, 25, 25, 25, 25, 25, 25, 25, 25, 25, 25, 25, 25, 25, 25, 25, 25, 25, 25, 25, 25, 25, 25, 25, 25, 25, 25, 25, 25, 25, 36, 36, 36, 36, 36, 36, 36, 36, 36, 36, 36, 36, 36, 36, 36, 36, 36, 36, 36, 36, 36, 36, 36, 36, 36, 36, 36, 36, 36, 36]","[8.5, 7.5, 8.5, 8.0, 8.5]","[8.5, 7.5]","[8.5, 8.0, 8.5]",rgb/live/Synchro_008/25,103,071781.jpg,071883.jpg,rgb/replay1/Synchro_008/25,262,072274.jpg,072535.jpg,masks/live/Synchro_008/25,103,True,,0,False,unknown_existing_segmentation_output,[],masks/replay1/Synchro_008/25,predicted_input,True
2.0,Synchro_008/26,Synchro_008,26,train,107b,69.75,3.1,73543,73656,37,84,2,"[37, 84]",114,"[1, 1, 1, 1, 1, 1, 1, 1, 1, 1, 1, 1, 1, 1, 1, 1, 1, 1, 1, 1, 1, 1, 1, 1, 1, 1, 1, 1, 1, 1, 1, 1, 1, 1, 1, 1, 1, 1, 17, 17, 17, 17, 17, 17, 17, 17, 17, 17, 17, 17, 17, 17, 17, 17, 17, 17, 17, 17, 17, 17, 17, 17, 17, 17, 17, 17, 17, 17, 17, 17, 17, 17, 17, 17, 17, 17, 17, 17, 17, 17, 17, 17, 17, 17, 17, 36, 36, 36, 36, 36, 36, 36, 36, 36, 36, 36, 36, 36, 36, 36, 36, 36, 36, 36, 36, 36, 36, 36, 36, 36, 36, 36, 36, 36]","[7.5, 7.5, 7.5, 7.5, 7.5]","[7.5, 7.5]","[7.5, 7.5, 7.5]",rgb/live/Synchro_008/26,114,073543.jpg,073656.jpg,rgb/replay1/Synchro_008/26,222,073999.jpg,074220.jpg,masks/live/Synchro_008/26,114,True,,0,False,unknown_existing_segmentation_output,[],masks/replay1/Synchro_008/26,predicted_input,True
2.0,Synchro_008/27,Synchro_008,27,train,5154b,71.4,3.4,75101,75224,40,88,4,"[40, 57, 80, 88]",124,"[1, 1, 1, 1, 1, 1, 1, 1, 1, 1, 1, 1, 1, 1, 1, 1, 1, 1, 1, 1, 1, 1, 1, 1, 1, 1, 1, 1, 1, 1, 1, 1, 1, 1, 1, 1, 1, 1, 1, 1, 1, 15, 15, 15, 15, 15, 15, 15, 15, 15, 15, 15, 15, 15, 15, 15, 15, 15, 32, 32, 32, 32, 32, 32, 32, 32, 32, 32, 32, 32, 32, 32, 32, 32, 32, 32, 32, 32, 32, 32, 32, 15, 15, 15, 15, 15, 15, 15, 15, 36, 36, 36, 36, 36, 36, 36, 36, 36, 36, 36, 36, 36, 36, 36, 36, 36, 36, 36, 36, 36, 36, 36, 36, 36, 36, 36, 36, 36, 36, 36, 36, 36, 36, 36]","[6.0, 7.0, 7.0, 7.5, 7.5]","[6.0, 7.0]","[7.0, 7.5, 7.5]",rgb/live/Synchro_008/27,124,075101.jpg,075224.jpg,rgb/replay1/Synchro_008/27,234,075688.jpg,075921.jpg,masks/live/Synchro_008/27,124,True,,0,False,unknown_existing_segmentation_output,[],masks/replay1/Synchro_008/27,predicted_input,True
2.0,Synchro_008/28,Synchro_008,28,train,5154b,58.14,3.4,76850,76967,39,87,4,"[39, 53, 79, 87]",118,"[1, 1, 1, 1, 1, 1, 1, 1, 1, 1, 1, 1, 1, 1, 1, 1, 1, 1, 1, 1, 1, 1, 1, 1, 1, 1, 1, 1, 1, 1, 1, 1, 1, 1, 1, 1, 1, 1, 1, 1, 15, 15, 15, 15, 15, 15, 15, 15, 15, 15, 15, 15, 15, 15, 32, 32, 32, 32, 32, 32, 32, 32, 32, 32, 32, 32, 32, 32, 32, 32, 32, 32, 32, 32, 32, 32, 32, 32, 32, 32, 15, 15, 15, 15, 15, 15, 15, 15, 36, 36, 36, 36, 36, 36, 36, 36, 36, 36, 36, 36, 36, 36, 36, 36, 36, 36, 36, 36, 36, 36, 36, 36, 36, 36, 36, 36, 36, 36]","[4.0, 7.0, 5.5, 6.0, 6.0]","[4.0, 7.0]","[5.5, 6.0, 6.0]",rgb/live/Synchro_008/28,118,076850.jpg,076967.jpg,rgb/replay1/Synchro_008/28,231,077324.jpg,077554.jpg,masks/live/Synchro_008/28,118,True,,0,False,unknown_existing_segmentation_output,[],masks/replay1/Synchro_008/28,predicted_input,True
2.0,Synchro_008/29,Synchro_008,29,test,109c,78.66,3.8,78687,78805,40,87,2,"[40, 87]",119,"[1, 1, 1, 1, 1, 1, 1, 1, 1, 1, 1, 1, 1, 1, 1, 1, 1, 1, 1, 1, 1, 1, 1, 1, 1, 1, 1, 1, 1, 1, 1, 1, 1, 1, 1, 1, 1, 1, 1, 1, 1, 27, 27, 27, 27, 27, 27, 27, 27, 27, 27, 27, 27, 27, 27, 27, 27, 27, 27, 27, 27, 27, 27, 27, 27, 27, 27, 27, 27, 27, 27, 27, 27, 27, 27, 27, 27, 27, 27, 27, 27, 27, 27, 27, 27, 27, 27, 27, 36, 36, 36, 36, 36, 36, 36, 36, 36, 36, 36, 36, 36, 36, 36, 36, 36, 36, 36, 36, 36, 36, 36, 36, 36, 36, 36, 36, 36, 36, 36]","[7.0, 6.5, 7.0, 7.0, 7.0]","[7.0, 6.5]","[7.0, 7.0, 7.0]",rgb/live/Synchro_008/29,119,078687.jpg,078805.jpg,rgb/replay1/Synchro_008/29,313,079179.jpg,079491.jpg,masks/live/Synchro_008/29,119,True,,0,False,unknown_existing_segmentation_output,[],masks/replay1/Synchro_008/29,predicted_input,True
2.0,Synchro_008/30,Synchro_008,30,train,405b,59.4,3.0,84755,84852,30,68,2,"[30, 68]",98,"[4, 4, 4, 4, 4, 4, 4, 4, 4, 4, 4, 4, 4, 4, 4, 4, 4, 4, 4, 4, 4, 4, 4, 4, 4, 4, 4, 4, 4, 4, 4, 15, 15, 15, 15, 15, 15, 15, 15, 15, 15, 15, 15, 15, 15, 15, 15, 15, 15, 15, 15, 15, 15, 15, 15, 15, 15, 15, 15, 15, 15, 15, 15, 15, 15, 15, 15, 15, 15, 36, 36, 36, 36, 36, 36, 36, 36, 36, 36, 36, 36, 36, 36, 36, 36, 36, 36, 36, 36, 36, 36, 36, 36, 36, 36, 36, 36, 36]","[6.5, 6.5, 6.5, 7.0, 6.5]","[6.5, 6.5]","[6.5, 7.0, 6.5]",rgb/live/Synchro_008/30,98,084755.jpg,084852.jpg,rgb/replay1/Synchro_008/30,220,085239.jpg,085458.jpg,masks/live/Synchro_008/30,98,True,,0,False,unknown_existing_segmentation_output,[],masks/replay1/Synchro_008/30,predicted_input,True
2.0,Synchro_008/31,Synchro_008,31,train,5337d,90.3,3.5,86486,86592,40,88,3,"[40, 81, 88]",107,"[3, 3, 3, 3, 3, 3, 3, 3, 3, 3, 3, 3, 3, 3, 3, 3, 3, 3, 3, 3, 3, 3, 3, 3, 3, 3, 3, 3, 3, 3, 3, 3, 3, 3, 3, 3, 3, 3, 3, 3, 3, 35, 35, 35, 35, 35, 35, 35, 35, 35, 35, 35, 35, 35, 35, 35, 35, 35, 35, 35, 35, 35, 35, 35, 35, 35, 35, 35, 35, 35, 35, 35, 35, 35, 35, 35, 35, 35, 35, 35, 35, 35, 13, 13, 13, 13, 13, 13, 13, 36, 36, 36, 36, 36, 36, 36, 36, 36, 36, 36, 36, 36, 36, 36, 36, 36, 36]","[9.0, 8.0, 8.5, 8.5, 9.0]","[9.0, 8.0]","[8.5, 8.5, 9.0]",rgb/live/Synchro_008/31,107,086486.jpg,086592.jpg,rgb/replay1/Synchro_008/31,218,086963.jpg,087180.jpg,masks/live/Synchro_008/31,107,True,,0,False,unknown_existing_segmentation_output,[],masks/replay1/Synchro_008/31,predicted_input,True
2.0,Synchro_008/32,Synchro_008,32,train,205b,58.5,3.0,88225,88323,25,68,2,"[25, 68]",99,"[2, 2, 2, 2, 2, 2, 2, 2, 2, 2, 2, 2, 2, 2, 2, 2, 2, 2, 2, 2, 2, 2, 2, 2, 2, 2, 15, 15, 15, 15, 15, 15, 15, 15, 15, 15, 15, 15, 15, 15, 15, 15, 15, 15, 15, 15, 15, 15, 15, 15, 15, 15, 15, 15, 15, 15, 15, 15, 15, 15, 15, 15, 15, 15, 15, 15, 15, 15, 15, 36, 36, 36, 36, 36, 36, 36, 36, 36, 36, 36, 36, 36, 36, 36, 36, 36, 36, 36, 36, 36, 36, 36, 36, 36, 36, 36, 36, 36, 36]","[6.5, 6.5, 6.5, 6.5, 6.5]","[6.5, 6.5]","[6.5, 6.5, 6.5]",rgb/live/Synchro_008/32,99,088225.jpg,088323.jpg,rgb/replay1/Synchro_008/32,239,088585.jpg,088823.jpg,masks/live/Synchro_008/32,99,True,,0,False,unknown_existing_segmentation_output,[],masks/replay1/Synchro_008/32,predicted_input,True
2.0,Synchro_008/33,Synchro_008,33,train,307c,45.15,3.5,89768,89894,45,95,2,"[45, 95]",127,"[3, 3, 3, 3, 3, 3, 3, 3, 3, 3, 3, 3, 3, 3, 3, 3, 3, 3, 3, 3, 3, 3, 3, 3, 3, 3, 3, 3, 3, 3, 3, 3, 3, 3, 3, 3, 3, 3, 3, 3, 3, 3, 3, 3, 3, 3, 25, 25, 25, 25, 25, 25, 25, 25, 25, 25, 25, 25, 25, 25, 25, 25, 25, 25, 25, 25, 25, 25, 25, 25, 25, 25, 25, 25, 25, 25, 25, 25, 25, 25, 25, 25, 25, 25, 25, 25, 25, 25, 25, 25, 25, 25, 25, 25, 25, 25, 36, 36, 36, 36, 36, 36, 36, 36, 36, 36, 36, 36, 36, 36, 36, 36, 36, 36, 36, 36, 36, 36, 36, 36, 36, 36, 36, 36, 36, 36, 36]","[3.0, 4.0, 4.5, 5.0, 5.0]","[3.0, 4.0]","[4.5, 5.0, 5.0]",rgb/live/Synchro_008/33,127,089768.jpg,089894.jpg,rgb/replay1/Synchro_008/33,228,090290.jpg,090517.jpg,masks/live/Synchro_008/33,127,True,,0,False,unknown_existing_segmentation_output,[],masks/replay1/Synchro_008/33,predicted_input,True
2.0,Synchro_008/34,Synchro_008,34,train,407c,59.16,3.4,91799,91908,26,69,2,"[26, 69]",110,"[4, 4, 4, 4, 4, 4, 4, 4, 4, 4, 4, 4, 4, 4, 4, 4, 4, 4, 4, 4, 4, 4, 4, 4, 4, 4, 4, 25, 25, 25, 25, 25, 25, 25, 25, 25, 25, 25, 25, 25, 25, 25, 25, 25, 25, 25, 25, 25, 25, 25, 25, 25, 25, 25, 25, 25, 25, 25, 25, 25, 25, 25, 25, 25, 25, 25, 25, 25, 25, 25, 36, 36, 36, 36, 36, 36, 36, 36, 36, 36, 36, 36, 36, 36, 36, 36, 36, 36, 36, 36, 36, 36, 36, 36, 36, 36, 36, 36, 36, 36, 36, 36, 36, 36, 36, 36, 36, 36, 36, 36]","[6.0, 5.0, 6.0, 6.0, 6.0]","[6.0, 5.0]","[6.0, 6.0, 6.0]",rgb/live/Synchro_008/34,110,091799.jpg,091908.jpg,rgb/replay1/Synchro_008/34,232,092258.jpg,092489.jpg,masks/live/Synchro_008/34,110,True,,0,False,unknown_existing_segmentation_output,[],masks/replay1/Synchro_008/34,predicted_input,True
2.0,Synchro_008/35,Synchro_008,35,train,307c,45.15,3.5,93541,93668,40,85,2,"[40, 85]",128,"[3, 3, 3, 3, 3, 3, 3, 3, 3, 3, 3, 3, 3, 3, 3, 3, 3, 3, 3, 3, 3, 3, 3, 3, 3, 3, 3, 3, 3, 3, 3, 3, 3, 3, 3, 3, 3, 3, 3, 3, 3, 25, 25, 25, 25, 25, 25, 25, 25, 25, 25, 25, 25, 25, 25, 25, 25, 25, 25, 25, 25, 25, 25, 25, 25, 25, 25, 25, 25, 25, 25, 25, 25, 25, 25, 25, 25, 25, 25, 25, 25, 25, 25, 25, 25, 25, 36, 36, 36, 36, 36, 36, 36, 36, 36, 36, 36, 36, 36, 36, 36, 36, 36, 36, 36, 36, 36, 36, 36, 36, 36, 36, 36, 36, 36, 36, 36, 36, 36, 36, 36, 36, 36, 36, 36, 36, 36, 36]","[2.5, 4.5, 4.5, 5.0, 5.0]","[2.5, 4.5]","[4.5, 5.0, 5.0]",rgb/live/Synchro_008/35,128,093541.jpg,093668.jpg,rgb/replay1/Synchro_008/35,347,094026.jpg,094372.jpg,masks/live/Synchro_008/35,128,True,,0,False,unknown_existing_segmentation_output,[],masks/replay1/Synchro_008/35,predicted_input,True
2.0,Synchro_008/36,Synchro_008,36,train,5337d,65.1,3.5,98440,98564,39,87,3,"[39, 80, 87]",125,"[3, 3, 3, 3, 3, 3, 3, 3, 3, 3, 3, 3, 3, 3, 3, 3, 3, 3, 3, 3, 3, 3, 3, 3, 3, 3, 3, 3, 3, 3, 3, 3, 3, 3, 3, 3, 3, 3, 3, 3, 35, 35, 35, 35, 35, 35, 35, 35, 35, 35, 35, 35, 35, 35, 35, 35, 35, 35, 35, 35, 35, 35, 35, 35, 35, 35, 35, 35, 35, 35, 35, 35, 35, 35, 35, 35, 35, 35, 35, 35, 35, 13, 13, 13, 13, 13, 13, 13, 36, 36, 36, 36, 36, 36, 36, 36, 36, 36, 36, 36, 36, 36, 36, 36, 36, 36, 36, 36, 36, 36, 36, 36, 36, 36, 36, 36, 36, 36, 36, 36, 36, 36, 36, 36, 36]","[5.5, 5.5, 6.5, 7.0, 6.5]","[5.5, 5.5]","[6.5, 7.0, 6.5]",rgb/live/Synchro_008/36,125,098440.jpg,098564.jpg,rgb/replay1/Synchro_008/36,357,098900.jpg,099256.jpg,masks/live/Synchro_008/36,125,True,,0,False,unknown_existing_segmentation_output,[],masks/replay1/Synchro_008/36,predicted_input,True
2.0,Synchro_008/37,Synchro_008,37,train,107b,63.24,3.1,100732,100849,38,83,2,"[38, 83]",118,"[1, 1, 1, 1, 1, 1, 1, 1, 1, 1, 1, 1, 1, 1, 1, 1, 1, 1, 1, 1, 1, 1, 1, 1, 1, 1, 1, 1, 1, 1, 1, 1, 1, 1, 1, 1, 1, 1, 1, 17, 17, 17, 17, 17, 17, 17, 17, 17, 17, 17, 17, 17, 17, 17, 17, 17, 17, 17, 17, 17, 17, 17, 17, 17, 17, 17, 17, 17, 17, 17, 17, 17, 17, 17, 17, 17, 17, 17, 17, 17, 17, 17, 17, 17, 36, 36, 36, 36, 36, 36, 36, 36, 36, 36, 36, 36, 36, 36, 36, 36, 36, 36, 36, 36, 36, 36, 36, 36, 36, 36, 36, 36, 36, 36, 36, 36, 36, 36]","[7.0, 6.0, 7.0, 7.0, 7.0]","[7.0, 6.0]","[7.0, 7.0, 7.0]",rgb/live/Synchro_008/37,118,100732.jpg,100849.jpg,rgb/replay1/Synchro_008/37,194,101294.jpg,101487.jpg,masks/live/Synchro_008/37,118,True,,0,False,unknown_existing_segmentation_output,[],masks/replay1/Synchro_008/37,predicted_input,True
2.0,Synchro_008/38,Synchro_008,38,train,109c,96.9,3.8,103169,103286,38,87,2,"[38, 87]",118,"[1, 1, 1, 1, 1, 1, 1, 1, 1, 1, 1, 1, 1, 1, 1, 1, 1, 1, 1, 1, 1, 1, 1, 1, 1, 1, 1, 1, 1, 1, 1, 1, 1, 1, 1, 1, 1, 1, 1, 27, 27, 27, 27, 27, 27, 27, 27, 27, 27, 27, 27, 27, 27, 27, 27, 27, 27, 27, 27, 27, 27, 27, 27, 27, 27, 27, 27, 27, 27, 27, 27, 27, 27, 27, 27, 27, 27, 27, 27, 27, 27, 27, 27, 27, 27, 27, 27, 27, 36, 36, 36, 36, 36, 36, 36, 36, 36, 36, 36, 36, 36, 36, 36, 36, 36, 36, 36, 36, 36, 36, 36, 36, 36, 36, 36, 36, 36, 36]","[9.0, 8.0, 8.5, 8.5, 8.5]","[9.0, 8.0]","[8.5, 8.5, 8.5]",rgb/live/Synchro_008/38,118,103169.jpg,103286.jpg,rgb/replay1/Synchro_008/38,310,103723.jpg,104032.jpg,masks/live/Synchro_008/38,118,True,,0,False,unknown_existing_segmentation_output,[],masks/replay1/Synchro_008/38,predicted_input,True
2.0,Synchro_008/39,Synchro_008,39,test,5154b,69.36,3.4,105509,105609,37,84,4,"[37, 52, 75, 84]",101,"[1, 1, 1, 1, 1, 1, 1, 1, 1, 1, 1, 1, 1, 1, 1, 1, 1, 1, 1, 1, 1, 1, 1, 1, 1, 1, 1, 1, 1, 1, 1, 1, 1, 1, 1, 1, 1, 1, 15, 15, 15, 15, 15, 15, 15, 15, 15, 15, 15, 15, 15, 15, 15, 32, 32, 32, 32, 32, 32, 32, 32, 32, 32, 32, 32, 32, 32, 32, 32, 32, 32, 32, 32, 32, 32, 32, 15, 15, 15, 15, 15, 15, 15, 15, 15, 36, 36, 36, 36, 36, 36, 36, 36, 36, 36, 36, 36, 36, 36, 36, 36]","[6.0, 7.0, 7.0, 7.0, 7.0]","[6.0, 7.0]","[7.0, 7.0, 7.0]",rgb/live/Synchro_008/39,101,105509.jpg,105609.jpg,rgb/replay1/Synchro_008/39,237,105949.jpg,106185.jpg,masks/live/Synchro_008/39,101,True,,0,False,unknown_existing_segmentation_output,[],masks/replay1/Synchro_008/39,predicted_input,True
2.0,Synchro_008/40,Synchro_008,40,train,5337d,70.35,3.5,107567,107695,42,88,3,"[42, 82, 88]",129,"[3, 3, 3, 3, 3, 3, 3, 3, 3, 3, 3, 3, 3, 3, 3, 3, 3, 3, 3, 3, 3, 3, 3, 3, 3, 3, 3, 3, 3, 3, 3, 3, 3, 3, 3, 3, 3, 3, 3, 3, 3, 3, 3, 35, 35, 35, 35, 35, 35, 35, 35, 35, 35, 35, 35, 35, 35, 35, 35, 35, 35, 35, 35, 35, 35, 35, 35, 35, 35, 35, 35, 35, 35, 35, 35, 35, 35, 35, 35, 35, 35, 35, 35, 13, 13, 13, 13, 13, 13, 36, 36, 36, 36, 36, 36, 36, 36, 36, 36, 36, 36, 36, 36, 36, 36, 36, 36, 36, 36, 36, 36, 36, 36, 36, 36, 36, 36, 36, 36, 36, 36, 36, 36, 36, 36, 36, 36, 36, 36]","[6.5, 6.0, 7.0, 7.0, 7.0]","[6.5, 6.0]","[7.0, 7.0, 7.0]",rgb/live/Synchro_008/40,129,107567.jpg,107695.jpg,rgb/replay1/Synchro_008/40,274,108257.jpg,108530.jpg,masks/live/Synchro_008/40,129,True,,0,False,unknown_existing_segmentation_output,[],masks/replay1/Synchro_008/40,predicted_input,True
2.0,Synchro_008/41,Synchro_008,41,train,107b,63.24,3.1,110060,110166,37,85,2,"[37, 85]",107,"[1, 1, 1, 1, 1, 1, 1, 1, 1, 1, 1, 1, 1, 1, 1, 1, 1, 1, 1, 1, 1, 1, 1, 1, 1, 1, 1, 1, 1, 1, 1, 1, 1, 1, 1, 1, 1, 1, 25, 25, 25, 25, 25, 25, 25, 25, 25, 25, 25, 25, 25, 25, 25, 25, 25, 25, 25, 25, 25, 25, 25, 25, 25, 25, 25, 25, 25, 25, 25, 25, 25, 25, 25, 25, 25, 25, 25, 25, 25, 25, 25, 25, 25, 25, 25, 25, 36, 36, 36, 36, 36, 36, 36, 36, 36, 36, 36, 36, 36, 36, 36, 36, 36, 36, 36, 36, 36]","[5.5, 7.5, 7.0, 7.0, 7.0]","[5.5, 7.5]","[7.0, 7.0, 7.0]",rgb/live/Synchro_008/41,107,110060.jpg,110166.jpg,rgb/replay1/Synchro_008/41,288,110563.jpg,110850.jpg,masks/live/Synchro_008/41,107,True,,0,False,unknown_existing_segmentation_output,[],masks/replay1/Synchro_008/41,predicted_input,True
2.0,Synchro_008/42,Synchro_008,42,test,407c,68.34,3.4,112463,112560,22,63,2,"[22, 63]",98,"[4, 4, 4, 4, 4, 4, 4, 4, 4, 4, 4, 4, 4, 4, 4, 4, 4, 4, 4, 4, 4, 4, 4, 25, 25, 25, 25, 25, 25, 25, 25, 25, 25, 25, 25, 25, 25, 25, 25, 25, 25, 25, 25, 25, 25, 25, 25, 25, 25, 25, 25, 25, 25, 25, 25, 25, 25, 25, 25, 25, 25, 25, 25, 25, 36, 36, 36, 36, 36, 36, 36, 36, 36, 36, 36, 36, 36, 36, 36, 36, 36, 36, 36, 36, 36, 36, 36, 36, 36, 36, 36, 36, 36, 36, 36, 36, 36, 36]","[7.0, 6.0, 7.0, 6.5, 7.0]","[7.0, 6.0]","[7.0, 6.5, 7.0]",rgb/live/Synchro_008/42,98,112463.jpg,112560.jpg,rgb/replay1/Synchro_008/42,210,112931.jpg,113140.jpg,masks/live/Synchro_008/42,98,True,,0,False,unknown_existing_segmentation_output,[],masks/replay1/Synchro_008/42,predicted_input,True
2.0,Synchro_009/0,Synchro_009,0,train,401b,46.2,2.0,20014,20110,28,58,2,"[28, 58]",97,"[4, 4, 4, 4, 4, 4, 4, 4, 4, 4, 4, 4, 4, 4, 4, 4, 4, 4, 4, 4, 4, 4, 4, 4, 4, 4, 4, 4, 4, 37, 37, 37, 37, 37, 37, 37, 37, 37, 37, 37, 37, 37, 37, 37, 37, 37, 37, 37, 37, 37, 37, 37, 37, 37, 37, 37, 37, 37, 37, 36, 36, 36, 36, 36, 36, 36, 36, 36, 36, 36, 36, 36, 36, 36, 36, 36, 36, 36, 36, 36, 36, 36, 36, 36, 36, 36, 36, 36, 36, 36, 36, 36, 36, 36, 36, 36, 36]","[7.5, 7.0, 8.0, 8.0, 8.0]","[7.5, 7.0]","[8.0, 8.0, 8.0]",rgb/live/Synchro_009/0,97,020014.jpg,020110.jpg,rgb/replay1/Synchro_009/0,204,020526.jpg,020729.jpg,masks/live/Synchro_009/0,97,True,,0,False,unknown_existing_segmentation_output,[],masks/replay1/Synchro_009/0,predicted_input,True
2.0,Synchro_009/1,Synchro_009,1,validation,401b,42.6,2.0,21740,21836,23,57,2,"[23, 57]",97,"[4, 4, 4, 4, 4, 4, 4, 4, 4, 4, 4, 4, 4, 4, 4, 4, 4, 4, 4, 4, 4, 4, 4, 4, 37, 37, 37, 37, 37, 37, 37, 37, 37, 37, 37, 37, 37, 37, 37, 37, 37, 37, 37, 37, 37, 37, 37, 37, 37, 37, 37, 37, 37, 37, 37, 37, 37, 37, 36, 36, 36, 36, 36, 36, 36, 36, 36, 36, 36, 36, 36, 36, 36, 36, 36, 36, 36, 36, 36, 36, 36, 36, 36, 36, 36, 36, 36, 36, 36, 36, 36, 36, 36, 36, 36, 36, 36]","[6.5, 6.5, 7.5, 7.5, 7.5]","[6.5, 6.5]","[7.5, 7.5, 7.5]",rgb/live/Synchro_009/1,97,021740.jpg,021836.jpg,rgb/replay1/Synchro_009/1,191,022218.jpg,022408.jpg,masks/live/Synchro_009/1,97,True,,0,False,unknown_existing_segmentation_output,[],masks/replay1/Synchro_009/1,predicted_input,True
2.0,Synchro_009/2,Synchro_009,2,test,201b,52.8,2.0,23704,23802,37,73,2,"[37, 73]",99,"[2, 2, 2, 2, 2, 2, 2, 2, 2, 2, 2, 2, 2, 2, 2, 2, 2, 2, 2, 2, 2, 2, 2, 2, 2, 2, 2, 2, 2, 2, 2, 2, 2, 2, 2, 2, 2, 2, 37, 37, 37, 37, 37, 37, 37, 37, 37, 37, 37, 37, 37, 37, 37, 37, 37, 37, 37, 37, 37, 37, 37, 37, 37, 37, 37, 37, 37, 37, 37, 37, 37, 37, 37, 37, 36, 36, 36, 36, 36, 36, 36, 36, 36, 36, 36, 36, 36, 36, 36, 36, 36, 36, 36, 36, 36, 36, 36, 36, 36]","[8.5, 8.5, 9.0, 9.0, 9.0]","[8.5, 8.5]","[9.0, 9.0, 9.0]",rgb/live/Synchro_009/2,99,023704.jpg,023802.jpg,rgb/replay1/Synchro_009/2,212,024171.jpg,024382.jpg,masks/live/Synchro_009/2,99,True,,0,False,unknown_existing_segmentation_output,[],masks/replay1/Synchro_009/2,predicted_input,True
2.0,Synchro_009/3,Synchro_009,3,train,201b,43.8,2.0,25634,25731,32,62,2,"[32, 62]",98,"[2, 2, 2, 2, 2, 2, 2, 2, 2, 2, 2, 2, 2, 2, 2, 2, 2, 2, 2, 2, 2, 2, 2, 2, 2, 2, 2, 2, 2, 2, 2, 2, 2, 37, 37, 37, 37, 37, 37, 37, 37, 37, 37, 37, 37, 37, 37, 37, 37, 37, 37, 37, 37, 37, 37, 37, 37, 37, 37, 37, 37, 37, 37, 36, 36, 36, 36, 36, 36, 36, 36, 36, 36, 36, 36, 36, 36, 36, 36, 36, 36, 36, 36, 36, 36, 36, 36, 36, 36, 36, 36, 36, 36, 36, 36, 36, 36, 36]","[7.0, 7.0, 7.5, 7.5, 7.5]","[7.0, 7.0]","[7.5, 7.5, 7.5]",rgb/live/Synchro_009/3,98,025634.jpg,025731.jpg,rgb/replay1/Synchro_009/3,221,026160.jpg,026380.jpg,masks/live/Synchro_009/3,98,True,,0,False,unknown_existing_segmentation_output,[],masks/replay1/Synchro_009/3,predicted_input,True
2.0,Synchro_009/4,Synchro_009,4,train,101b,42.6,2.0,27216,27332,41,77,2,"[41, 77]",117,"[1, 1, 1, 1, 1, 1, 1, 1, 1, 1, 1, 1, 1, 1, 1, 1, 1, 1, 1, 1, 1, 1, 1, 1, 1, 1, 1, 1, 1, 1, 1, 1, 1, 1, 1, 1, 1, 1, 1, 1, 1, 1, 37, 37, 37, 37, 37, 37, 37, 37, 37, 37, 37, 37, 37, 37, 37, 37, 37, 37, 37, 37, 37, 37, 37, 37, 37, 37, 37, 37, 37, 37, 37, 37, 37, 37, 37, 37, 36, 36, 36, 36, 36, 36, 36, 36, 36, 36, 36, 36, 36, 36, 36, 36, 36, 36, 36, 36, 36, 36, 36, 36, 36, 36, 36, 36, 36, 36, 36, 36, 36, 36, 36, 36, 36, 36, 36]","[7.0, 7.0, 7.0, 7.5, 7.0]","[7.0, 7.0]","[7.0, 7.5, 7.0]",rgb/live/Synchro_009/4,117,027216.jpg,027332.jpg,rgb/replay1/Synchro_009/4,206,027698.jpg,027903.jpg,masks/live/Synchro_009/4,117,True,,0,False,unknown_existing_segmentation_output,[],masks/replay1/Synchro_009/4,predicted_input,True
2.0,Synchro_009/5,Synchro_009,5,train,301b,42.6,2.0,29551,29664,43,81,2,"[43, 81]",114,"[3, 3, 3, 3, 3, 3, 3, 3, 3, 3, 3, 3, 3, 3, 3, 3, 3, 3, 3, 3, 3, 3, 3, 3, 3, 3, 3, 3, 3, 3, 3, 3, 3, 3, 3, 3, 3, 3, 3, 3, 3, 3, 3, 3, 37, 37, 37, 37, 37, 37, 37, 37, 37, 37, 37, 37, 37, 37, 37, 37, 37, 37, 37, 37, 37, 37, 37, 37, 37, 37, 37, 37, 37, 37, 37, 37, 37, 37, 37, 37, 37, 37, 36, 36, 36, 36, 36, 36, 36, 36, 36, 36, 36, 36, 36, 36, 36, 36, 36, 36, 36, 36, 36, 36, 36, 36, 36, 36, 36, 36, 36, 36, 36, 36]","[6.5, 6.5, 8.0, 7.5, 7.0]","[6.5, 6.5]","[8.0, 7.5, 7.0]",rgb/live/Synchro_009/5,114,029551.jpg,029664.jpg,rgb/replay1/Synchro_009/5,201,030108.jpg,030308.jpg,masks/live/Synchro_009/5,114,True,,0,False,unknown_existing_segmentation_output,[],masks/replay1/Synchro_009/5,predicted_input,True
2.0,Synchro_009/6,Synchro_009,6,test,301b,39.6,2.0,30999,31113,39,73,2,"[39, 73]",115,"[3, 3, 3, 3, 3, 3, 3, 3, 3, 3, 3, 3, 3, 3, 3, 3, 3, 3, 3, 3, 3, 3, 3, 3, 3, 3, 3, 3, 3, 3, 3, 3, 3, 3, 3, 3, 3, 3, 3, 3, 37, 37, 37, 37, 37, 37, 37, 37, 37, 37, 37, 37, 37, 37, 37, 37, 37, 37, 37, 37, 37, 37, 37, 37, 37, 37, 37, 37, 37, 37, 37, 37, 37, 37, 36, 36, 36, 36, 36, 36, 36, 36, 36, 36, 36, 36, 36, 36, 36, 36, 36, 36, 36, 36, 36, 36, 36, 36, 36, 36, 36, 36, 36, 36, 36, 36, 36, 36, 36, 36, 36, 36, 36, 36, 36]","[5.5, 6.5, 7.0, 7.0, 7.0]","[5.5, 6.5]","[7.0, 7.0, 7.0]",rgb/live/Synchro_009/6,115,030999.jpg,031113.jpg,rgb/replay1/Synchro_009/6,228,031618.jpg,031845.jpg,masks/live/Synchro_009/6,115,True,,0,False,unknown_existing_segmentation_output,[],masks/replay1/Synchro_009/6,predicted_input,True
2.0,Synchro_009/7,Synchro_009,7,test,301b,51.6,2.0,32724,32835,41,79,2,"[41, 79]",112,"[3, 3, 3, 3, 3, 3, 3, 3, 3, 3, 3, 3, 3, 3, 3, 3, 3, 3, 3, 3, 3, 3, 3, 3, 3, 3, 3, 3, 3, 3, 3, 3, 3, 3, 3, 3, 3, 3, 3, 3, 3, 3, 37, 37, 37, 37, 37, 37, 37, 37, 37, 37, 37, 37, 37, 37, 37, 37, 37, 37, 37, 37, 37, 37, 37, 37, 37, 37, 37, 37, 37, 37, 37, 37, 37, 37, 37, 37, 37, 37, 36, 36, 36, 36, 36, 36, 36, 36, 36, 36, 36, 36, 36, 36, 36, 36, 36, 36, 36, 36, 36, 36, 36, 36, 36, 36, 36, 36, 36, 36, 36, 36]","[9.0, 8.5, 8.5, 8.5, 8.5]","[9.0, 8.5]","[8.5, 8.5, 8.5]",rgb/live/Synchro_009/7,112,032724.jpg,032835.jpg,rgb/replay1/Synchro_009/7,214,033234.jpg,033447.jpg,masks/live/Synchro_009/7,112,True,,0,False,unknown_existing_segmentation_output,[],masks/replay1/Synchro_009/7,predicted_input,True
2.0,Synchro_009/8,Synchro_009,8,train,401b,46.2,2.0,34560,34657,25,56,2,"[25, 56]",98,"[4, 4, 4, 4, 4, 4, 4, 4, 4, 4, 4, 4, 4, 4, 4, 4, 4, 4, 4, 4, 4, 4, 4, 4, 4, 4, 37, 37, 37, 37, 37, 37, 37, 37, 37, 37, 37, 37, 37, 37, 37, 37, 37, 37, 37, 37, 37, 37, 37, 37, 37, 37, 37, 37, 37, 37, 37, 36, 36, 36, 36, 36, 36, 36, 36, 36, 36, 36, 36, 36, 36, 36, 36, 36, 36, 36, 36, 36, 36, 36, 36, 36, 36, 36, 36, 36, 36, 36, 36, 36, 36, 36, 36, 36, 36, 36, 36, 36]","[7.0, 7.0, 8.5, 8.0, 8.0]","[7.0, 7.0]","[8.5, 8.0, 8.0]",rgb/live/Synchro_009/8,98,034560.jpg,034657.jpg,rgb/replay1/Synchro_009/8,241,035025.jpg,035265.jpg,masks/live/Synchro_009/8,98,True,,0,False,unknown_existing_segmentation_output,[],masks/replay1/Synchro_009/8,predicted_input,True
2.0,Synchro_009/9,Synchro_009,9,train,401b,41.4,2.0,36334,36436,31,62,2,"[31, 62]",103,"[4, 4, 4, 4, 4, 4, 4, 4, 4, 4, 4, 4, 4, 4, 4, 4, 4, 4, 4, 4, 4, 4, 4, 4, 4, 4, 4, 4, 4, 4, 4, 4, 37, 37, 37, 37, 37, 37, 37, 37, 37, 37, 37, 37, 37, 37, 37, 37, 37, 37, 37, 37, 37, 37, 37, 37, 37, 37, 37, 37, 37, 37, 37, 36, 36, 36, 36, 36, 36, 36, 36, 36, 36, 36, 36, 36, 36, 36, 36, 36, 36, 36, 36, 36, 36, 36, 36, 36, 36, 36, 36, 36, 36, 36, 36, 36, 36, 36, 36, 36, 36, 36, 36]","[6.5, 7.0, 7.0, 7.0, 7.0]","[6.5, 7.0]","[7.0, 7.0, 7.0]",rgb/live/Synchro_009/9,103,036334.jpg,036436.jpg,rgb/replay1/Synchro_009/9,214,036762.jpg,036975.jpg,masks/live/Synchro_009/9,103,True,,0,False,unknown_existing_segmentation_output,[],masks/replay1/Synchro_009/9,predicted_input,True
2.0,Synchro_009/10,Synchro_009,10,train,107b,54.87,3.1,38929,39047,36,81,2,"[36, 81]",119,"[1, 1, 1, 1, 1, 1, 1, 1, 1, 1, 1, 1, 1, 1, 1, 1, 1, 1, 1, 1, 1, 1, 1, 1, 1, 1, 1, 1, 1, 1, 1, 1, 1, 1, 1, 1, 1, 17, 17, 17, 17, 17, 17, 17, 17, 17, 17, 17, 17, 17, 17, 17, 17, 17, 17, 17, 17, 17, 17, 17, 17, 17, 17, 17, 17, 17, 17, 17, 17, 17, 17, 17, 17, 17, 17, 17, 17, 17, 17, 17, 17, 17, 36, 36, 36, 36, 36, 36, 36, 36, 36, 36, 36, 36, 36, 36, 36, 36, 36, 36, 36, 36, 36, 36, 36, 36, 36, 36, 36, 36, 36, 36, 36, 36, 36, 36, 36, 36, 36]","[6.5, 5.0, 6.0, 6.0, 6.0]","[6.5, 5.0]","[6.0, 6.0, 6.0]",rgb/live/Synchro_009/10,119,038929.jpg,039047.jpg,rgb/replay1/Synchro_009/10,251,039406.jpg,039656.jpg,masks/live/Synchro_009/10,119,True,,0,False,unknown_existing_segmentation_output,[],masks/replay1/Synchro_009/10,predicted_input,True
2.0,Synchro_009/11,Synchro_009,11,test,5152b,56.7,3.0,40547,40656,31,73,4,"[31, 53, 65, 73]",110,"[1, 1, 1, 1, 1, 1, 1, 1, 1, 1, 1, 1, 1, 1, 1, 1, 1, 1, 1, 1, 1, 1, 1, 1, 1, 1, 1, 1, 1, 1, 1, 1, 15, 15, 15, 15, 15, 15, 15, 15, 15, 15, 15, 15, 15, 15, 15, 15, 15, 15, 15, 15, 15, 15, 30, 30, 30, 30, 30, 30, 30, 30, 30, 30, 30, 30, 15, 15, 15, 15, 15, 15, 15, 15, 36, 36, 36, 36, 36, 36, 36, 36, 36, 36, 36, 36, 36, 36, 36, 36, 36, 36, 36, 36, 36, 36, 36, 36, 36, 36, 36, 36, 36, 36, 36, 36, 36, 36, 36, 36]","[6.0, 5.5, 6.5, 7.0, 6.5]","[6.0, 5.5]","[6.5, 7.0, 6.5]",rgb/live/Synchro_009/11,110,040547.jpg,040656.jpg,rgb/replay1/Synchro_009/11,172,041136.jpg,041307.jpg,masks/live/Synchro_009/11,110,True,,0,False,unknown_existing_segmentation_output,[],masks/replay1/Synchro_009/11,predicted_input,True
2.0,Synchro_009/12,Synchro_009,12,train,405b,72.0,3.0,42579,42674,31,68,2,"[31, 68]",96,"[4, 4, 4, 4, 4, 4, 4, 4, 4, 4, 4, 4, 4, 4, 4, 4, 4, 4, 4, 4, 4, 4, 4, 4, 4, 4, 4, 4, 4, 4, 4, 4, 15, 15, 15, 15, 15, 15, 15, 15, 15, 15, 15, 15, 15, 15, 15, 15, 15, 15, 15, 15, 15, 15, 15, 15, 15, 15, 15, 15, 15, 15, 15, 15, 15, 15, 15, 15, 15, 36, 36, 36, 36, 36, 36, 36, 36, 36, 36, 36, 36, 36, 36, 36, 36, 36, 36, 36, 36, 36, 36, 36, 36, 36, 36, 36]","[8.0, 8.0, 8.0, 8.0, 8.0]","[8.0, 8.0]","[8.0, 8.0, 8.0]",rgb/live/Synchro_009/12,96,042579.jpg,042674.jpg,rgb/replay1/Synchro_009/12,195,042984.jpg,043178.jpg,masks/live/Synchro_009/12,96,True,,0,False,unknown_existing_segmentation_output,[],masks/replay1/Synchro_009/12,predicted_input,True
2.0,Synchro_009/13,Synchro_009,13,train,5152b,63.9,3.0,44286,44395,34,77,4,"[34, 49, 65, 77]",110,"[1, 1, 1, 1, 1, 1, 1, 1, 1, 1, 1, 1, 1, 1, 1, 1, 1, 1, 1, 1, 1, 1, 1, 1, 1, 1, 1, 1, 1, 1, 1, 1, 1, 1, 1, 15, 15, 15, 15, 15, 15, 15, 15, 15, 15, 15, 15, 15, 15, 15, 30, 30, 30, 30, 30, 30, 30, 30, 30, 30, 30, 30, 30, 30, 30, 30, 15, 15, 15, 15, 15, 15, 15, 15, 15, 15, 15, 15, 36, 36, 36, 36, 36, 36, 36, 36, 36, 36, 36, 36, 36, 36, 36, 36, 36, 36, 36, 36, 36, 36, 36, 36, 36, 36, 36, 36, 36, 36, 36, 36]","[6.5, 6.5, 7.5, 7.5, 7.5]","[6.5, 6.5]","[7.5, 7.5, 7.5]",rgb/live/Synchro_009/13,110,044286.jpg,044395.jpg,rgb/replay1/Synchro_009/13,282,044852.jpg,045133.jpg,masks/live/Synchro_009/13,110,True,,0,False,unknown_existing_segmentation_output,[],masks/replay1/Synchro_009/13,predicted_input,True
2.0,Synchro_009/14,Synchro_009,14,train,205b,51.3,3.0,46230,46326,24,65,2,"[24, 65]",97,"[2, 2, 2, 2, 2, 2, 2, 2, 2, 2, 2, 2, 2, 2, 2, 2, 2, 2, 2, 2, 2, 2, 2, 2, 2, 15, 15, 15, 15, 15, 15, 15, 15, 15, 15, 15, 15, 15, 15, 15, 15, 15, 15, 15, 15, 15, 15, 15, 15, 15, 15, 15, 15, 15, 15, 15, 15, 15, 15, 15, 15, 15, 15, 15, 15, 15, 36, 36, 36, 36, 36, 36, 36, 36, 36, 36, 36, 36, 36, 36, 36, 36, 36, 36, 36, 36, 36, 36, 36, 36, 36, 36, 36, 36, 36, 36, 36]","[5.0, 4.5, 6.5, 6.0, 6.5]","[5.0, 4.5]","[6.5, 6.0, 6.5]",rgb/live/Synchro_009/14,97,046230.jpg,046326.jpg,rgb/replay1/Synchro_009/14,196,046619.jpg,046814.jpg,masks/live/Synchro_009/14,97,True,,0,False,unknown_existing_segmentation_output,[],masks/replay1/Synchro_009/14,predicted_input,True
2.0,Synchro_009/15,Synchro_009,15,train,205b,51.3,3.0,48988,49093,26,67,2,"[26, 67]",106,"[2, 2, 2, 2, 2, 2, 2, 2, 2, 2, 2, 2, 2, 2, 2, 2, 2, 2, 2, 2, 2, 2, 2, 2, 2, 2, 2, 15, 15, 15, 15, 15, 15, 15, 15, 15, 15, 15, 15, 15, 15, 15, 15, 15, 15, 15, 15, 15, 15, 15, 15, 15, 15, 15, 15, 15, 15, 15, 15, 15, 15, 15, 15, 15, 15, 15, 15, 15, 36, 36, 36, 36, 36, 36, 36, 36, 36, 36, 36, 36, 36, 36, 36, 36, 36, 36, 36, 36, 36, 36, 36, 36, 36, 36, 36, 36, 36, 36, 36, 36, 36, 36, 36, 36, 36, 36]","[4.0, 6.5, 6.0, 6.0, 6.0]","[4.0, 6.5]","[6.0, 6.0, 6.0]",rgb/live/Synchro_009/15,106,048988.jpg,049093.jpg,rgb/replay1/Synchro_009/15,211,049444.jpg,049654.jpg,masks/live/Synchro_009/15,106,True,,0,False,unknown_existing_segmentation_output,[],masks/replay1/Synchro_009/15,predicted_input,True
2.0,Synchro_009/16,Synchro_009,16,test,107c,53.76,2.8,50563,50672,33,75,2,"[33, 75]",110,"[1, 1, 1, 1, 1, 1, 1, 1, 1, 1, 1, 1, 1, 1, 1, 1, 1, 1, 1, 1, 1, 1, 1, 1, 1, 1, 1, 1, 1, 1, 1, 1, 1, 1, 25, 25, 25, 25, 25, 25, 25, 25, 25, 25, 25, 25, 25, 25, 25, 25, 25, 25, 25, 25, 25, 25, 25, 25, 25, 25, 25, 25, 25, 25, 25, 25, 25, 25, 25, 25, 25, 25, 25, 25, 25, 25, 36, 36, 36, 36, 36, 36, 36, 36, 36, 36, 36, 36, 36, 36, 36, 36, 36, 36, 36, 36, 36, 36, 36, 36, 36, 36, 36, 36, 36, 36, 36, 36, 36, 36]","[6.0, 6.0, 7.0, 6.5, 6.5]","[6.0, 6.0]","[7.0, 6.5, 6.5]",rgb/live/Synchro_009/16,110,050563.jpg,050672.jpg,rgb/replay1/Synchro_009/16,199,051114.jpg,051312.jpg,masks/live/Synchro_009/16,110,True,,0,False,unknown_existing_segmentation_output,[],masks/replay1/Synchro_009/16,predicted_input,True
2.0,Synchro_009/17,Synchro_009,17,train,107b,75.33,3.1,52393,52500,35,81,2,"[35, 81]",108,"[1, 1, 1, 1, 1, 1, 1, 1, 1, 1, 1, 1, 1, 1, 1, 1, 1, 1, 1, 1, 1, 1, 1, 1, 1, 1, 1, 1, 1, 1, 1, 1, 1, 1, 1, 1, 17, 17, 17, 17, 17, 17, 17, 17, 17, 17, 17, 17, 17, 17, 17, 17, 17, 17, 17, 17, 17, 17, 17, 17, 17, 17, 17, 17, 17, 17, 17, 17, 17, 17, 17, 17, 17, 17, 17, 17, 17, 17, 17, 17, 17, 17, 36, 36, 36, 36, 36, 36, 36, 36, 36, 36, 36, 36, 36, 36, 36, 36, 36, 36, 36, 36, 36, 36, 36, 36, 36, 36]","[8.0, 8.5, 8.0, 8.0, 8.0]","[8.0, 8.5]","[8.0, 8.0, 8.0]",rgb/live/Synchro_009/17,108,052393.jpg,052500.jpg,rgb/replay1/Synchro_009/17,338,052909.jpg,053246.jpg,masks/live/Synchro_009/17,108,True,,0,False,unknown_existing_segmentation_output,[],masks/replay1/Synchro_009/17,predicted_input,True
2.0,Synchro_009/18,Synchro_009,18,test,107b,63.24,3.1,54298,54408,33,76,2,"[33, 76]",111,"[1, 1, 1, 1, 1, 1, 1, 1, 1, 1, 1, 1, 1, 1, 1, 1, 1, 1, 1, 1, 1, 1, 1, 1, 1, 1, 1, 1, 1, 1, 1, 1, 1, 1, 17, 17, 17, 17, 17, 17, 17, 17, 17, 17, 17, 17, 17, 17, 17, 17, 17, 17, 17, 17, 17, 17, 17, 17, 17, 17, 17, 17, 17, 17, 17, 17, 17, 17, 17, 17, 17, 17, 17, 17, 17, 17, 17, 36, 36, 36, 36, 36, 36, 36, 36, 36, 36, 36, 36, 36, 36, 36, 36, 36, 36, 36, 36, 36, 36, 36, 36, 36, 36, 36, 36, 36, 36, 36, 36, 36, 36]","[6.0, 6.0, 7.5, 7.5, 7.0]","[6.0, 6.0]","[7.5, 7.5, 7.0]",rgb/live/Synchro_009/18,111,054298.jpg,054408.jpg,rgb/replay1/Synchro_009/18,204,054828.jpg,055031.jpg,masks/live/Synchro_009/18,111,True,,0,False,unknown_existing_segmentation_output,[],masks/replay1/Synchro_009/18,predicted_input,True
2.0,Synchro_009/19,Synchro_009,19,train,305b,36.0,3.0,56106,56234,38,82,2,"[38, 82]",129,"[3, 3, 3, 3, 3, 3, 3, 3, 3, 3, 3, 3, 3, 3, 3, 3, 3, 3, 3, 3, 3, 3, 3, 3, 3, 3, 3, 3, 3, 3, 3, 3, 3, 3, 3, 3, 3, 3, 3, 15, 15, 15, 15, 15, 15, 15, 15, 15, 15, 15, 15, 15, 15, 15, 15, 15, 15, 15, 15, 15, 15, 15, 15, 15, 15, 15, 15, 15, 15, 15, 15, 15, 15, 15, 15, 15, 15, 15, 15, 15, 15, 15, 15, 36, 36, 36, 36, 36, 36, 36, 36, 36, 36, 36, 36, 36, 36, 36, 36, 36, 36, 36, 36, 36, 36, 36, 36, 36, 36, 36, 36, 36, 36, 36, 36, 36, 36, 36, 36, 36, 36, 36, 36, 36, 36, 36, 36, 36, 36]","[4.0, 2.5, 4.5, 4.5, 4.5]","[4.0, 2.5]","[4.5, 4.5, 4.5]",rgb/live/Synchro_009/19,129,056106.jpg,056234.jpg,rgb/replay1/Synchro_009/19,234,056722.jpg,056955.jpg,masks/live/Synchro_009/19,129,True,,0,False,unknown_existing_segmentation_output,[],masks/replay1/Synchro_009/19,predicted_input,True
2.0,Synchro_010/0,Synchro_010,0,test,401b,49.8,2.0,38246,38342,15,56,2,"[15, 56]",97,"[4, 4, 4, 4, 4, 4, 4, 4, 4, 4, 4, 4, 4, 4, 4, 4, 37, 37, 37, 37, 37, 37, 37, 37, 37, 37, 37, 37, 37, 37, 37, 37, 37, 37, 37, 37, 37, 37, 37, 37, 37, 37, 37, 37, 37, 37, 37, 37, 37, 37, 37, 37, 37, 37, 37, 37, 37, 36, 36, 36, 36, 36, 36, 36, 36, 36, 36, 36, 36, 36, 36, 36, 36, 36, 36, 36, 36, 36, 36, 36, 36, 36, 36, 36, 36, 36, 36, 36, 36, 36, 36, 36, 36, 36, 36, 36, 36]","[8.5, 8.5, 8.0, 8.0, 8.5]","[8.5, 8.5]","[8.0, 8.0, 8.5]",rgb/live/Synchro_010/0,97,038246.jpg,038342.jpg,rgb/replay1/Synchro_010/0,174,039235.jpg,039408.jpg,masks/live/Synchro_010/0,97,True,,0,False,unknown_existing_segmentation_output,[],masks/replay1/Synchro_010/0,predicted_input,True
2.0,Synchro_010/1,Synchro_010,1,train,103b,49.8,2.0,43701,43796,27,73,2,"[27, 73]",96,"[1, 1, 1, 1, 1, 1, 1, 1, 1, 1, 1, 1, 1, 1, 1, 1, 1, 1, 1, 1, 1, 1, 1, 1, 1, 1, 1, 1, 13, 13, 13, 13, 13, 13, 13, 13, 13, 13, 13, 13, 13, 13, 13, 13, 13, 13, 13, 13, 13, 13, 13, 13, 13, 13, 13, 13, 13, 13, 13, 13, 13, 13, 13, 13, 13, 13, 13, 13, 13, 13, 13, 13, 13, 13, 36, 36, 36, 36, 36, 36, 36, 36, 36, 36, 36, 36, 36, 36, 36, 36, 36, 36, 36, 36, 36, 36]","[8.5, 8.0, 8.0, 8.5, 8.5]","[8.5, 8.0]","[8.0, 8.5, 8.5]",rgb/live/Synchro_010/1,96,043701.jpg,043796.jpg,rgb/replay1/Synchro_010/1,229,044147.jpg,044375.jpg,masks/live/Synchro_010/1,96,True,,0,False,unknown_existing_segmentation_output,[],masks/replay1/Synchro_010/1,predicted_input,True
2.0,Synchro_010/2,Synchro_010,2,train,201b,45.0,2.0,47151,47250,25,69,2,"[25, 69]",100,"[2, 2, 2, 2, 2, 2, 2, 2, 2, 2, 2, 2, 2, 2, 2, 2, 2, 2, 2, 2, 2, 2, 2, 2, 2, 2, 37, 37, 37, 37, 37, 37, 37, 37, 37, 37, 37, 37, 37, 37, 37, 37, 37, 37, 37, 37, 37, 37, 37, 37, 37, 37, 37, 37, 37, 37, 37, 37, 37, 37, 37, 37, 37, 37, 37, 37, 37, 37, 37, 37, 36, 36, 36, 36, 36, 36, 36, 36, 36, 36, 36, 36, 36, 36, 36, 36, 36, 36, 36, 36, 36, 36, 36, 36, 36, 36, 36, 36, 36, 36]","[7.0, 8.0, 7.0, 7.5, 8.0]","[7.0, 8.0]","[7.0, 7.5, 8.0]",rgb/live/Synchro_010/2,100,047151.jpg,047250.jpg,rgb/replay1/Synchro_010/2,240,047581.jpg,047820.jpg,masks/live/Synchro_010/2,100,True,,0,False,unknown_existing_segmentation_output,[],masks/replay1/Synchro_010/2,predicted_input,True
2.0,Synchro_010/3,Synchro_010,3,train,201b,39.0,2.0,49001,49117,26,68,2,"[26, 68]",117,"[2, 2, 2, 2, 2, 2, 2, 2, 2, 2, 2, 2, 2, 2, 2, 2, 2, 2, 2, 2, 2, 2, 2, 2, 2, 2, 2, 37, 37, 37, 37, 37, 37, 37, 37, 37, 37, 37, 37, 37, 37, 37, 37, 37, 37, 37, 37, 37, 37, 37, 37, 37, 37, 37, 37, 37, 37, 37, 37, 37, 37, 37, 37, 37, 37, 37, 37, 37, 37, 36, 36, 36, 36, 36, 36, 36, 36, 36, 36, 36, 36, 36, 36, 36, 36, 36, 36, 36, 36, 36, 36, 36, 36, 36, 36, 36, 36, 36, 36, 36, 36, 36, 36, 36, 36, 36, 36, 36, 36, 36, 36, 36, 36, 36, 36, 36, 36]","[6.5, 6.0, 7.0, 6.5, 6.5]","[6.5, 6.0]","[7.0, 6.5, 6.5]",rgb/live/Synchro_010/3,117,049001.jpg,049117.jpg,rgb/replay1/Synchro_010/3,228,049552.jpg,049779.jpg,masks/live/Synchro_010/3,117,True,,0,False,unknown_existing_segmentation_output,[],masks/replay1/Synchro_010/3,predicted_input,True
2.0,Synchro_010/4,Synchro_010,4,train,407c,52.8,3.2,56823,56932,14,56,2,"[14, 56]",110,"[4, 4, 4, 4, 4, 4, 4, 4, 4, 4, 4, 4, 4, 4, 4, 25, 25, 25, 25, 25, 25, 25, 25, 25, 25, 25, 25, 25, 25, 25, 25, 25, 25, 25, 25, 25, 25, 25, 25, 25, 25, 25, 25, 25, 25, 25, 25, 25, 25, 25, 25, 25, 25, 25, 25, 25, 25, 36, 36, 36, 36, 36, 36, 36, 36, 36, 36, 36, 36, 36, 36, 36, 36, 36, 36, 36, 36, 36, 36, 36, 36, 36, 36, 36, 36, 36, 36, 36, 36, 36, 36, 36, 36, 36, 36, 36, 36, 36, 36, 36, 36, 36, 36, 36, 36, 36, 36, 36, 36, 36]","[4.0, 5.5, 5.5, 6.0, 6.5]","[4.0, 5.5]","[5.5, 6.0, 6.5]",rgb/live/Synchro_010/4,110,056823.jpg,056932.jpg,rgb/replay1/Synchro_010/4,274,057397.jpg,057670.jpg,masks/live/Synchro_010/4,110,True,,0,False,unknown_existing_segmentation_output,[],masks/replay1/Synchro_010/4,predicted_input,True
2.0,Synchro_010/5,Synchro_010,5,validation,5253b,68.16,3.2,58825,58920,31,79,3,"[31, 52, 79]",96,"[2, 2, 2, 2, 2, 2, 2, 2, 2, 2, 2, 2, 2, 2, 2, 2, 2, 2, 2, 2, 2, 2, 2, 2, 2, 2, 2, 2, 2, 2, 2, 2, 31, 31, 31, 31, 31, 31, 31, 31, 31, 31, 31, 31, 31, 31, 31, 31, 31, 31, 31, 31, 31, 15, 15, 15, 15, 15, 15, 15, 15, 15, 15, 15, 15, 15, 15, 15, 15, 15, 15, 15, 15, 15, 15, 15, 15, 15, 15, 15, 36, 36, 36, 36, 36, 36, 36, 36, 36, 36, 36, 36, 36, 36, 36, 36]","[6.5, 7.0, 7.5, 7.0, 7.5]","[6.5, 7.0]","[7.5, 7.0, 7.5]",rgb/live/Synchro_010/5,96,058825.jpg,058920.jpg,rgb/replay1/Synchro_010/5,258,059318.jpg,059575.jpg,masks/live/Synchro_010/5,96,True,,0,False,unknown_existing_segmentation_output,[],masks/replay1/Synchro_010/5,predicted_input,True
2.0,Synchro_010/6,Synchro_010,6,train,407c,82.56,3.2,60684,60779,18,64,2,"[18, 64]",96,"[4, 4, 4, 4, 4, 4, 4, 4, 4, 4, 4, 4, 4, 4, 4, 4, 4, 4, 4, 25, 25, 25, 25, 25, 25, 25, 25, 25, 25, 25, 25, 25, 25, 25, 25, 25, 25, 25, 25, 25, 25, 25, 25, 25, 25, 25, 25, 25, 25, 25, 25, 25, 25, 25, 25, 25, 25, 25, 25, 25, 25, 25, 25, 25, 25, 36, 36, 36, 36, 36, 36, 36, 36, 36, 36, 36, 36, 36, 36, 36, 36, 36, 36, 36, 36, 36, 36, 36, 36, 36, 36, 36, 36, 36, 36, 36]","[8.5, 8.5, 9.0, 8.5, 8.5]","[8.5, 8.5]","[9.0, 8.5, 8.5]",rgb/live/Synchro_010/6,96,060684.jpg,060779.jpg,rgb/replay1/Synchro_010/6,227,061198.jpg,061424.jpg,masks/live/Synchro_010/6,96,True,,0,False,unknown_existing_segmentation_output,[],masks/replay1/Synchro_010/6,predicted_input,True
2.0,Synchro_010/7,Synchro_010,7,test,307c,66.3,3.4,66328,66438,25,73,2,"[25, 73]",111,"[3, 3, 3, 3, 3, 3, 3, 3, 3, 3, 3, 3, 3, 3, 3, 3, 3, 3, 3, 3, 3, 3, 3, 3, 3, 3, 25, 25, 25, 25, 25, 25, 25, 25, 25, 25, 25, 25, 25, 25, 25, 25, 25, 25, 25, 25, 25, 25, 25, 25, 25, 25, 25, 25, 25, 25, 25, 25, 25, 25, 25, 25, 25, 25, 25, 25, 25, 25, 25, 25, 25, 25, 25, 25, 36, 36, 36, 36, 36, 36, 36, 36, 36, 36, 36, 36, 36, 36, 36, 36, 36, 36, 36, 36, 36, 36, 36, 36, 36, 36, 36, 36, 36, 36, 36, 36, 36, 36, 36, 36, 36]","[7.0, 6.0, 6.5, 6.5, 6.5]","[7.0, 6.0]","[6.5, 6.5, 6.5]",rgb/live/Synchro_010/7,111,066328.jpg,066438.jpg,rgb/replay1/Synchro_010/7,216,066813.jpg,067028.jpg,masks/live/Synchro_010/7,111,True,,0,False,unknown_existing_segmentation_output,[],masks/replay1/Synchro_010/7,predicted_input,True
2.0,Synchro_010/8,Synchro_010,8,validation,307c,75.48,3.4,70140,70239,23,71,2,"[23, 71]",100,"[3, 3, 3, 3, 3, 3, 3, 3, 3, 3, 3, 3, 3, 3, 3, 3, 3, 3, 3, 3, 3, 3, 3, 3, 25, 25, 25, 25, 25, 25, 25, 25, 25, 25, 25, 25, 25, 25, 25, 25, 25, 25, 25, 25, 25, 25, 25, 25, 25, 25, 25, 25, 25, 25, 25, 25, 25, 25, 25, 25, 25, 25, 25, 25, 25, 25, 25, 25, 25, 25, 25, 25, 36, 36, 36, 36, 36, 36, 36, 36, 36, 36, 36, 36, 36, 36, 36, 36, 36, 36, 36, 36, 36, 36, 36, 36, 36, 36, 36, 36]","[6.5, 8.0, 7.5, 7.5, 7.5]","[6.5, 8.0]","[7.5, 7.5, 7.5]",rgb/live/Synchro_010/8,100,070140.jpg,070239.jpg,rgb/replay1/Synchro_010/8,181,070728.jpg,070908.jpg,masks/live/Synchro_010/8,100,True,,0,False,unknown_existing_segmentation_output,[],masks/replay1/Synchro_010/8,predicted_input,True
2.0,Synchro_010/9,Synchro_010,9,train,5255b,66.96,3.6,75733,75830,26,73,3,"[26, 56, 73]",98,"[2, 2, 2, 2, 2, 2, 2, 2, 2, 2, 2, 2, 2, 2, 2, 2, 2, 2, 2, 2, 2, 2, 2, 2, 2, 2, 2, 33, 33, 33, 33, 33, 33, 33, 33, 33, 33, 33, 33, 33, 33, 33, 33, 33, 33, 33, 33, 33, 33, 33, 33, 33, 33, 33, 33, 33, 33, 15, 15, 15, 15, 15, 15, 15, 15, 15, 15, 15, 15, 15, 15, 15, 15, 15, 36, 36, 36, 36, 36, 36, 36, 36, 36, 36, 36, 36, 36, 36, 36, 36, 36, 36, 36, 36, 36, 36, 36, 36]","[5.0, 6.5, 6.5, 6.5, 6.5]","[5.0, 6.5]","[6.5, 6.5, 6.5]",rgb/live/Synchro_010/9,98,075733.jpg,075830.jpg,rgb/replay1/Synchro_010/9,194,076257.jpg,076450.jpg,masks/live/Synchro_010/9,98,True,,0,False,unknown_existing_segmentation_output,[],masks/replay1/Synchro_010/9,predicted_input,True
2.0,Synchro_010/10,Synchro_010,10,test,109c,51.06,3.7,77558,77664,14,62,2,"[14, 62]",107,"[1, 1, 1, 1, 1, 1, 1, 1, 1, 1, 1, 1, 1, 1, 1, 27, 27, 27, 27, 27, 27, 27, 27, 27, 27, 27, 27, 27, 27, 27, 27, 27, 27, 27, 27, 27, 27, 27, 27, 27, 27, 27, 27, 27, 27, 27, 27, 27, 27, 27, 27, 27, 27, 27, 27, 27, 27, 27, 27, 27, 27, 27, 27, 36, 36, 36, 36, 36, 36, 36, 36, 36, 36, 36, 36, 36, 36, 36, 36, 36, 36, 36, 36, 36, 36, 36, 36, 36, 36, 36, 36, 36, 36, 36, 36, 36, 36, 36, 36, 36, 36, 36, 36, 36, 36, 36, 36]","[3.0, 5.5, 4.5, 5.0, 5.0]","[3.0, 5.5]","[4.5, 5.0, 5.0]",rgb/live/Synchro_010/10,107,077558.jpg,077664.jpg,rgb/replay1/Synchro_010/10,291,078474.jpg,078764.jpg,masks/live/Synchro_010/10,107,True,,0,False,unknown_existing_segmentation_output,[],masks/replay1/Synchro_010/10,predicted_input,True
2.0,Synchro_010/11,Synchro_010,11,test,5253b,86.4,3.2,79544,79650,21,67,3,"[21, 44, 67]",107,"[2, 2, 2, 2, 2, 2, 2, 2, 2, 2, 2, 2, 2, 2, 2, 2, 2, 2, 2, 2, 2, 2, 31, 31, 31, 31, 31, 31, 31, 31, 31, 31, 31, 31, 31, 31, 31, 31, 31, 31, 31, 31, 31, 31, 31, 15, 15, 15, 15, 15, 15, 15, 15, 15, 15, 15, 15, 15, 15, 15, 15, 15, 15, 15, 15, 15, 15, 15, 36, 36, 36, 36, 36, 36, 36, 36, 36, 36, 36, 36, 36, 36, 36, 36, 36, 36, 36, 36, 36, 36, 36, 36, 36, 36, 36, 36, 36, 36, 36, 36, 36, 36, 36, 36, 36, 36, 36]","[9.0, 8.5, 9.5, 9.0, 9.0]","[9.0, 8.5]","[9.5, 9.0, 9.0]",rgb/live/Synchro_010/11,107,079544.jpg,079650.jpg,rgb/replay1/Synchro_010/11,241,080438.jpg,080678.jpg,masks/live/Synchro_010/11,107,True,,0,False,unknown_existing_segmentation_output,[],masks/replay1/Synchro_010/11,predicted_input,True
2.0,Synchro_010/12,Synchro_010,12,train,207c,48.51,3.3,81532,81642,23,72,2,"[23, 72]",111,"[2, 2, 2, 2, 2, 2, 2, 2, 2, 2, 2, 2, 2, 2, 2, 2, 2, 2, 2, 2, 2, 2, 2, 2, 25, 25, 25, 25, 25, 25, 25, 25, 25, 25, 25, 25, 25, 25, 25, 25, 25, 25, 25, 25, 25, 25, 25, 25, 25, 25, 25, 25, 25, 25, 25, 25, 25, 25, 25, 25, 25, 25, 25, 25, 25, 25, 25, 25, 25, 25, 25, 25, 25, 36, 36, 36, 36, 36, 36, 36, 36, 36, 36, 36, 36, 36, 36, 36, 36, 36, 36, 36, 36, 36, 36, 36, 36, 36, 36, 36, 36, 36, 36, 36, 36, 36, 36, 36, 36, 36, 36]","[3.5, 6.0, 5.0, 5.0, 5.0]","[3.5, 6.0]","[5.0, 5.0, 5.0]",rgb/live/Synchro_010/12,111,081532.jpg,081642.jpg,rgb/replay1/Synchro_010/12,295,083006.jpg,083300.jpg,masks/live/Synchro_010/12,111,True,Trimmed_Diving_Video_Frames/TEMP_LIVE/Replay2/Synchro_010/12,228,True,unknown_existing_segmentation_output,[],masks/replay1/Synchro_010/12,predicted_input,True
2.0,Synchro_010/13,Synchro_010,13,train,109c,54.39,3.7,85357,85452,21,70,2,"[21, 70]",96,"[1, 1, 1, 1, 1, 1, 1, 1, 1, 1, 1, 1, 1, 1, 1, 1, 1, 1, 1, 1, 1, 1, 27, 27, 27, 27, 27, 27, 27, 27, 27, 27, 27, 27, 27, 27, 27, 27, 27, 27, 27, 27, 27, 27, 27, 27, 27, 27, 27, 27, 27, 27, 27, 27, 27, 27, 27, 27, 27, 27, 27, 27, 27, 27, 27, 27, 27, 27, 27, 27, 27, 36, 36, 36, 36, 36, 36, 36, 36, 36, 36, 36, 36, 36, 36, 36, 36, 36, 36, 36, 36, 36, 36, 36, 36, 36]","[3.0, 5.0, 5.5, 5.5, 5.5]","[3.0, 5.0]","[5.5, 5.5, 5.5]",rgb/live/Synchro_010/13,96,085357.jpg,085452.jpg,rgb/replay1/Synchro_010/13,252,086288.jpg,086539.jpg,masks/live/Synchro_010/13,96,True,Trimmed_Diving_Video_Frames/TEMP_LIVE/Replay2/Synchro_010/13,234,True,unknown_existing_segmentation_output,[],masks/replay1/Synchro_010/13,predicted_input,True
2.0,Synchro_010/14,Synchro_010,14,train,307c,68.34,3.4,87894,87989,23,71,2,"[23, 71]",96,"[3, 3, 3, 3, 3, 3, 3, 3, 3, 3, 3, 3, 3, 3, 3, 3, 3, 3, 3, 3, 3, 3, 3, 3, 25, 25, 25, 25, 25, 25, 25, 25, 25, 25, 25, 25, 25, 25, 25, 25, 25, 25, 25, 25, 25, 25, 25, 25, 25, 25, 25, 25, 25, 25, 25, 25, 25, 25, 25, 25, 25, 25, 25, 25, 25, 25, 25, 25, 25, 25, 25, 25, 36, 36, 36, 36, 36, 36, 36, 36, 36, 36, 36, 36, 36, 36, 36, 36, 36, 36, 36, 36, 36, 36, 36, 36]","[7.0, 5.5, 7.0, 7.0, 7.0]","[7.0, 5.5]","[7.0, 7.0, 7.0]",rgb/live/Synchro_010/14,96,087894.jpg,087989.jpg,rgb/replay1/Synchro_010/14,234,088797.jpg,089030.jpg,masks/live/Synchro_010/14,96,True,Trimmed_Diving_Video_Frames/TEMP_LIVE/Replay2/Synchro_010/14,185,True,unknown_existing_segmentation_output,[],masks/replay1/Synchro_010/14,predicted_input,True
2.0,Synchro_010/15,Synchro_010,15,train,109c,88.8,3.7,90287,90382,27,73,2,"[27, 73]",96,"[1, 1, 1, 1, 1, 1, 1, 1, 1, 1, 1, 1, 1, 1, 1, 1, 1, 1, 1, 1, 1, 1, 1, 1, 1, 1, 1, 1, 27, 27, 27, 27, 27, 27, 27, 27, 27, 27, 27, 27, 27, 27, 27, 27, 27, 27, 27, 27, 27, 27, 27, 27, 27, 27, 27, 27, 27, 27, 27, 27, 27, 27, 27, 27, 27, 27, 27, 27, 27, 27, 27, 27, 27, 27, 36, 36, 36, 36, 36, 36, 36, 36, 36, 36, 36, 36, 36, 36, 36, 36, 36, 36, 36, 36, 36, 36]","[7.0, 8.0, 8.0, 8.5, 8.5]","[7.0, 8.0]","[8.0, 8.5, 8.5]",rgb/live/Synchro_010/15,96,090287.jpg,090382.jpg,rgb/replay1/Synchro_010/15,218,091238.jpg,091455.jpg,masks/live/Synchro_010/15,96,True,Trimmed_Diving_Video_Frames/TEMP_LIVE/Replay2/Synchro_010/15,185,True,unknown_existing_segmentation_output,[],masks/replay1/Synchro_010/15,predicted_input,True
2.0,Synchro_010/16,Synchro_010,16,train,5253b,70.08,3.2,93165,93271,20,66,3,"[20, 41, 66]",107,"[2, 2, 2, 2, 2, 2, 2, 2, 2, 2, 2, 2, 2, 2, 2, 2, 2, 2, 2, 2, 2, 31, 31, 31, 31, 31, 31, 31, 31, 31, 31, 31, 31, 31, 31, 31, 31, 31, 31, 31, 31, 31, 15, 15, 15, 15, 15, 15, 15, 15, 15, 15, 15, 15, 15, 15, 15, 15, 15, 15, 15, 15, 15, 15, 15, 15, 15, 36, 36, 36, 36, 36, 36, 36, 36, 36, 36, 36, 36, 36, 36, 36, 36, 36, 36, 36, 36, 36, 36, 36, 36, 36, 36, 36, 36, 36, 36, 36, 36, 36, 36, 36, 36, 36, 36, 36, 36]","[7.0, 7.0, 7.5, 7.5, 7.5]","[7.0, 7.0]","[7.5, 7.5, 7.5]",rgb/live/Synchro_010/16,107,093165.jpg,093271.jpg,rgb/replay1/Synchro_010/16,246,094120.jpg,094365.jpg,masks/live/Synchro_010/16,107,True,Trimmed_Diving_Video_Frames/TEMP_LIVE/Replay2/Synchro_010/16,183,True,unknown_existing_segmentation_output,[],masks/replay1/Synchro_010/16,predicted_input,True
2.0,Synchro_011/0,Synchro_011,0,train,101b,43.8,2.0,20857,20972,41,76,2,"[41, 76]",116,"[1, 1, 1, 1, 1, 1, 1, 1, 1, 1, 1, 1, 1, 1, 1, 1, 1, 1, 1, 1, 1, 1, 1, 1, 1, 1, 1, 1, 1, 1, 1, 1, 1, 1, 1, 1, 1, 1, 1, 1, 1, 1, 37, 37, 37, 37, 37, 37, 37, 37, 37, 37, 37, 37, 37, 37, 37, 37, 37, 37, 37, 37, 37, 37, 37, 37, 37, 37, 37, 37, 37, 37, 37, 37, 37, 37, 37, 36, 36, 36, 36, 36, 36, 36, 36, 36, 36, 36, 36, 36, 36, 36, 36, 36, 36, 36, 36, 36, 36, 36, 36, 36, 36, 36, 36, 36, 36, 36, 36, 36, 36, 36, 36, 36, 36, 36]","[7.0, 7.0, 7.5, 7.5, 7.5]","[7.0, 7.0]","[7.5, 7.5, 7.5]",rgb/live/Synchro_011/0,116,020857.jpg,020972.jpg,rgb/replay1/Synchro_011/0,155,021120.jpg,021274.jpg,masks/live/Synchro_011/0,116,True,,0,False,unknown_existing_segmentation_output,[],masks/replay1/Synchro_011/0,predicted_input,True
2.0,Synchro_011/1,Synchro_011,1,train,103b,39.6,2.0,22247,22358,33,73,2,"[33, 73]",112,"[1, 1, 1, 1, 1, 1, 1, 1, 1, 1, 1, 1, 1, 1, 1, 1, 1, 1, 1, 1, 1, 1, 1, 1, 1, 1, 1, 1, 1, 1, 1, 1, 1, 1, 13, 13, 13, 13, 13, 13, 13, 13, 13, 13, 13, 13, 13, 13, 13, 13, 13, 13, 13, 13, 13, 13, 13, 13, 13, 13, 13, 13, 13, 13, 13, 13, 13, 13, 13, 13, 13, 13, 13, 13, 36, 36, 36, 36, 36, 36, 36, 36, 36, 36, 36, 36, 36, 36, 36, 36, 36, 36, 36, 36, 36, 36, 36, 36, 36, 36, 36, 36, 36, 36, 36, 36, 36, 36, 36, 36, 36, 36]","[6.0, 6.5, 6.5, 7.0, 7.0]","[6.0, 6.5]","[6.5, 7.0, 7.0]",rgb/live/Synchro_011/1,112,022247.jpg,022358.jpg,rgb/replay1/Synchro_011/1,207,022476.jpg,022682.jpg,masks/live/Synchro_011/1,112,True,,0,False,unknown_existing_segmentation_output,[],masks/replay1/Synchro_011/1,predicted_input,True
2.0,Synchro_011/2,Synchro_011,2,validation,401b,43.2,2.0,23862,23957,34,66,2,"[34, 66]",96,"[4, 4, 4, 4, 4, 4, 4, 4, 4, 4, 4, 4, 4, 4, 4, 4, 4, 4, 4, 4, 4, 4, 4, 4, 4, 4, 4, 4, 4, 4, 4, 4, 4, 4, 4, 37, 37, 37, 37, 37, 37, 37, 37, 37, 37, 37, 37, 37, 37, 37, 37, 37, 37, 37, 37, 37, 37, 37, 37, 37, 37, 37, 37, 37, 37, 37, 37, 36, 36, 36, 36, 36, 36, 36, 36, 36, 36, 36, 36, 36, 36, 36, 36, 36, 36, 36, 36, 36, 36, 36, 36, 36, 36, 36, 36, 36]","[7.0, 7.0, 7.0, 7.5, 7.5]","[7.0, 7.0]","[7.0, 7.5, 7.5]",rgb/live/Synchro_011/2,96,023862.jpg,023957.jpg,rgb/replay1/Synchro_011/2,203,024066.jpg,024268.jpg,masks/live/Synchro_011/2,96,True,,0,False,unknown_existing_segmentation_output,[],masks/replay1/Synchro_011/2,predicted_input,True
2.0,Synchro_011/3,Synchro_011,3,test,401b,46.8,2.0,25486,25585,32,61,2,"[32, 61]",100,"[4, 4, 4, 4, 4, 4, 4, 4, 4, 4, 4, 4, 4, 4, 4, 4, 4, 4, 4, 4, 4, 4, 4, 4, 4, 4, 4, 4, 4, 4, 4, 4, 4, 37, 37, 37, 37, 37, 37, 37, 37, 37, 37, 37, 37, 37, 37, 37, 37, 37, 37, 37, 37, 37, 37, 37, 37, 37, 37, 37, 37, 37, 36, 36, 36, 36, 36, 36, 36, 36, 36, 36, 36, 36, 36, 36, 36, 36, 36, 36, 36, 36, 36, 36, 36, 36, 36, 36, 36, 36, 36, 36, 36, 36, 36, 36, 36, 36, 36, 36]","[7.5, 7.5, 8.0, 8.0, 8.0]","[7.5, 7.5]","[8.0, 8.0, 8.0]",rgb/live/Synchro_011/3,100,025486.jpg,025585.jpg,rgb/replay1/Synchro_011/3,187,025686.jpg,025872.jpg,masks/live/Synchro_011/3,100,True,,0,False,unknown_existing_segmentation_output,[],masks/replay1/Synchro_011/3,predicted_input,True
2.0,Synchro_011/4,Synchro_011,4,train,201b,51.0,2.0,27112,27210,36,70,2,"[36, 70]",99,"[2, 2, 2, 2, 2, 2, 2, 2, 2, 2, 2, 2, 2, 2, 2, 2, 2, 2, 2, 2, 2, 2, 2, 2, 2, 2, 2, 2, 2, 2, 2, 2, 2, 2, 2, 2, 2, 37, 37, 37, 37, 37, 37, 37, 37, 37, 37, 37, 37, 37, 37, 37, 37, 37, 37, 37, 37, 37, 37, 37, 37, 37, 37, 37, 37, 37, 37, 37, 37, 37, 37, 36, 36, 36, 36, 36, 36, 36, 36, 36, 36, 36, 36, 36, 36, 36, 36, 36, 36, 36, 36, 36, 36, 36, 36, 36, 36, 36, 36]","[8.5, 8.0, 9.0, 8.5, 8.5]","[8.5, 8.0]","[9.0, 8.5, 8.5]",rgb/live/Synchro_011/4,99,027112.jpg,027210.jpg,rgb/replay1/Synchro_011/4,126,027304.jpg,027429.jpg,masks/live/Synchro_011/4,99,True,,0,False,unknown_existing_segmentation_output,[],masks/replay1/Synchro_011/4,predicted_input,True
2.0,Synchro_011/5,Synchro_011,5,train,101b,42.6,2.0,28506,28622,41,78,2,"[41, 78]",117,"[1, 1, 1, 1, 1, 1, 1, 1, 1, 1, 1, 1, 1, 1, 1, 1, 1, 1, 1, 1, 1, 1, 1, 1, 1, 1, 1, 1, 1, 1, 1, 1, 1, 1, 1, 1, 1, 1, 1, 1, 1, 1, 37, 37, 37, 37, 37, 37, 37, 37, 37, 37, 37, 37, 37, 37, 37, 37, 37, 37, 37, 37, 37, 37, 37, 37, 37, 37, 37, 37, 37, 37, 37, 37, 37, 37, 37, 37, 37, 36, 36, 36, 36, 36, 36, 36, 36, 36, 36, 36, 36, 36, 36, 36, 36, 36, 36, 36, 36, 36, 36, 36, 36, 36, 36, 36, 36, 36, 36, 36, 36, 36, 36, 36, 36, 36, 36]","[7.0, 7.5, 6.5, 7.5, 7.0]","[7.0, 7.5]","[6.5, 7.5, 7.0]",rgb/live/Synchro_011/5,117,028506.jpg,028622.jpg,rgb/replay1/Synchro_011/5,225,028758.jpg,028982.jpg,masks/live/Synchro_011/5,117,True,,0,False,unknown_existing_segmentation_output,[],masks/replay1/Synchro_011/5,predicted_input,True
2.0,Synchro_011/6,Synchro_011,6,train,301b,34.8,2.0,29869,29988,43,76,2,"[43, 76]",120,"[3, 3, 3, 3, 3, 3, 3, 3, 3, 3, 3, 3, 3, 3, 3, 3, 3, 3, 3, 3, 3, 3, 3, 3, 3, 3, 3, 3, 3, 3, 3, 3, 3, 3, 3, 3, 3, 3, 3, 3, 3, 3, 3, 3, 37, 37, 37, 37, 37, 37, 37, 37, 37, 37, 37, 37, 37, 37, 37, 37, 37, 37, 37, 37, 37, 37, 37, 37, 37, 37, 37, 37, 37, 37, 37, 37, 37, 36, 36, 36, 36, 36, 36, 36, 36, 36, 36, 36, 36, 36, 36, 36, 36, 36, 36, 36, 36, 36, 36, 36, 36, 36, 36, 36, 36, 36, 36, 36, 36, 36, 36, 36, 36, 36, 36, 36, 36, 36, 36, 36]","[7.0, 4.0, 6.0, 6.0, 6.0]","[7.0, 4.0]","[6.0, 6.0, 6.0]",rgb/live/Synchro_011/6,120,029869.jpg,029988.jpg,rgb/replay1/Synchro_011/6,214,030109.jpg,030322.jpg,masks/live/Synchro_011/6,120,True,,0,False,unknown_existing_segmentation_output,[],masks/replay1/Synchro_011/6,predicted_input,True
2.0,Synchro_011/7,Synchro_011,7,test,101b,40.8,2.0,31242,31343,42,76,2,"[42, 76]",102,"[1, 1, 1, 1, 1, 1, 1, 1, 1, 1, 1, 1, 1, 1, 1, 1, 1, 1, 1, 1, 1, 1, 1, 1, 1, 1, 1, 1, 1, 1, 1, 1, 1, 1, 1, 1, 1, 1, 1, 1, 1, 1, 1, 37, 37, 37, 37, 37, 37, 37, 37, 37, 37, 37, 37, 37, 37, 37, 37, 37, 37, 37, 37, 37, 37, 37, 37, 37, 37, 37, 37, 37, 37, 37, 37, 37, 37, 36, 36, 36, 36, 36, 36, 36, 36, 36, 36, 36, 36, 36, 36, 36, 36, 36, 36, 36, 36, 36, 36, 36, 36, 36]","[6.5, 8.0, 6.5, 6.0, 7.0]","[6.5, 8.0]","[6.5, 6.0, 7.0]",rgb/live/Synchro_011/7,102,031242.jpg,031343.jpg,rgb/replay1/Synchro_011/7,150,031466.jpg,031615.jpg,masks/live/Synchro_011/7,102,True,,0,False,unknown_existing_segmentation_output,[],masks/replay1/Synchro_011/7,predicted_input,True
2.0,Synchro_011/8,Synchro_011,8,train,201b,43.2,2.0,32889,33013,56,91,2,"[56, 91]",125,"[2, 2, 2, 2, 2, 2, 2, 2, 2, 2, 2, 2, 2, 2, 2, 2, 2, 2, 2, 2, 2, 2, 2, 2, 2, 2, 2, 2, 2, 2, 2, 2, 2, 2, 2, 2, 2, 2, 2, 2, 2, 2, 2, 2, 2, 2, 2, 2, 2, 2, 2, 2, 2, 2, 2, 2, 2, 37, 37, 37, 37, 37, 37, 37, 37, 37, 37, 37, 37, 37, 37, 37, 37, 37, 37, 37, 37, 37, 37, 37, 37, 37, 37, 37, 37, 37, 37, 37, 37, 37, 37, 37, 36, 36, 36, 36, 36, 36, 36, 36, 36, 36, 36, 36, 36, 36, 36, 36, 36, 36, 36, 36, 36, 36, 36, 36, 36, 36, 36, 36, 36, 36, 36, 36, 36]","[7.5, 7.0, 7.5, 7.0, 7.0]","[7.5, 7.0]","[7.5, 7.0, 7.0]",rgb/live/Synchro_011/8,125,032889.jpg,033013.jpg,rgb/replay1/Synchro_011/8,182,033134.jpg,033315.jpg,masks/live/Synchro_011/8,125,True,,0,False,unknown_existing_segmentation_output,[],masks/replay1/Synchro_011/8,predicted_input,True
2.0,Synchro_011/9,Synchro_011,9,train,101b,43.8,2.0,34382,34496,41,76,2,"[41, 76]",115,"[1, 1, 1, 1, 1, 1, 1, 1, 1, 1, 1, 1, 1, 1, 1, 1, 1, 1, 1, 1, 1, 1, 1, 1, 1, 1, 1, 1, 1, 1, 1, 1, 1, 1, 1, 1, 1, 1, 1, 1, 1, 1, 37, 37, 37, 37, 37, 37, 37, 37, 37, 37, 37, 37, 37, 37, 37, 37, 37, 37, 37, 37, 37, 37, 37, 37, 37, 37, 37, 37, 37, 37, 37, 37, 37, 37, 37, 36, 36, 36, 36, 36, 36, 36, 36, 36, 36, 36, 36, 36, 36, 36, 36, 36, 36, 36, 36, 36, 36, 36, 36, 36, 36, 36, 36, 36, 36, 36, 36, 36, 36, 36, 36, 36, 36]","[7.0, 7.0, 7.5, 7.5, 7.5]","[7.0, 7.0]","[7.5, 7.5, 7.5]",rgb/live/Synchro_011/9,115,034382.jpg,034496.jpg,rgb/replay1/Synchro_011/9,224,034625.jpg,034848.jpg,masks/live/Synchro_011/9,115,True,,0,False,unknown_existing_segmentation_output,[],masks/replay1/Synchro_011/9,predicted_input,True
2.0,Synchro_011/10,Synchro_011,10,train,103b,42.0,2.0,35766,35872,36,78,2,"[36, 78]",107,"[1, 1, 1, 1, 1, 1, 1, 1, 1, 1, 1, 1, 1, 1, 1, 1, 1, 1, 1, 1, 1, 1, 1, 1, 1, 1, 1, 1, 1, 1, 1, 1, 1, 1, 1, 1, 1, 13, 13, 13, 13, 13, 13, 13, 13, 13, 13, 13, 13, 13, 13, 13, 13, 13, 13, 13, 13, 13, 13, 13, 13, 13, 13, 13, 13, 13, 13, 13, 13, 13, 13, 13, 13, 13, 13, 13, 13, 13, 13, 36, 36, 36, 36, 36, 36, 36, 36, 36, 36, 36, 36, 36, 36, 36, 36, 36, 36, 36, 36, 36, 36, 36, 36, 36, 36, 36, 36]","[6.5, 7.0, 7.5, 7.0, 7.0]","[6.5, 7.0]","[7.5, 7.0, 7.0]",rgb/live/Synchro_011/10,107,035766.jpg,035872.jpg,rgb/replay1/Synchro_011/10,174,035992.jpg,036165.jpg,masks/live/Synchro_011/10,107,True,,0,False,unknown_existing_segmentation_output,[],masks/replay1/Synchro_011/10,predicted_input,True
2.0,Synchro_011/11,Synchro_011,11,validation,401b,44.4,2.0,37253,37353,31,63,2,"[31, 63]",101,"[4, 4, 4, 4, 4, 4, 4, 4, 4, 4, 4, 4, 4, 4, 4, 4, 4, 4, 4, 4, 4, 4, 4, 4, 4, 4, 4, 4, 4, 4, 4, 4, 37, 37, 37, 37, 37, 37, 37, 37, 37, 37, 37, 37, 37, 37, 37, 37, 37, 37, 37, 37, 37, 37, 37, 37, 37, 37, 37, 37, 37, 37, 37, 37, 36, 36, 36, 36, 36, 36, 36, 36, 36, 36, 36, 36, 36, 36, 36, 36, 36, 36, 36, 36, 36, 36, 36, 36, 36, 36, 36, 36, 36, 36, 36, 36, 36, 36, 36, 36, 36]","[7.0, 7.0, 7.5, 7.5, 8.0]","[7.0, 7.0]","[7.5, 7.5, 8.0]",rgb/live/Synchro_011/11,101,037253.jpg,037353.jpg,rgb/replay1/Synchro_011/11,198,037483.jpg,037680.jpg,masks/live/Synchro_011/11,101,True,,0,False,unknown_existing_segmentation_output,[],masks/replay1/Synchro_011/11,predicted_input,True
2.0,Synchro_011/12,Synchro_011,12,train,201b,46.8,2.0,38647,38750,34,67,2,"[34, 67]",104,"[2, 2, 2, 2, 2, 2, 2, 2, 2, 2, 2, 2, 2, 2, 2, 2, 2, 2, 2, 2, 2, 2, 2, 2, 2, 2, 2, 2, 2, 2, 2, 2, 2, 2, 2, 37, 37, 37, 37, 37, 37, 37, 37, 37, 37, 37, 37, 37, 37, 37, 37, 37, 37, 37, 37, 37, 37, 37, 37, 37, 37, 37, 37, 37, 37, 37, 37, 37, 36, 36, 36, 36, 36, 36, 36, 36, 36, 36, 36, 36, 36, 36, 36, 36, 36, 36, 36, 36, 36, 36, 36, 36, 36, 36, 36, 36, 36, 36, 36, 36, 36, 36, 36, 36]","[7.5, 7.5, 8.0, 8.0, 8.0]","[7.5, 7.5]","[8.0, 8.0, 8.0]",rgb/live/Synchro_011/12,104,038647.jpg,038750.jpg,rgb/replay1/Synchro_011/12,221,038852.jpg,039072.jpg,masks/live/Synchro_011/12,104,True,,0,False,unknown_existing_segmentation_output,[],masks/replay1/Synchro_011/12,predicted_input,True
2.0,Synchro_011/13,Synchro_011,13,test,301b,43.8,2.0,41117,41232,42,77,2,"[42, 77]",116,"[3, 3, 3, 3, 3, 3, 3, 3, 3, 3, 3, 3, 3, 3, 3, 3, 3, 3, 3, 3, 3, 3, 3, 3, 3, 3, 3, 3, 3, 3, 3, 3, 3, 3, 3, 3, 3, 3, 3, 3, 3, 3, 3, 37, 37, 37, 37, 37, 37, 37, 37, 37, 37, 37, 37, 37, 37, 37, 37, 37, 37, 37, 37, 37, 37, 37, 37, 37, 37, 37, 37, 37, 37, 37, 37, 37, 37, 37, 36, 36, 36, 36, 36, 36, 36, 36, 36, 36, 36, 36, 36, 36, 36, 36, 36, 36, 36, 36, 36, 36, 36, 36, 36, 36, 36, 36, 36, 36, 36, 36, 36, 36, 36, 36, 36, 36]","[7.0, 7.5, 7.5, 7.0, 7.5]","[7.0, 7.5]","[7.5, 7.0, 7.5]",rgb/live/Synchro_011/13,116,041117.jpg,041232.jpg,rgb/replay1/Synchro_011/13,209,041319.jpg,041527.jpg,masks/live/Synchro_011/13,116,True,,0,False,unknown_existing_segmentation_output,[],masks/replay1/Synchro_011/13,predicted_input,True
2.0,Synchro_011/14,Synchro_011,14,test,301b,29.4,2.0,42331,42445,39,73,2,"[39, 73]",115,"[3, 3, 3, 3, 3, 3, 3, 3, 3, 3, 3, 3, 3, 3, 3, 3, 3, 3, 3, 3, 3, 3, 3, 3, 3, 3, 3, 3, 3, 3, 3, 3, 3, 3, 3, 3, 3, 3, 3, 3, 37, 37, 37, 37, 37, 37, 37, 37, 37, 37, 37, 37, 37, 37, 37, 37, 37, 37, 37, 37, 37, 37, 37, 37, 37, 37, 37, 37, 37, 37, 37, 37, 37, 37, 36, 36, 36, 36, 36, 36, 36, 36, 36, 36, 36, 36, 36, 36, 36, 36, 36, 36, 36, 36, 36, 36, 36, 36, 36, 36, 36, 36, 36, 36, 36, 36, 36, 36, 36, 36, 36, 36, 36, 36, 36]","[3.0, 6.0, 5.0, 5.5, 5.0]","[3.0, 6.0]","[5.0, 5.5, 5.0]",rgb/live/Synchro_011/14,115,042331.jpg,042445.jpg,rgb/replay1/Synchro_011/14,211,042555.jpg,042765.jpg,masks/live/Synchro_011/14,115,True,,0,False,unknown_existing_segmentation_output,[],masks/replay1/Synchro_011/14,predicted_input,True
2.0,Synchro_011/15,Synchro_011,15,test,5231d,41.4,2.0,43981,44079,29,66,3,"[29, 45, 66]",99,"[2, 2, 2, 2, 2, 2, 2, 2, 2, 2, 2, 2, 2, 2, 2, 2, 2, 2, 2, 2, 2, 2, 2, 2, 2, 2, 2, 2, 2, 2, 29, 29, 29, 29, 29, 29, 29, 29, 29, 29, 29, 29, 29, 29, 29, 29, 13, 13, 13, 13, 13, 13, 13, 13, 13, 13, 13, 13, 13, 13, 13, 13, 13, 13, 13, 13, 13, 36, 36, 36, 36, 36, 36, 36, 36, 36, 36, 36, 36, 36, 36, 36, 36, 36, 36, 36, 36, 36, 36, 36, 36, 36, 36, 36, 36, 36, 36, 36, 36]","[6.5, 7.0, 7.0, 7.0, 7.0]","[6.5, 7.0]","[7.0, 7.0, 7.0]",rgb/live/Synchro_011/15,99,043981.jpg,044079.jpg,rgb/replay1/Synchro_011/15,129,044215.jpg,044343.jpg,masks/live/Synchro_011/15,99,True,,0,False,unknown_existing_segmentation_output,[],masks/replay1/Synchro_011/15,predicted_input,True
2.0,Synchro_011/16,Synchro_011,16,train,301b,49.2,2.0,47199,47307,40,77,2,"[40, 77]",109,"[3, 3, 3, 3, 3, 3, 3, 3, 3, 3, 3, 3, 3, 3, 3, 3, 3, 3, 3, 3, 3, 3, 3, 3, 3, 3, 3, 3, 3, 3, 3, 3, 3, 3, 3, 3, 3, 3, 3, 3, 3, 37, 37, 37, 37, 37, 37, 37, 37, 37, 37, 37, 37, 37, 37, 37, 37, 37, 37, 37, 37, 37, 37, 37, 37, 37, 37, 37, 37, 37, 37, 37, 37, 37, 37, 37, 37, 37, 36, 36, 36, 36, 36, 36, 36, 36, 36, 36, 36, 36, 36, 36, 36, 36, 36, 36, 36, 36, 36, 36, 36, 36, 36, 36, 36, 36, 36, 36, 36]","[9.0, 7.5, 8.5, 8.0, 8.0]","[9.0, 7.5]","[8.5, 8.0, 8.0]",rgb/live/Synchro_011/16,109,047199.jpg,047307.jpg,rgb/replay1/Synchro_011/16,140,047432.jpg,047571.jpg,masks/live/Synchro_011/16,109,True,,0,False,unknown_existing_segmentation_output,[],masks/replay1/Synchro_011/16,predicted_input,True
2.0,Synchro_011/17,Synchro_011,17,test,5233d,40.8,2.0,50550,50657,31,70,3,"[31, 56, 70]",108,"[2, 2, 2, 2, 2, 2, 2, 2, 2, 2, 2, 2, 2, 2, 2, 2, 2, 2, 2, 2, 2, 2, 2, 2, 2, 2, 2, 2, 2, 2, 2, 2, 31, 31, 31, 31, 31, 31, 31, 31, 31, 31, 31, 31, 31, 31, 31, 31, 31, 31, 31, 31, 31, 31, 31, 31, 31, 13, 13, 13, 13, 13, 13, 13, 13, 13, 13, 13, 13, 13, 13, 36, 36, 36, 36, 36, 36, 36, 36, 36, 36, 36, 36, 36, 36, 36, 36, 36, 36, 36, 36, 36, 36, 36, 36, 36, 36, 36, 36, 36, 36, 36, 36, 36, 36, 36, 36, 36]","[7.0, 6.0, 7.0, 7.0, 7.0]","[7.0, 6.0]","[7.0, 7.0, 7.0]",rgb/live/Synchro_011/17,108,050550.jpg,050657.jpg,rgb/replay1/Synchro_011/17,224,050795.jpg,051018.jpg,masks/live/Synchro_011/17,108,True,,0,False,unknown_existing_segmentation_output,[],masks/replay1/Synchro_011/17,predicted_input,True
2.0,Synchro_011/18,Synchro_011,18,train,5331d,46.2,2.0,51872,51980,38,77,3,"[38, 54, 77]",109,"[3, 3, 3, 3, 3, 3, 3, 3, 3, 3, 3, 3, 3, 3, 3, 3, 3, 3, 3, 3, 3, 3, 3, 3, 3, 3, 3, 3, 3, 3, 3, 3, 3, 3, 3, 3, 3, 3, 3, 29, 29, 29, 29, 29, 29, 29, 29, 29, 29, 29, 29, 29, 29, 29, 29, 13, 13, 13, 13, 13, 13, 13, 13, 13, 13, 13, 13, 13, 13, 13, 13, 13, 13, 13, 13, 13, 13, 13, 36, 36, 36, 36, 36, 36, 36, 36, 36, 36, 36, 36, 36, 36, 36, 36, 36, 36, 36, 36, 36, 36, 36, 36, 36, 36, 36, 36, 36, 36, 36]","[7.5, 8.0, 7.5, 7.5, 8.0]","[7.5, 8.0]","[7.5, 7.5, 8.0]",rgb/live/Synchro_011/18,109,051872.jpg,051980.jpg,rgb/replay1/Synchro_011/18,140,052091.jpg,052230.jpg,masks/live/Synchro_011/18,109,True,,0,False,unknown_existing_segmentation_output,[],masks/replay1/Synchro_011/18,predicted_input,True
2.0,Synchro_011/19,Synchro_011,19,validation,301b,44.4,2.0,53265,53369,40,77,2,"[40, 77]",105,"[3, 3, 3, 3, 3, 3, 3, 3, 3, 3, 3, 3, 3, 3, 3, 3, 3, 3, 3, 3, 3, 3, 3, 3, 3, 3, 3, 3, 3, 3, 3, 3, 3, 3, 3, 3, 3, 3, 3, 3, 3, 37, 37, 37, 37, 37, 37, 37, 37, 37, 37, 37, 37, 37, 37, 37, 37, 37, 37, 37, 37, 37, 37, 37, 37, 37, 37, 37, 37, 37, 37, 37, 37, 37, 37, 37, 37, 37, 36, 36, 36, 36, 36, 36, 36, 36, 36, 36, 36, 36, 36, 36, 36, 36, 36, 36, 36, 36, 36, 36, 36, 36, 36, 36, 36]","[7.5, 7.0, 7.5, 7.5, 7.5]","[7.5, 7.0]","[7.5, 7.5, 7.5]",rgb/live/Synchro_011/19,105,053265.jpg,053369.jpg,rgb/replay1/Synchro_011/19,194,053497.jpg,053690.jpg,masks/live/Synchro_011/19,105,True,,0,False,unknown_existing_segmentation_output,[],masks/replay1/Synchro_011/19,predicted_input,True
2.0,Synchro_011/20,Synchro_011,20,train,301b,46.2,2.0,54840,54953,42,78,2,"[42, 78]",114,"[3, 3, 3, 3, 3, 3, 3, 3, 3, 3, 3, 3, 3, 3, 3, 3, 3, 3, 3, 3, 3, 3, 3, 3, 3, 3, 3, 3, 3, 3, 3, 3, 3, 3, 3, 3, 3, 3, 3, 3, 3, 3, 3, 37, 37, 37, 37, 37, 37, 37, 37, 37, 37, 37, 37, 37, 37, 37, 37, 37, 37, 37, 37, 37, 37, 37, 37, 37, 37, 37, 37, 37, 37, 37, 37, 37, 37, 37, 37, 36, 36, 36, 36, 36, 36, 36, 36, 36, 36, 36, 36, 36, 36, 36, 36, 36, 36, 36, 36, 36, 36, 36, 36, 36, 36, 36, 36, 36, 36, 36, 36, 36, 36, 36]","[7.5, 7.5, 8.0, 8.0, 7.5]","[7.5, 7.5]","[8.0, 8.0, 7.5]",rgb/live/Synchro_011/20,114,054840.jpg,054953.jpg,rgb/replay1/Synchro_011/20,207,055134.jpg,055340.jpg,masks/live/Synchro_011/20,114,True,,0,False,unknown_existing_segmentation_output,[],masks/replay1/Synchro_011/20,predicted_input,True
2.0,Synchro_011/21,Synchro_011,21,train,301b,43.8,2.0,56097,56211,40,76,2,"[40, 76]",115,"[3, 3, 3, 3, 3, 3, 3, 3, 3, 3, 3, 3, 3, 3, 3, 3, 3, 3, 3, 3, 3, 3, 3, 3, 3, 3, 3, 3, 3, 3, 3, 3, 3, 3, 3, 3, 3, 3, 3, 3, 3, 37, 37, 37, 37, 37, 37, 37, 37, 37, 37, 37, 37, 37, 37, 37, 37, 37, 37, 37, 37, 37, 37, 37, 37, 37, 37, 37, 37, 37, 37, 37, 37, 37, 37, 37, 37, 36, 36, 36, 36, 36, 36, 36, 36, 36, 36, 36, 36, 36, 36, 36, 36, 36, 36, 36, 36, 36, 36, 36, 36, 36, 36, 36, 36, 36, 36, 36, 36, 36, 36, 36, 36, 36, 36]","[7.0, 7.5, 7.5, 7.5, 7.0]","[7.0, 7.5]","[7.5, 7.5, 7.0]",rgb/live/Synchro_011/21,115,056097.jpg,056211.jpg,rgb/replay1/Synchro_011/21,154,056375.jpg,056528.jpg,masks/live/Synchro_011/21,115,True,,0,False,unknown_existing_segmentation_output,[],masks/replay1/Synchro_011/21,predicted_input,True
2.0,Synchro_011/22,Synchro_011,22,train,101b,46.2,2.0,57492,57603,38,73,2,"[38, 73]",112,"[1, 1, 1, 1, 1, 1, 1, 1, 1, 1, 1, 1, 1, 1, 1, 1, 1, 1, 1, 1, 1, 1, 1, 1, 1, 1, 1, 1, 1, 1, 1, 1, 1, 1, 1, 1, 1, 1, 1, 37, 37, 37, 37, 37, 37, 37, 37, 37, 37, 37, 37, 37, 37, 37, 37, 37, 37, 37, 37, 37, 37, 37, 37, 37, 37, 37, 37, 37, 37, 37, 37, 37, 37, 37, 36, 36, 36, 36, 36, 36, 36, 36, 36, 36, 36, 36, 36, 36, 36, 36, 36, 36, 36, 36, 36, 36, 36, 36, 36, 36, 36, 36, 36, 36, 36, 36, 36, 36, 36, 36, 36, 36]","[7.5, 7.5, 7.5, 8.0, 8.0]","[7.5, 7.5]","[7.5, 8.0, 8.0]",rgb/live/Synchro_011/22,112,057492.jpg,057603.jpg,rgb/replay1/Synchro_011/22,214,057747.jpg,057960.jpg,masks/live/Synchro_011/22,112,True,,0,False,unknown_existing_segmentation_output,[],masks/replay1/Synchro_011/22,predicted_input,True
2.0,Synchro_011/23,Synchro_011,23,train,301b,45.6,2.0,58757,58870,44,82,2,"[44, 82]",114,"[3, 3, 3, 3, 3, 3, 3, 3, 3, 3, 3, 3, 3, 3, 3, 3, 3, 3, 3, 3, 3, 3, 3, 3, 3, 3, 3, 3, 3, 3, 3, 3, 3, 3, 3, 3, 3, 3, 3, 3, 3, 3, 3, 3, 3, 37, 37, 37, 37, 37, 37, 37, 37, 37, 37, 37, 37, 37, 37, 37, 37, 37, 37, 37, 37, 37, 37, 37, 37, 37, 37, 37, 37, 37, 37, 37, 37, 37, 37, 37, 37, 37, 37, 36, 36, 36, 36, 36, 36, 36, 36, 36, 36, 36, 36, 36, 36, 36, 36, 36, 36, 36, 36, 36, 36, 36, 36, 36, 36, 36, 36, 36, 36, 36]","[7.5, 7.5, 7.5, 8.0, 7.5]","[7.5, 7.5]","[7.5, 8.0, 7.5]",rgb/live/Synchro_011/23,114,058757.jpg,058870.jpg,rgb/replay1/Synchro_011/23,147,059028.jpg,059174.jpg,masks/live/Synchro_011/23,114,True,,0,False,unknown_existing_segmentation_output,[],masks/replay1/Synchro_011/23,predicted_input,True
2.0,Synchro_011/24,Synchro_011,24,test,405c,50.22,2.7,61442,61537,34,72,2,"[34, 72]",96,"[4, 4, 4, 4, 4, 4, 4, 4, 4, 4, 4, 4, 4, 4, 4, 4, 4, 4, 4, 4, 4, 4, 4, 4, 4, 4, 4, 4, 4, 4, 4, 4, 4, 4, 4, 23, 23, 23, 23, 23, 23, 23, 23, 23, 23, 23, 23, 23, 23, 23, 23, 23, 23, 23, 23, 23, 23, 23, 23, 23, 23, 23, 23, 23, 23, 23, 23, 23, 23, 23, 23, 23, 23, 36, 36, 36, 36, 36, 36, 36, 36, 36, 36, 36, 36, 36, 36, 36, 36, 36, 36, 36, 36, 36, 36, 36]","[6.0, 6.0, 6.5, 6.5, 6.0]","[6.0, 6.0]","[6.5, 6.5, 6.0]",rgb/live/Synchro_011/24,96,061442.jpg,061537.jpg,rgb/replay1/Synchro_011/24,154,061681.jpg,061834.jpg,masks/live/Synchro_011/24,96,True,,0,False,unknown_existing_segmentation_output,[],masks/replay1/Synchro_011/24,predicted_input,True
2.0,Synchro_011/25,Synchro_011,25,train,405c,38.88,2.7,62989,63114,49,88,2,"[49, 88]",126,"[4, 4, 4, 4, 4, 4, 4, 4, 4, 4, 4, 4, 4, 4, 4, 4, 4, 4, 4, 4, 4, 4, 4, 4, 4, 4, 4, 4, 4, 4, 4, 4, 4, 4, 4, 4, 4, 4, 4, 4, 4, 4, 4, 4, 4, 4, 4, 4, 4, 4, 23, 23, 23, 23, 23, 23, 23, 23, 23, 23, 23, 23, 23, 23, 23, 23, 23, 23, 23, 23, 23, 23, 23, 23, 23, 23, 23, 23, 23, 23, 23, 23, 23, 23, 23, 23, 23, 23, 23, 36, 36, 36, 36, 36, 36, 36, 36, 36, 36, 36, 36, 36, 36, 36, 36, 36, 36, 36, 36, 36, 36, 36, 36, 36, 36, 36, 36, 36, 36, 36, 36, 36, 36, 36, 36, 36]","[5.0, 3.5, 5.5, 5.0, 5.0]","[5.0, 3.5]","[5.5, 5.0, 5.0]",rgb/live/Synchro_011/25,126,062989.jpg,063114.jpg,rgb/replay1/Synchro_011/25,192,063241.jpg,063432.jpg,masks/live/Synchro_011/25,126,True,,0,False,unknown_existing_segmentation_output,[],masks/replay1/Synchro_011/25,predicted_input,True
2.0,Synchro_011/26,Synchro_011,26,train,205b,63.0,3.0,64582,64682,26,66,2,"[26, 66]",101,"[2, 2, 2, 2, 2, 2, 2, 2, 2, 2, 2, 2, 2, 2, 2, 2, 2, 2, 2, 2, 2, 2, 2, 2, 2, 2, 2, 15, 15, 15, 15, 15, 15, 15, 15, 15, 15, 15, 15, 15, 15, 15, 15, 15, 15, 15, 15, 15, 15, 15, 15, 15, 15, 15, 15, 15, 15, 15, 15, 15, 15, 15, 15, 15, 15, 15, 15, 36, 36, 36, 36, 36, 36, 36, 36, 36, 36, 36, 36, 36, 36, 36, 36, 36, 36, 36, 36, 36, 36, 36, 36, 36, 36, 36, 36, 36, 36, 36, 36, 36, 36]","[6.5, 6.0, 7.5, 7.5, 7.5]","[6.5, 6.0]","[7.5, 7.5, 7.5]",rgb/live/Synchro_011/26,101,064582.jpg,064682.jpg,rgb/replay1/Synchro_011/26,170,064813.jpg,064982.jpg,masks/live/Synchro_011/26,101,True,,0,False,unknown_existing_segmentation_output,[],masks/replay1/Synchro_011/26,predicted_input,True
2.0,Synchro_011/27,Synchro_011,27,train,5152b,62.1,3.0,66011,66122,37,81,4,"[37, 55, 69, 81]",112,"[1, 1, 1, 1, 1, 1, 1, 1, 1, 1, 1, 1, 1, 1, 1, 1, 1, 1, 1, 1, 1, 1, 1, 1, 1, 1, 1, 1, 1, 1, 1, 1, 1, 1, 1, 1, 1, 1, 15, 15, 15, 15, 15, 15, 15, 15, 15, 15, 15, 15, 15, 15, 15, 15, 15, 15, 30, 30, 30, 30, 30, 30, 30, 30, 30, 30, 30, 30, 30, 30, 15, 15, 15, 15, 15, 15, 15, 15, 15, 15, 15, 15, 36, 36, 36, 36, 36, 36, 36, 36, 36, 36, 36, 36, 36, 36, 36, 36, 36, 36, 36, 36, 36, 36, 36, 36, 36, 36, 36, 36, 36, 36]","[6.0, 6.5, 7.0, 7.5, 7.5]","[6.0, 6.5]","[7.0, 7.5, 7.5]",rgb/live/Synchro_011/27,112,066011.jpg,066122.jpg,rgb/replay1/Synchro_011/27,156,066217.jpg,066372.jpg,masks/live/Synchro_011/27,112,True,,0,False,unknown_existing_segmentation_output,[],masks/replay1/Synchro_011/27,predicted_input,True
2.0,Synchro_011/28,Synchro_011,28,test,405b,71.1,3.0,67753,67852,27,65,2,"[27, 65]",100,"[4, 4, 4, 4, 4, 4, 4, 4, 4, 4, 4, 4, 4, 4, 4, 4, 4, 4, 4, 4, 4, 4, 4, 4, 4, 4, 4, 4, 15, 15, 15, 15, 15, 15, 15, 15, 15, 15, 15, 15, 15, 15, 15, 15, 15, 15, 15, 15, 15, 15, 15, 15, 15, 15, 15, 15, 15, 15, 15, 15, 15, 15, 15, 15, 15, 15, 36, 36, 36, 36, 36, 36, 36, 36, 36, 36, 36, 36, 36, 36, 36, 36, 36, 36, 36, 36, 36, 36, 36, 36, 36, 36, 36, 36, 36, 36, 36, 36, 36, 36]","[7.5, 8.0, 8.0, 8.0, 8.0]","[7.5, 8.0]","[8.0, 8.0, 8.0]",rgb/live/Synchro_011/28,100,067753.jpg,067852.jpg,rgb/replay1/Synchro_011/28,183,067982.jpg,068164.jpg,masks/live/Synchro_011/28,100,True,,0,False,unknown_existing_segmentation_output,[],masks/replay1/Synchro_011/28,predicted_input,True
2.0,Synchro_011/29,Synchro_011,29,train,205b,63.0,3.0,69517,69636,49,90,2,"[49, 90]",120,"[2, 2, 2, 2, 2, 2, 2, 2, 2, 2, 2, 2, 2, 2, 2, 2, 2, 2, 2, 2, 2, 2, 2, 2, 2, 2, 2, 2, 2, 2, 2, 2, 2, 2, 2, 2, 2, 2, 2, 2, 2, 2, 2, 2, 2, 2, 2, 2, 2, 2, 15, 15, 15, 15, 15, 15, 15, 15, 15, 15, 15, 15, 15, 15, 15, 15, 15, 15, 15, 15, 15, 15, 15, 15, 15, 15, 15, 15, 15, 15, 15, 15, 15, 15, 15, 15, 15, 15, 15, 15, 15, 36, 36, 36, 36, 36, 36, 36, 36, 36, 36, 36, 36, 36, 36, 36, 36, 36, 36, 36, 36, 36, 36, 36, 36, 36, 36, 36, 36, 36]","[6.5, 6.5, 7.5, 7.5, 7.0]","[6.5, 6.5]","[7.5, 7.5, 7.0]",rgb/live/Synchro_011/29,120,069517.jpg,069636.jpg,rgb/replay1/Synchro_011/29,176,069756.jpg,069931.jpg,masks/live/Synchro_011/29,120,True,,0,False,unknown_existing_segmentation_output,[],masks/replay1/Synchro_011/29,predicted_input,True
2.0,Synchro_011/30,Synchro_011,30,train,405c,43.74,2.7,71062,71160,31,69,2,"[31, 69]",99,"[4, 4, 4, 4, 4, 4, 4, 4, 4, 4, 4, 4, 4, 4, 4, 4, 4, 4, 4, 4, 4, 4, 4, 4, 4, 4, 4, 4, 4, 4, 4, 4, 23, 23, 23, 23, 23, 23, 23, 23, 23, 23, 23, 23, 23, 23, 23, 23, 23, 23, 23, 23, 23, 23, 23, 23, 23, 23, 23, 23, 23, 23, 23, 23, 23, 23, 23, 23, 23, 23, 36, 36, 36, 36, 36, 36, 36, 36, 36, 36, 36, 36, 36, 36, 36, 36, 36, 36, 36, 36, 36, 36, 36, 36, 36, 36, 36, 36, 36]","[4.0, 7.0, 5.0, 5.5, 5.5]","[4.0, 7.0]","[5.0, 5.5, 5.5]",rgb/live/Synchro_011/30,99,071062.jpg,071160.jpg,rgb/replay1/Synchro_011/30,234,071289.jpg,071522.jpg,masks/live/Synchro_011/30,99,True,,0,False,unknown_existing_segmentation_output,[],masks/replay1/Synchro_011/30,predicted_input,True
2.0,Synchro_011/31,Synchro_011,31,test,405b,68.4,3.0,74173,74270,28,64,2,"[28, 64]",98,"[4, 4, 4, 4, 4, 4, 4, 4, 4, 4, 4, 4, 4, 4, 4, 4, 4, 4, 4, 4, 4, 4, 4, 4, 4, 4, 4, 4, 4, 15, 15, 15, 15, 15, 15, 15, 15, 15, 15, 15, 15, 15, 15, 15, 15, 15, 15, 15, 15, 15, 15, 15, 15, 15, 15, 15, 15, 15, 15, 15, 15, 15, 15, 15, 15, 36, 36, 36, 36, 36, 36, 36, 36, 36, 36, 36, 36, 36, 36, 36, 36, 36, 36, 36, 36, 36, 36, 36, 36, 36, 36, 36, 36, 36, 36, 36, 36, 36]","[7.5, 7.0, 8.0, 7.5, 8.0]","[7.5, 7.0]","[8.0, 7.5, 8.0]",rgb/live/Synchro_011/31,98,074173.jpg,074270.jpg,rgb/replay1/Synchro_011/31,214,074420.jpg,074633.jpg,masks/live/Synchro_011/31,98,True,,0,False,unknown_existing_segmentation_output,[],masks/replay1/Synchro_011/31,predicted_input,True
2.0,Synchro_011/32,Synchro_011,32,train,405b,62.1,3.0,75652,75749,26,64,2,"[26, 64]",98,"[4, 4, 4, 4, 4, 4, 4, 4, 4, 4, 4, 4, 4, 4, 4, 4, 4, 4, 4, 4, 4, 4, 4, 4, 4, 4, 4, 15, 15, 15, 15, 15, 15, 15, 15, 15, 15, 15, 15, 15, 15, 15, 15, 15, 15, 15, 15, 15, 15, 15, 15, 15, 15, 15, 15, 15, 15, 15, 15, 15, 15, 15, 15, 15, 15, 36, 36, 36, 36, 36, 36, 36, 36, 36, 36, 36, 36, 36, 36, 36, 36, 36, 36, 36, 36, 36, 36, 36, 36, 36, 36, 36, 36, 36, 36, 36, 36, 36]","[6.5, 7.0, 7.0, 7.0, 7.0]","[6.5, 7.0]","[7.0, 7.0, 7.0]",rgb/live/Synchro_011/32,98,075652.jpg,075749.jpg,rgb/replay1/Synchro_011/32,129,075907.jpg,076035.jpg,masks/live/Synchro_011/32,98,True,,0,False,unknown_existing_segmentation_output,[],masks/replay1/Synchro_011/32,predicted_input,True
2.0,Synchro_011/33,Synchro_011,33,test,405b,47.7,3.0,77211,77312,37,77,2,"[37, 77]",102,"[4, 4, 4, 4, 4, 4, 4, 4, 4, 4, 4, 4, 4, 4, 4, 4, 4, 4, 4, 4, 4, 4, 4, 4, 4, 4, 4, 4, 4, 4, 4, 4, 4, 4, 4, 4, 4, 4, 15, 15, 15, 15, 15, 15, 15, 15, 15, 15, 15, 15, 15, 15, 15, 15, 15, 15, 15, 15, 15, 15, 15, 15, 15, 15, 15, 15, 15, 15, 15, 15, 15, 15, 15, 15, 15, 15, 15, 15, 36, 36, 36, 36, 36, 36, 36, 36, 36, 36, 36, 36, 36, 36, 36, 36, 36, 36, 36, 36, 36, 36, 36, 36]","[6.5, 3.5, 6.0, 5.5, 5.0]","[6.5, 3.5]","[6.0, 5.5, 5.0]",rgb/live/Synchro_011/33,102,077211.jpg,077312.jpg,rgb/replay1/Synchro_011/33,272,077452.jpg,077723.jpg,masks/live/Synchro_011/33,102,True,,0,False,unknown_existing_segmentation_output,[],masks/replay1/Synchro_011/33,predicted_input,True
2.0,Synchro_011/34,Synchro_011,34,train,205c,57.12,2.8,78913,79013,28,69,2,"[28, 69]",101,"[2, 2, 2, 2, 2, 2, 2, 2, 2, 2, 2, 2, 2, 2, 2, 2, 2, 2, 2, 2, 2, 2, 2, 2, 2, 2, 2, 2, 2, 23, 23, 23, 23, 23, 23, 23, 23, 23, 23, 23, 23, 23, 23, 23, 23, 23, 23, 23, 23, 23, 23, 23, 23, 23, 23, 23, 23, 23, 23, 23, 23, 23, 23, 23, 23, 23, 23, 23, 23, 23, 36, 36, 36, 36, 36, 36, 36, 36, 36, 36, 36, 36, 36, 36, 36, 36, 36, 36, 36, 36, 36, 36, 36, 36, 36, 36, 36, 36, 36, 36, 36]","[7.0, 6.0, 7.0, 7.0, 7.0]","[7.0, 6.0]","[7.0, 7.0, 7.0]",rgb/live/Synchro_011/34,101,078913.jpg,079013.jpg,rgb/replay1/Synchro_011/34,131,079126.jpg,079256.jpg,masks/live/Synchro_011/34,101,True,,0,False,unknown_existing_segmentation_output,[],masks/replay1/Synchro_011/34,predicted_input,True
2.0,Synchro_011/35,Synchro_011,35,train,205c,52.08,2.8,83834,83929,30,70,2,"[30, 70]",96,"[2, 2, 2, 2, 2, 2, 2, 2, 2, 2, 2, 2, 2, 2, 2, 2, 2, 2, 2, 2, 2, 2, 2, 2, 2, 2, 2, 2, 2, 2, 2, 23, 23, 23, 23, 23, 23, 23, 23, 23, 23, 23, 23, 23, 23, 23, 23, 23, 23, 23, 23, 23, 23, 23, 23, 23, 23, 23, 23, 23, 23, 23, 23, 23, 23, 23, 23, 23, 23, 23, 23, 36, 36, 36, 36, 36, 36, 36, 36, 36, 36, 36, 36, 36, 36, 36, 36, 36, 36, 36, 36, 36, 36, 36, 36, 36]","[7.0, 5.5, 6.0, 6.5, 6.0]","[7.0, 5.5]","[6.0, 6.5, 6.0]",rgb/live/Synchro_011/35,96,083834.jpg,083929.jpg,rgb/replay1/Synchro_011/35,142,084049.jpg,084190.jpg,masks/live/Synchro_011/35,96,True,,0,False,unknown_existing_segmentation_output,[],masks/replay1/Synchro_011/35,predicted_input,True
2.0,Synchro_011/36,Synchro_011,36,train,205c,41.16,2.8,85411,85508,23,64,2,"[23, 64]",98,"[2, 2, 2, 2, 2, 2, 2, 2, 2, 2, 2, 2, 2, 2, 2, 2, 2, 2, 2, 2, 2, 2, 2, 2, 23, 23, 23, 23, 23, 23, 23, 23, 23, 23, 23, 23, 23, 23, 23, 23, 23, 23, 23, 23, 23, 23, 23, 23, 23, 23, 23, 23, 23, 23, 23, 23, 23, 23, 23, 23, 23, 23, 23, 23, 23, 36, 36, 36, 36, 36, 36, 36, 36, 36, 36, 36, 36, 36, 36, 36, 36, 36, 36, 36, 36, 36, 36, 36, 36, 36, 36, 36, 36, 36, 36, 36, 36, 36]","[5.0, 3.5, 5.0, 5.5, 5.5]","[5.0, 3.5]","[5.0, 5.5, 5.5]",rgb/live/Synchro_011/36,98,085411.jpg,085508.jpg,rgb/replay1/Synchro_011/36,205,085620.jpg,085824.jpg,masks/live/Synchro_011/36,98,True,,0,False,unknown_existing_segmentation_output,[],masks/replay1/Synchro_011/36,predicted_input,True
2.0,Synchro_011/37,Synchro_011,37,train,105b,48.24,2.4,86842,86948,32,74,2,"[32, 74]",107,"[1, 1, 1, 1, 1, 1, 1, 1, 1, 1, 1, 1, 1, 1, 1, 1, 1, 1, 1, 1, 1, 1, 1, 1, 1, 1, 1, 1, 1, 1, 1, 1, 1, 15, 15, 15, 15, 15, 15, 15, 15, 15, 15, 15, 15, 15, 15, 15, 15, 15, 15, 15, 15, 15, 15, 15, 15, 15, 15, 15, 15, 15, 15, 15, 15, 15, 15, 15, 15, 15, 15, 15, 15, 15, 15, 36, 36, 36, 36, 36, 36, 36, 36, 36, 36, 36, 36, 36, 36, 36, 36, 36, 36, 36, 36, 36, 36, 36, 36, 36, 36, 36, 36, 36, 36, 36, 36]","[5.5, 7.0, 7.0, 7.0, 7.0]","[5.5, 7.0]","[7.0, 7.0, 7.0]",rgb/live/Synchro_011/37,107,086842.jpg,086948.jpg,rgb/replay1/Synchro_011/37,162,087051.jpg,087212.jpg,masks/live/Synchro_011/37,107,True,,0,False,unknown_existing_segmentation_output,[],masks/replay1/Synchro_011/37,predicted_input,True
2.0,Synchro_011/38,Synchro_011,38,validation,305b,64.8,3.0,88268,88382,39,82,2,"[39, 82]",115,"[3, 3, 3, 3, 3, 3, 3, 3, 3, 3, 3, 3, 3, 3, 3, 3, 3, 3, 3, 3, 3, 3, 3, 3, 3, 3, 3, 3, 3, 3, 3, 3, 3, 3, 3, 3, 3, 3, 3, 3, 15, 15, 15, 15, 15, 15, 15, 15, 15, 15, 15, 15, 15, 15, 15, 15, 15, 15, 15, 15, 15, 15, 15, 15, 15, 15, 15, 15, 15, 15, 15, 15, 15, 15, 15, 15, 15, 15, 15, 15, 15, 15, 15, 36, 36, 36, 36, 36, 36, 36, 36, 36, 36, 36, 36, 36, 36, 36, 36, 36, 36, 36, 36, 36, 36, 36, 36, 36, 36, 36, 36, 36, 36, 36, 36]","[7.0, 6.5, 7.5, 7.5, 7.5]","[7.0, 6.5]","[7.5, 7.5, 7.5]",rgb/live/Synchro_011/38,115,088268.jpg,088382.jpg,rgb/replay1/Synchro_011/38,156,088468.jpg,088623.jpg,masks/live/Synchro_011/38,115,True,,0,False,unknown_existing_segmentation_output,[],masks/replay1/Synchro_011/38,predicted_input,True
2.0,Synchro_011/39,Synchro_011,39,train,107b,75.33,3.1,89880,89994,36,83,2,"[36, 83]",115,"[1, 1, 1, 1, 1, 1, 1, 1, 1, 1, 1, 1, 1, 1, 1, 1, 1, 1, 1, 1, 1, 1, 1, 1, 1, 1, 1, 1, 1, 1, 1, 1, 1, 1, 1, 1, 1, 17, 17, 17, 17, 17, 17, 17, 17, 17, 17, 17, 17, 17, 17, 17, 17, 17, 17, 17, 17, 17, 17, 17, 17, 17, 17, 17, 17, 17, 17, 17, 17, 17, 17, 17, 17, 17, 17, 17, 17, 17, 17, 17, 17, 17, 17, 17, 36, 36, 36, 36, 36, 36, 36, 36, 36, 36, 36, 36, 36, 36, 36, 36, 36, 36, 36, 36, 36, 36, 36, 36, 36, 36, 36, 36, 36, 36, 36]","[8.0, 7.5, 8.5, 8.0, 8.5]","[8.0, 7.5]","[8.5, 8.0, 8.5]",rgb/live/Synchro_011/39,115,089880.jpg,089994.jpg,rgb/replay1/Synchro_011/39,217,090145.jpg,090361.jpg,masks/live/Synchro_011/39,115,True,,0,False,unknown_existing_segmentation_output,[],masks/replay1/Synchro_011/39,predicted_input,True
2.0,Synchro_011/40,Synchro_011,40,train,305b,52.2,3.0,91617,91731,38,82,2,"[38, 82]",115,"[3, 3, 3, 3, 3, 3, 3, 3, 3, 3, 3, 3, 3, 3, 3, 3, 3, 3, 3, 3, 3, 3, 3, 3, 3, 3, 3, 3, 3, 3, 3, 3, 3, 3, 3, 3, 3, 3, 3, 15, 15, 15, 15, 15, 15, 15, 15, 15, 15, 15, 15, 15, 15, 15, 15, 15, 15, 15, 15, 15, 15, 15, 15, 15, 15, 15, 15, 15, 15, 15, 15, 15, 15, 15, 15, 15, 15, 15, 15, 15, 15, 15, 15, 36, 36, 36, 36, 36, 36, 36, 36, 36, 36, 36, 36, 36, 36, 36, 36, 36, 36, 36, 36, 36, 36, 36, 36, 36, 36, 36, 36, 36, 36, 36, 36]","[5.0, 5.5, 6.0, 6.0, 6.5]","[5.0, 5.5]","[6.0, 6.0, 6.5]",rgb/live/Synchro_011/40,115,091617.jpg,091731.jpg,rgb/replay1/Synchro_011/40,215,091858.jpg,092072.jpg,masks/live/Synchro_011/40,115,True,,0,False,unknown_existing_segmentation_output,[],masks/replay1/Synchro_011/40,predicted_input,True
2.0,Synchro_011/41,Synchro_011,41,validation,205c,36.12,2.8,93246,93343,32,70,2,"[32, 70]",98,"[2, 2, 2, 2, 2, 2, 2, 2, 2, 2, 2, 2, 2, 2, 2, 2, 2, 2, 2, 2, 2, 2, 2, 2, 2, 2, 2, 2, 2, 2, 2, 2, 2, 23, 23, 23, 23, 23, 23, 23, 23, 23, 23, 23, 23, 23, 23, 23, 23, 23, 23, 23, 23, 23, 23, 23, 23, 23, 23, 23, 23, 23, 23, 23, 23, 23, 23, 23, 23, 23, 23, 36, 36, 36, 36, 36, 36, 36, 36, 36, 36, 36, 36, 36, 36, 36, 36, 36, 36, 36, 36, 36, 36, 36, 36, 36, 36, 36]","[6.0, 1.5, 4.5, 5.0, 4.5]","[6.0, 1.5]","[4.5, 5.0, 4.5]",rgb/live/Synchro_011/41,98,093246.jpg,093343.jpg,rgb/replay1/Synchro_011/41,153,093518.jpg,093670.jpg,masks/live/Synchro_011/41,98,True,,0,False,unknown_existing_segmentation_output,[],masks/replay1/Synchro_011/41,predicted_input,True
2.0,Synchro_011/42,Synchro_011,42,test,305b,67.5,3.0,94570,94681,38,79,2,"[38, 79]",112,"[3, 3, 3, 3, 3, 3, 3, 3, 3, 3, 3, 3, 3, 3, 3, 3, 3, 3, 3, 3, 3, 3, 3, 3, 3, 3, 3, 3, 3, 3, 3, 3, 3, 3, 3, 3, 3, 3, 3, 15, 15, 15, 15, 15, 15, 15, 15, 15, 15, 15, 15, 15, 15, 15, 15, 15, 15, 15, 15, 15, 15, 15, 15, 15, 15, 15, 15, 15, 15, 15, 15, 15, 15, 15, 15, 15, 15, 15, 15, 15, 36, 36, 36, 36, 36, 36, 36, 36, 36, 36, 36, 36, 36, 36, 36, 36, 36, 36, 36, 36, 36, 36, 36, 36, 36, 36, 36, 36, 36, 36, 36, 36]","[7.5, 7.5, 7.5, 7.5, 7.5]","[7.5, 7.5]","[7.5, 7.5, 7.5]",rgb/live/Synchro_011/42,112,094570.jpg,094681.jpg,rgb/replay1/Synchro_011/42,195,094831.jpg,095025.jpg,masks/live/Synchro_011/42,112,True,,0,False,unknown_existing_segmentation_output,[],masks/replay1/Synchro_011/42,predicted_input,True
2.0,Synchro_011/43,Synchro_011,43,train,107b,54.87,3.1,96006,96116,35,76,2,"[35, 76]",111,"[1, 1, 1, 1, 1, 1, 1, 1, 1, 1, 1, 1, 1, 1, 1, 1, 1, 1, 1, 1, 1, 1, 1, 1, 1, 1, 1, 1, 1, 1, 1, 1, 1, 1, 1, 1, 17, 17, 17, 17, 17, 17, 17, 17, 17, 17, 17, 17, 17, 17, 17, 17, 17, 17, 17, 17, 17, 17, 17, 17, 17, 17, 17, 17, 17, 17, 17, 17, 17, 17, 17, 17, 17, 17, 17, 17, 17, 36, 36, 36, 36, 36, 36, 36, 36, 36, 36, 36, 36, 36, 36, 36, 36, 36, 36, 36, 36, 36, 36, 36, 36, 36, 36, 36, 36, 36, 36, 36, 36, 36, 36]","[6.5, 3.5, 7.0, 6.5, 6.0]","[6.5, 3.5]","[7.0, 6.5, 6.0]",rgb/live/Synchro_011/43,111,096006.jpg,096116.jpg,rgb/replay1/Synchro_011/43,132,096256.jpg,096387.jpg,masks/live/Synchro_011/43,111,True,,0,False,unknown_existing_segmentation_output,[],masks/replay1/Synchro_011/43,predicted_input,True
2.0,Synchro_011/44,Synchro_011,44,train,205b,62.1,3.0,97585,97682,33,72,2,"[33, 72]",98,"[2, 2, 2, 2, 2, 2, 2, 2, 2, 2, 2, 2, 2, 2, 2, 2, 2, 2, 2, 2, 2, 2, 2, 2, 2, 2, 2, 2, 2, 2, 2, 2, 2, 2, 15, 15, 15, 15, 15, 15, 15, 15, 15, 15, 15, 15, 15, 15, 15, 15, 15, 15, 15, 15, 15, 15, 15, 15, 15, 15, 15, 15, 15, 15, 15, 15, 15, 15, 15, 15, 15, 15, 15, 36, 36, 36, 36, 36, 36, 36, 36, 36, 36, 36, 36, 36, 36, 36, 36, 36, 36, 36, 36, 36, 36, 36, 36, 36]","[6.5, 5.5, 7.5, 7.5, 7.5]","[6.5, 5.5]","[7.5, 7.5, 7.5]",rgb/live/Synchro_011/44,98,097585.jpg,097682.jpg,rgb/replay1/Synchro_011/44,208,097816.jpg,098023.jpg,masks/live/Synchro_011/44,98,True,,0,False,unknown_existing_segmentation_output,[],masks/replay1/Synchro_011/44,predicted_input,True
2.0,Synchro_011/45,Synchro_011,45,train,5152b,57.6,3.0,98910,99019,35,79,4,"[35, 54, 66, 79]",110,"[1, 1, 1, 1, 1, 1, 1, 1, 1, 1, 1, 1, 1, 1, 1, 1, 1, 1, 1, 1, 1, 1, 1, 1, 1, 1, 1, 1, 1, 1, 1, 1, 1, 1, 1, 1, 15, 15, 15, 15, 15, 15, 15, 15, 15, 15, 15, 15, 15, 15, 15, 15, 15, 15, 15, 30, 30, 30, 30, 30, 30, 30, 30, 30, 30, 30, 30, 15, 15, 15, 15, 15, 15, 15, 15, 15, 15, 15, 15, 15, 36, 36, 36, 36, 36, 36, 36, 36, 36, 36, 36, 36, 36, 36, 36, 36, 36, 36, 36, 36, 36, 36, 36, 36, 36, 36, 36, 36, 36, 36]","[6.0, 5.5, 7.0, 6.5, 7.0]","[6.0, 5.5]","[7.0, 6.5, 7.0]",rgb/live/Synchro_011/45,110,098910.jpg,099019.jpg,rgb/replay1/Synchro_011/45,144,099127.jpg,099270.jpg,masks/live/Synchro_011/45,110,True,,0,False,unknown_existing_segmentation_output,[],masks/replay1/Synchro_011/45,predicted_input,True
2.0,Synchro_011/46,Synchro_011,46,train,305c,47.04,2.8,100319,100437,38,80,2,"[38, 80]",119,"[3, 3, 3, 3, 3, 3, 3, 3, 3, 3, 3, 3, 3, 3, 3, 3, 3, 3, 3, 3, 3, 3, 3, 3, 3, 3, 3, 3, 3, 3, 3, 3, 3, 3, 3, 3, 3, 3, 3, 23, 23, 23, 23, 23, 23, 23, 23, 23, 23, 23, 23, 23, 23, 23, 23, 23, 23, 23, 23, 23, 23, 23, 23, 23, 23, 23, 23, 23, 23, 23, 23, 23, 23, 23, 23, 23, 23, 23, 23, 23, 23, 36, 36, 36, 36, 36, 36, 36, 36, 36, 36, 36, 36, 36, 36, 36, 36, 36, 36, 36, 36, 36, 36, 36, 36, 36, 36, 36, 36, 36, 36, 36, 36, 36, 36, 36, 36, 36, 36]","[5.0, 4.0, 6.0, 6.5, 6.5]","[5.0, 4.0]","[6.0, 6.5, 6.5]",rgb/live/Synchro_011/46,119,100319.jpg,100437.jpg,rgb/replay1/Synchro_011/46,200,100553.jpg,100752.jpg,masks/live/Synchro_011/46,119,True,,0,False,unknown_existing_segmentation_output,[],masks/replay1/Synchro_011/46,predicted_input,True
2.0,Synchro_011/47,Synchro_011,47,train,107b,63.24,3.1,101689,101801,39,83,2,"[39, 83]",113,"[1, 1, 1, 1, 1, 1, 1, 1, 1, 1, 1, 1, 1, 1, 1, 1, 1, 1, 1, 1, 1, 1, 1, 1, 1, 1, 1, 1, 1, 1, 1, 1, 1, 1, 1, 1, 1, 1, 1, 1, 17, 17, 17, 17, 17, 17, 17, 17, 17, 17, 17, 17, 17, 17, 17, 17, 17, 17, 17, 17, 17, 17, 17, 17, 17, 17, 17, 17, 17, 17, 17, 17, 17, 17, 17, 17, 17, 17, 17, 17, 17, 17, 17, 17, 36, 36, 36, 36, 36, 36, 36, 36, 36, 36, 36, 36, 36, 36, 36, 36, 36, 36, 36, 36, 36, 36, 36, 36, 36, 36, 36, 36, 36]","[7.0, 6.0, 7.0, 7.0, 7.0]","[7.0, 6.0]","[7.0, 7.0, 7.0]",rgb/live/Synchro_011/47,113,101689.jpg,101801.jpg,rgb/replay1/Synchro_011/47,232,101974.jpg,102205.jpg,masks/live/Synchro_011/47,113,True,,0,False,unknown_existing_segmentation_output,[],masks/replay1/Synchro_011/47,predicted_input,True
2.0,Synchro_011/48,Synchro_011,48,train,5152b,58.5,3.0,104339,104448,38,85,4,"[38, 61, 75, 85]",110,"[1, 1, 1, 1, 1, 1, 1, 1, 1, 1, 1, 1, 1, 1, 1, 1, 1, 1, 1, 1, 1, 1, 1, 1, 1, 1, 1, 1, 1, 1, 1, 1, 1, 1, 1, 1, 1, 1, 1, 15, 15, 15, 15, 15, 15, 15, 15, 15, 15, 15, 15, 15, 15, 15, 15, 15, 15, 15, 15, 15, 15, 15, 30, 30, 30, 30, 30, 30, 30, 30, 30, 30, 30, 30, 30, 30, 15, 15, 15, 15, 15, 15, 15, 15, 15, 15, 36, 36, 36, 36, 36, 36, 36, 36, 36, 36, 36, 36, 36, 36, 36, 36, 36, 36, 36, 36, 36, 36, 36, 36]","[6.0, 6.5, 6.5, 6.5, 7.0]","[6.0, 6.5]","[6.5, 6.5, 7.0]",rgb/live/Synchro_011/48,110,104339.jpg,104448.jpg,rgb/replay1/Synchro_011/48,229,104591.jpg,104819.jpg,masks/live/Synchro_011/48,110,True,,0,False,unknown_existing_segmentation_output,[],masks/replay1/Synchro_011/48,predicted_input,True
2.0,Synchro_011/49,Synchro_011,49,train,5152b,65.7,3.0,122171,122289,38,85,4,"[38, 55, 72, 85]",119,"[1, 1, 1, 1, 1, 1, 1, 1, 1, 1, 1, 1, 1, 1, 1, 1, 1, 1, 1, 1, 1, 1, 1, 1, 1, 1, 1, 1, 1, 1, 1, 1, 1, 1, 1, 1, 1, 1, 1, 15, 15, 15, 15, 15, 15, 15, 15, 15, 15, 15, 15, 15, 15, 15, 15, 15, 30, 30, 30, 30, 30, 30, 30, 30, 30, 30, 30, 30, 30, 30, 30, 30, 30, 15, 15, 15, 15, 15, 15, 15, 15, 15, 15, 15, 15, 15, 36, 36, 36, 36, 36, 36, 36, 36, 36, 36, 36, 36, 36, 36, 36, 36, 36, 36, 36, 36, 36, 36, 36, 36, 36, 36, 36, 36, 36, 36, 36, 36, 36]","[7.0, 7.0, 7.5, 7.5, 7.5]","[7.0, 7.0]","[7.5, 7.5, 7.5]",rgb/live/Synchro_011/49,119,122171.jpg,122289.jpg,rgb/replay1/Synchro_011/49,232,122445.jpg,122676.jpg,masks/live/Synchro_011/49,119,True,,0,False,unknown_existing_segmentation_output,[],masks/replay1/Synchro_011/49,predicted_input,True
2.0,Synchro_011/50,Synchro_011,50,train,5152b,71.1,3.0,109908,110010,36,82,4,"[36, 54, 70, 82]",103,"[1, 1, 1, 1, 1, 1, 1, 1, 1, 1, 1, 1, 1, 1, 1, 1, 1, 1, 1, 1, 1, 1, 1, 1, 1, 1, 1, 1, 1, 1, 1, 1, 1, 1, 1, 1, 1, 15, 15, 15, 15, 15, 15, 15, 15, 15, 15, 15, 15, 15, 15, 15, 15, 15, 15, 30, 30, 30, 30, 30, 30, 30, 30, 30, 30, 30, 30, 30, 30, 30, 30, 15, 15, 15, 15, 15, 15, 15, 15, 15, 15, 15, 15, 36, 36, 36, 36, 36, 36, 36, 36, 36, 36, 36, 36, 36, 36, 36, 36, 36, 36, 36, 36]","[7.5, 8.0, 8.0, 8.0, 8.0]","[7.5, 8.0]","[8.0, 8.0, 8.0]",rgb/live/Synchro_011/50,103,109908.jpg,110010.jpg,rgb/replay1/Synchro_011/50,159,110197.jpg,110355.jpg,masks/live/Synchro_011/50,103,True,,0,False,unknown_existing_segmentation_output,[],masks/replay1/Synchro_011/50,predicted_input,True
2.0,Synchro_011/51,Synchro_011,51,train,5152b,55.8,3.0,111517,111625,35,81,4,"[35, 55, 70, 81]",109,"[1, 1, 1, 1, 1, 1, 1, 1, 1, 1, 1, 1, 1, 1, 1, 1, 1, 1, 1, 1, 1, 1, 1, 1, 1, 1, 1, 1, 1, 1, 1, 1, 1, 1, 1, 1, 15, 15, 15, 15, 15, 15, 15, 15, 15, 15, 15, 15, 15, 15, 15, 15, 15, 15, 15, 15, 30, 30, 30, 30, 30, 30, 30, 30, 30, 30, 30, 30, 30, 30, 30, 15, 15, 15, 15, 15, 15, 15, 15, 15, 15, 15, 36, 36, 36, 36, 36, 36, 36, 36, 36, 36, 36, 36, 36, 36, 36, 36, 36, 36, 36, 36, 36, 36, 36, 36, 36, 36, 36]","[6.5, 6.5, 6.0, 6.0, 6.0]","[6.5, 6.5]","[6.0, 6.0, 6.0]",rgb/live/Synchro_011/51,109,111517.jpg,111625.jpg,rgb/replay1/Synchro_011/51,208,111728.jpg,111935.jpg,masks/live/Synchro_011/51,109,True,,0,False,unknown_existing_segmentation_output,[],masks/replay1/Synchro_011/51,predicted_input,True
2.0,Synchro_011/52,Synchro_011,52,train,107c,42.84,2.8,112967,113076,36,80,2,"[36, 80]",110,"[1, 1, 1, 1, 1, 1, 1, 1, 1, 1, 1, 1, 1, 1, 1, 1, 1, 1, 1, 1, 1, 1, 1, 1, 1, 1, 1, 1, 1, 1, 1, 1, 1, 1, 1, 1, 1, 25, 25, 25, 25, 25, 25, 25, 25, 25, 25, 25, 25, 25, 25, 25, 25, 25, 25, 25, 25, 25, 25, 25, 25, 25, 25, 25, 25, 25, 25, 25, 25, 25, 25, 25, 25, 25, 25, 25, 25, 25, 25, 25, 25, 36, 36, 36, 36, 36, 36, 36, 36, 36, 36, 36, 36, 36, 36, 36, 36, 36, 36, 36, 36, 36, 36, 36, 36, 36, 36, 36, 36, 36]","[4.0, 5.0, 5.0, 5.5, 6.0]","[4.0, 5.0]","[5.0, 5.5, 6.0]",rgb/live/Synchro_011/52,110,112967.jpg,113076.jpg,rgb/replay1/Synchro_011/52,230,113251.jpg,113480.jpg,masks/live/Synchro_011/52,110,True,,0,False,unknown_existing_segmentation_output,[],masks/replay1/Synchro_011/52,predicted_input,True
2.0,Synchro_011/53,Synchro_011,53,train,205b,63.9,3.0,114566,114661,28,69,2,"[28, 69]",96,"[2, 2, 2, 2, 2, 2, 2, 2, 2, 2, 2, 2, 2, 2, 2, 2, 2, 2, 2, 2, 2, 2, 2, 2, 2, 2, 2, 2, 2, 15, 15, 15, 15, 15, 15, 15, 15, 15, 15, 15, 15, 15, 15, 15, 15, 15, 15, 15, 15, 15, 15, 15, 15, 15, 15, 15, 15, 15, 15, 15, 15, 15, 15, 15, 15, 15, 15, 15, 15, 15, 36, 36, 36, 36, 36, 36, 36, 36, 36, 36, 36, 36, 36, 36, 36, 36, 36, 36, 36, 36, 36, 36, 36, 36, 36, 36]","[7.0, 6.5, 7.0, 7.5, 7.5]","[7.0, 6.5]","[7.0, 7.5, 7.5]",rgb/live/Synchro_011/53,96,114566.jpg,114661.jpg,rgb/replay1/Synchro_011/53,132,114804.jpg,114935.jpg,masks/live/Synchro_011/53,96,True,,0,False,unknown_existing_segmentation_output,[],masks/replay1/Synchro_011/53,predicted_input,True
2.0,Synchro_011/54,Synchro_011,54,validation,5152b,62.1,3.0,116054,116155,35,77,4,"[35, 51, 66, 77]",102,"[1, 1, 1, 1, 1, 1, 1, 1, 1, 1, 1, 1, 1, 1, 1, 1, 1, 1, 1, 1, 1, 1, 1, 1, 1, 1, 1, 1, 1, 1, 1, 1, 1, 1, 1, 1, 15, 15, 15, 15, 15, 15, 15, 15, 15, 15, 15, 15, 15, 15, 15, 15, 30, 30, 30, 30, 30, 30, 30, 30, 30, 30, 30, 30, 30, 30, 30, 15, 15, 15, 15, 15, 15, 15, 15, 15, 15, 15, 36, 36, 36, 36, 36, 36, 36, 36, 36, 36, 36, 36, 36, 36, 36, 36, 36, 36, 36, 36, 36, 36, 36, 36]","[7.5, 6.0, 7.0, 7.0, 7.0]","[7.5, 6.0]","[7.0, 7.0, 7.0]",rgb/live/Synchro_011/54,102,116054.jpg,116155.jpg,rgb/replay1/Synchro_011/54,209,116346.jpg,116554.jpg,masks/live/Synchro_011/54,102,True,,0,False,unknown_existing_segmentation_output,[],masks/replay1/Synchro_011/54,predicted_input,True
2.0,Synchro_011/55,Synchro_011,55,train,5152b,68.4,3.0,117568,117675,34,79,4,"[34, 52, 69, 79]",108,"[1, 1, 1, 1, 1, 1, 1, 1, 1, 1, 1, 1, 1, 1, 1, 1, 1, 1, 1, 1, 1, 1, 1, 1, 1, 1, 1, 1, 1, 1, 1, 1, 1, 1, 1, 15, 15, 15, 15, 15, 15, 15, 15, 15, 15, 15, 15, 15, 15, 15, 15, 15, 15, 30, 30, 30, 30, 30, 30, 30, 30, 30, 30, 30, 30, 30, 30, 30, 30, 30, 15, 15, 15, 15, 15, 15, 15, 15, 15, 15, 36, 36, 36, 36, 36, 36, 36, 36, 36, 36, 36, 36, 36, 36, 36, 36, 36, 36, 36, 36, 36, 36, 36, 36, 36, 36, 36, 36]","[7.5, 7.5, 7.5, 7.5, 8.0]","[7.5, 7.5]","[7.5, 7.5, 8.0]",rgb/live/Synchro_011/55,108,117568.jpg,117675.jpg,rgb/replay1/Synchro_011/55,140,117836.jpg,117975.jpg,masks/live/Synchro_011/55,108,True,,0,False,unknown_existing_segmentation_output,[],masks/replay1/Synchro_011/55,predicted_input,True
2.0,Synchro_011/56,Synchro_011,56,test,205b,56.7,3.0,119257,119358,27,67,2,"[27, 67]",102,"[2, 2, 2, 2, 2, 2, 2, 2, 2, 2, 2, 2, 2, 2, 2, 2, 2, 2, 2, 2, 2, 2, 2, 2, 2, 2, 2, 2, 15, 15, 15, 15, 15, 15, 15, 15, 15, 15, 15, 15, 15, 15, 15, 15, 15, 15, 15, 15, 15, 15, 15, 15, 15, 15, 15, 15, 15, 15, 15, 15, 15, 15, 15, 15, 15, 15, 15, 15, 36, 36, 36, 36, 36, 36, 36, 36, 36, 36, 36, 36, 36, 36, 36, 36, 36, 36, 36, 36, 36, 36, 36, 36, 36, 36, 36, 36, 36, 36, 36, 36, 36, 36]","[6.0, 6.0, 6.5, 6.5, 6.5]","[6.0, 6.0]","[6.5, 6.5, 6.5]",rgb/live/Synchro_011/56,102,119257.jpg,119358.jpg,rgb/replay1/Synchro_011/56,123,119489.jpg,119611.jpg,masks/live/Synchro_011/56,102,True,,0,False,unknown_existing_segmentation_output,[],masks/replay1/Synchro_011/56,predicted_input,True
2.0,Synchro_011/57,Synchro_011,57,train,5152b,43.2,3.0,120702,120811,36,79,4,"[36, 54, 71, 79]",110,"[1, 1, 1, 1, 1, 1, 1, 1, 1, 1, 1, 1, 1, 1, 1, 1, 1, 1, 1, 1, 1, 1, 1, 1, 1, 1, 1, 1, 1, 1, 1, 1, 1, 1, 1, 1, 1, 15, 15, 15, 15, 15, 15, 15, 15, 15, 15, 15, 15, 15, 15, 15, 15, 15, 15, 30, 30, 30, 30, 30, 30, 30, 30, 30, 30, 30, 30, 30, 30, 30, 30, 30, 15, 15, 15, 15, 15, 15, 15, 15, 36, 36, 36, 36, 36, 36, 36, 36, 36, 36, 36, 36, 36, 36, 36, 36, 36, 36, 36, 36, 36, 36, 36, 36, 36, 36, 36, 36, 36, 36]","[5.5, 3.0, 5.0, 5.5, 5.0]","[5.5, 3.0]","[5.0, 5.5, 5.0]",rgb/live/Synchro_011/57,110,120702.jpg,120811.jpg,rgb/replay1/Synchro_011/57,181,120935.jpg,121115.jpg,masks/live/Synchro_011/57,110,True,,0,False,unknown_existing_segmentation_output,[],masks/replay1/Synchro_011/57,predicted_input,True
2.0,Synchro_012/0,Synchro_012,0,train,103b,47.4,2.0,20929,21033,16,61,2,"[16, 61]",105,"[1, 1, 1, 1, 1, 1, 1, 1, 1, 1, 1, 1, 1, 1, 1, 1, 1, 13, 13, 13, 13, 13, 13, 13, 13, 13, 13, 13, 13, 13, 13, 13, 13, 13, 13, 13, 13, 13, 13, 13, 13, 13, 13, 13, 13, 13, 13, 13, 13, 13, 13, 13, 13, 13, 13, 13, 13, 13, 13, 13, 13, 13, 36, 36, 36, 36, 36, 36, 36, 36, 36, 36, 36, 36, 36, 36, 36, 36, 36, 36, 36, 36, 36, 36, 36, 36, 36, 36, 36, 36, 36, 36, 36, 36, 36, 36, 36, 36, 36, 36, 36, 36, 36, 36, 36]","[7.5, 7.5, 8.0, 8.0, 8.5]","[7.5, 7.5]","[8.0, 8.0, 8.5]",rgb/live/Synchro_012/0,105,020929.jpg,021033.jpg,rgb/replay1/Synchro_012/0,148,021146.jpg,021293.jpg,masks/live/Synchro_012/0,105,True,,0,False,unknown_existing_segmentation_output,[],masks/replay1/Synchro_012/0,predicted_input,True
2.0,Synchro_012/1,Synchro_012,1,train,401b,49.2,2.0,22629,22724,19,58,2,"[19, 58]",96,"[4, 4, 4, 4, 4, 4, 4, 4, 4, 4, 4, 4, 4, 4, 4, 4, 4, 4, 4, 4, 37, 37, 37, 37, 37, 37, 37, 37, 37, 37, 37, 37, 37, 37, 37, 37, 37, 37, 37, 37, 37, 37, 37, 37, 37, 37, 37, 37, 37, 37, 37, 37, 37, 37, 37, 37, 37, 37, 37, 36, 36, 36, 36, 36, 36, 36, 36, 36, 36, 36, 36, 36, 36, 36, 36, 36, 36, 36, 36, 36, 36, 36, 36, 36, 36, 36, 36, 36, 36, 36, 36, 36, 36, 36, 36, 36]","[8.0, 8.0, 8.0, 8.5, 8.5]","[8.0, 8.0]","[8.0, 8.5, 8.5]",rgb/live/Synchro_012/1,96,022629.jpg,022724.jpg,rgb/replay1/Synchro_012/1,120,022871.jpg,022990.jpg,masks/live/Synchro_012/1,96,True,,0,False,unknown_existing_segmentation_output,[],masks/replay1/Synchro_012/1,predicted_input,True
2.0,Synchro_012/2,Synchro_012,2,train,103b,45.6,2.0,27260,27357,16,62,2,"[16, 62]",98,"[1, 1, 1, 1, 1, 1, 1, 1, 1, 1, 1, 1, 1, 1, 1, 1, 1, 13, 13, 13, 13, 13, 13, 13, 13, 13, 13, 13, 13, 13, 13, 13, 13, 13, 13, 13, 13, 13, 13, 13, 13, 13, 13, 13, 13, 13, 13, 13, 13, 13, 13, 13, 13, 13, 13, 13, 13, 13, 13, 13, 13, 13, 13, 36, 36, 36, 36, 36, 36, 36, 36, 36, 36, 36, 36, 36, 36, 36, 36, 36, 36, 36, 36, 36, 36, 36, 36, 36, 36, 36, 36, 36, 36, 36, 36, 36, 36, 36]","[6.5, 8.0, 7.5, 8.0, 8.0]","[6.5, 8.0]","[7.5, 8.0, 8.0]",rgb/live/Synchro_012/2,98,027260.jpg,027357.jpg,rgb/replay1/Synchro_012/2,130,027471.jpg,027600.jpg,masks/live/Synchro_012/2,98,True,,0,False,unknown_existing_segmentation_output,[],masks/replay1/Synchro_012/2,predicted_input,True
2.0,Synchro_012/3,Synchro_012,3,validation,201b,37.8,2.0,32188,32293,24,62,2,"[24, 62]",106,"[2, 2, 2, 2, 2, 2, 2, 2, 2, 2, 2, 2, 2, 2, 2, 2, 2, 2, 2, 2, 2, 2, 2, 2, 2, 37, 37, 37, 37, 37, 37, 37, 37, 37, 37, 37, 37, 37, 37, 37, 37, 37, 37, 37, 37, 37, 37, 37, 37, 37, 37, 37, 37, 37, 37, 37, 37, 37, 37, 37, 37, 37, 37, 36, 36, 36, 36, 36, 36, 36, 36, 36, 36, 36, 36, 36, 36, 36, 36, 36, 36, 36, 36, 36, 36, 36, 36, 36, 36, 36, 36, 36, 36, 36, 36, 36, 36, 36, 36, 36, 36, 36, 36, 36, 36, 36]","[6.0, 5.5, 7.0, 6.5, 6.5]","[6.0, 5.5]","[7.0, 6.5, 6.5]",rgb/live/Synchro_012/3,106,032188.jpg,032293.jpg,rgb/replay1/Synchro_012/3,127,032414.jpg,032540.jpg,masks/live/Synchro_012/3,106,True,,0,False,unknown_existing_segmentation_output,[],masks/replay1/Synchro_012/3,predicted_input,True
2.0,Synchro_012/4,Synchro_012,4,train,103b,45.0,2.0,35432,35527,18,65,2,"[18, 65]",96,"[1, 1, 1, 1, 1, 1, 1, 1, 1, 1, 1, 1, 1, 1, 1, 1, 1, 1, 1, 9, 9, 9, 9, 9, 9, 9, 9, 9, 9, 9, 9, 9, 9, 9, 9, 9, 9, 9, 9, 9, 9, 9, 9, 9, 9, 9, 9, 9, 9, 9, 9, 9, 9, 9, 9, 9, 9, 9, 9, 9, 9, 9, 9, 9, 9, 9, 36, 36, 36, 36, 36, 36, 36, 36, 36, 36, 36, 36, 36, 36, 36, 36, 36, 36, 36, 36, 36, 36, 36, 36, 36, 36, 36, 36, 36, 36]","[7.0, 8.0, 7.5, 7.5, 7.5]","[7.0, 8.0]","[7.5, 7.5, 7.5]",rgb/live/Synchro_012/4,96,035432.jpg,035527.jpg,rgb/replay1/Synchro_012/4,132,035645.jpg,035776.jpg,masks/live/Synchro_012/4,96,True,,0,False,unknown_existing_segmentation_output,[],masks/replay1/Synchro_012/4,predicted_input,True
2.0,Synchro_012/5,Synchro_012,5,train,401b,38.4,2.0,38762,38863,16,52,2,"[16, 52]",102,"[4, 4, 4, 4, 4, 4, 4, 4, 4, 4, 4, 4, 4, 4, 4, 4, 4, 37, 37, 37, 37, 37, 37, 37, 37, 37, 37, 37, 37, 37, 37, 37, 37, 37, 37, 37, 37, 37, 37, 37, 37, 37, 37, 37, 37, 37, 37, 37, 37, 37, 37, 37, 37, 36, 36, 36, 36, 36, 36, 36, 36, 36, 36, 36, 36, 36, 36, 36, 36, 36, 36, 36, 36, 36, 36, 36, 36, 36, 36, 36, 36, 36, 36, 36, 36, 36, 36, 36, 36, 36, 36, 36, 36, 36, 36, 36, 36, 36, 36, 36, 36, 36]","[5.0, 8.0, 6.5, 6.5, 6.0]","[5.0, 8.0]","[6.5, 6.5, 6.0]",rgb/live/Synchro_012/5,102,038762.jpg,038863.jpg,rgb/replay1/Synchro_012/5,120,039021.jpg,039140.jpg,masks/live/Synchro_012/5,102,True,,0,False,unknown_existing_segmentation_output,[],masks/replay1/Synchro_012/5,predicted_input,True
2.0,Synchro_012/6,Synchro_012,6,train,301b,43.8,2.0,46725,46825,16,56,2,"[16, 56]",101,"[3, 3, 3, 3, 3, 3, 3, 3, 3, 3, 3, 3, 3, 3, 3, 3, 3, 37, 37, 37, 37, 37, 37, 37, 37, 37, 37, 37, 37, 37, 37, 37, 37, 37, 37, 37, 37, 37, 37, 37, 37, 37, 37, 37, 37, 37, 37, 37, 37, 37, 37, 37, 37, 37, 37, 37, 37, 36, 36, 36, 36, 36, 36, 36, 36, 36, 36, 36, 36, 36, 36, 36, 36, 36, 36, 36, 36, 36, 36, 36, 36, 36, 36, 36, 36, 36, 36, 36, 36, 36, 36, 36, 36, 36, 36, 36, 36, 36, 36, 36, 36]","[6.5, 8.0, 7.0, 7.5, 7.5]","[6.5, 8.0]","[7.0, 7.5, 7.5]",rgb/live/Synchro_012/6,101,046725.jpg,046825.jpg,rgb/replay1/Synchro_012/6,158,046987.jpg,047144.jpg,masks/live/Synchro_012/6,101,True,,0,False,unknown_existing_segmentation_output,[],masks/replay1/Synchro_012/6,predicted_input,True
2.0,Synchro_012/7,Synchro_012,7,train,401b,48.6,2.0,49651,49746,17,64,2,"[17, 64]",96,"[4, 4, 4, 4, 4, 4, 4, 4, 4, 4, 4, 4, 4, 4, 4, 4, 4, 4, 37, 37, 37, 37, 37, 37, 37, 37, 37, 37, 37, 37, 37, 37, 37, 37, 37, 37, 37, 37, 37, 37, 37, 37, 37, 37, 37, 37, 37, 37, 37, 37, 37, 37, 37, 37, 37, 37, 37, 37, 37, 37, 37, 37, 37, 37, 37, 36, 36, 36, 36, 36, 36, 36, 36, 36, 36, 36, 36, 36, 36, 36, 36, 36, 36, 36, 36, 36, 36, 36, 36, 36, 36, 36, 36, 36, 36, 36]","[8.0, 8.0, 8.0, 8.5, 8.0]","[8.0, 8.0]","[8.0, 8.5, 8.0]",rgb/live/Synchro_012/7,96,049651.jpg,049746.jpg,rgb/replay1/Synchro_012/7,112,049856.jpg,049967.jpg,masks/live/Synchro_012/7,96,True,,0,False,unknown_existing_segmentation_output,[],masks/replay1/Synchro_012/7,predicted_input,True
2.0,Synchro_012/8,Synchro_012,8,train,107b,64.8,3.0,66902,67002,17,64,2,"[17, 64]",101,"[1, 1, 1, 1, 1, 1, 1, 1, 1, 1, 1, 1, 1, 1, 1, 1, 1, 1, 17, 17, 17, 17, 17, 17, 17, 17, 17, 17, 17, 17, 17, 17, 17, 17, 17, 17, 17, 17, 17, 17, 17, 17, 17, 17, 17, 17, 17, 17, 17, 17, 17, 17, 17, 17, 17, 17, 17, 17, 17, 17, 17, 17, 17, 17, 17, 36, 36, 36, 36, 36, 36, 36, 36, 36, 36, 36, 36, 36, 36, 36, 36, 36, 36, 36, 36, 36, 36, 36, 36, 36, 36, 36, 36, 36, 36, 36, 36, 36, 36, 36, 36]","[7.0, 6.5, 7.5, 7.5, 7.5]","[7.0, 6.5]","[7.5, 7.5, 7.5]",rgb/live/Synchro_012/8,101,066902.jpg,067002.jpg,rgb/replay1/Synchro_012/8,146,067151.jpg,067296.jpg,masks/live/Synchro_012/8,101,True,,0,False,unknown_existing_segmentation_output,[],masks/replay1/Synchro_012/8,predicted_input,True
2.0,Synchro_012/9,Synchro_012,9,test,107b,77.4,3.0,69419,69517,17,65,2,"[17, 65]",99,"[1, 1, 1, 1, 1, 1, 1, 1, 1, 1, 1, 1, 1, 1, 1, 1, 1, 1, 17, 17, 17, 17, 17, 17, 17, 17, 17, 17, 17, 17, 17, 17, 17, 17, 17, 17, 17, 17, 17, 17, 17, 17, 17, 17, 17, 17, 17, 17, 17, 17, 17, 17, 17, 17, 17, 17, 17, 17, 17, 17, 17, 17, 17, 17, 17, 17, 36, 36, 36, 36, 36, 36, 36, 36, 36, 36, 36, 36, 36, 36, 36, 36, 36, 36, 36, 36, 36, 36, 36, 36, 36, 36, 36, 36, 36, 36, 36, 36, 36]","[8.0, 9.0, 8.5, 9.0, 8.5]","[8.0, 9.0]","[8.5, 9.0, 8.5]",rgb/live/Synchro_012/9,99,069419.jpg,069517.jpg,rgb/replay1/Synchro_012/9,151,069679.jpg,069829.jpg,masks/live/Synchro_012/9,99,True,,0,False,unknown_existing_segmentation_output,[],masks/replay1/Synchro_012/9,predicted_input,True
2.0,Synchro_012/10,Synchro_012,10,train,407c,80.64,3.2,77209,77304,23,69,2,"[23, 69]",96,"[4, 4, 4, 4, 4, 4, 4, 4, 4, 4, 4, 4, 4, 4, 4, 4, 4, 4, 4, 4, 4, 4, 4, 4, 25, 25, 25, 25, 25, 25, 25, 25, 25, 25, 25, 25, 25, 25, 25, 25, 25, 25, 25, 25, 25, 25, 25, 25, 25, 25, 25, 25, 25, 25, 25, 25, 25, 25, 25, 25, 25, 25, 25, 25, 25, 25, 25, 25, 25, 25, 36, 36, 36, 36, 36, 36, 36, 36, 36, 36, 36, 36, 36, 36, 36, 36, 36, 36, 36, 36, 36, 36, 36, 36, 36, 36]","[8.0, 8.0, 8.5, 9.0, 8.5]","[8.0, 8.0]","[8.5, 9.0, 8.5]",rgb/live/Synchro_012/10,96,077209.jpg,077304.jpg,rgb/replay1/Synchro_012/10,114,077450.jpg,077563.jpg,masks/live/Synchro_012/10,96,True,,0,False,unknown_existing_segmentation_output,[],masks/replay1/Synchro_012/10,predicted_input,True
2.0,Synchro_012/11,Synchro_012,11,train,5253b,60.48,3.2,79084,79187,21,69,3,"[21, 43, 69]",104,"[2, 2, 2, 2, 2, 2, 2, 2, 2, 2, 2, 2, 2, 2, 2, 2, 2, 2, 2, 2, 2, 2, 31, 31, 31, 31, 31, 31, 31, 31, 31, 31, 31, 31, 31, 31, 31, 31, 31, 31, 31, 31, 31, 31, 15, 15, 15, 15, 15, 15, 15, 15, 15, 15, 15, 15, 15, 15, 15, 15, 15, 15, 15, 15, 15, 15, 15, 15, 15, 15, 36, 36, 36, 36, 36, 36, 36, 36, 36, 36, 36, 36, 36, 36, 36, 36, 36, 36, 36, 36, 36, 36, 36, 36, 36, 36, 36, 36, 36, 36, 36, 36, 36, 36]","[6.0, 5.0, 7.0, 6.5, 7.0]","[6.0, 5.0]","[7.0, 6.5, 7.0]",rgb/live/Synchro_012/11,104,079084.jpg,079187.jpg,rgb/replay1/Synchro_012/11,155,079346.jpg,079500.jpg,masks/live/Synchro_012/11,104,True,,0,False,unknown_existing_segmentation_output,[],masks/replay1/Synchro_012/11,predicted_input,True
2.0,Synchro_012/12,Synchro_012,12,train,407c,84.48,3.2,83826,83921,20,65,2,"[20, 65]",96,"[4, 4, 4, 4, 4, 4, 4, 4, 4, 4, 4, 4, 4, 4, 4, 4, 4, 4, 4, 4, 4, 25, 25, 25, 25, 25, 25, 25, 25, 25, 25, 25, 25, 25, 25, 25, 25, 25, 25, 25, 25, 25, 25, 25, 25, 25, 25, 25, 25, 25, 25, 25, 25, 25, 25, 25, 25, 25, 25, 25, 25, 25, 25, 25, 25, 25, 36, 36, 36, 36, 36, 36, 36, 36, 36, 36, 36, 36, 36, 36, 36, 36, 36, 36, 36, 36, 36, 36, 36, 36, 36, 36, 36, 36, 36, 36]","[8.5, 9.0, 8.5, 9.0, 9.0]","[8.5, 9.0]","[8.5, 9.0, 9.0]",rgb/live/Synchro_012/12,96,083826.jpg,083921.jpg,rgb/replay1/Synchro_012/12,130,084102.jpg,084231.jpg,masks/live/Synchro_012/12,96,True,,0,False,unknown_existing_segmentation_output,[],masks/replay1/Synchro_012/12,predicted_input,True
2.0,Synchro_012/13,Synchro_012,13,train,407c,83.52,3.2,93068,93163,16,60,2,"[16, 60]",96,"[4, 4, 4, 4, 4, 4, 4, 4, 4, 4, 4, 4, 4, 4, 4, 4, 4, 25, 25, 25, 25, 25, 25, 25, 25, 25, 25, 25, 25, 25, 25, 25, 25, 25, 25, 25, 25, 25, 25, 25, 25, 25, 25, 25, 25, 25, 25, 25, 25, 25, 25, 25, 25, 25, 25, 25, 25, 25, 25, 25, 25, 36, 36, 36, 36, 36, 36, 36, 36, 36, 36, 36, 36, 36, 36, 36, 36, 36, 36, 36, 36, 36, 36, 36, 36, 36, 36, 36, 36, 36, 36, 36, 36, 36, 36, 36]","[9.0, 9.0, 8.5, 8.5, 8.5]","[9.0, 9.0]","[8.5, 8.5, 8.5]",rgb/live/Synchro_012/13,96,093068.jpg,093163.jpg,rgb/replay1/Synchro_012/13,125,093324.jpg,093448.jpg,masks/live/Synchro_012/13,96,True,,0,False,unknown_existing_segmentation_output,[],masks/replay1/Synchro_012/13,predicted_input,True
2.0,Synchro_012/14,Synchro_012,14,test,407c,59.52,3.2,96487,96582,19,65,2,"[19, 65]",96,"[4, 4, 4, 4, 4, 4, 4, 4, 4, 4, 4, 4, 4, 4, 4, 4, 4, 4, 4, 4, 25, 25, 25, 25, 25, 25, 25, 25, 25, 25, 25, 25, 25, 25, 25, 25, 25, 25, 25, 25, 25, 25, 25, 25, 25, 25, 25, 25, 25, 25, 25, 25, 25, 25, 25, 25, 25, 25, 25, 25, 25, 25, 25, 25, 25, 25, 36, 36, 36, 36, 36, 36, 36, 36, 36, 36, 36, 36, 36, 36, 36, 36, 36, 36, 36, 36, 36, 36, 36, 36, 36, 36, 36, 36, 36, 36]","[4.5, 7.0, 6.5, 6.5, 6.5]","[4.5, 7.0]","[6.5, 6.5, 6.5]",rgb/live/Synchro_012/14,96,096487.jpg,096582.jpg,rgb/replay1/Synchro_012/14,204,096702.jpg,096905.jpg,masks/live/Synchro_012/14,96,True,,0,False,unknown_existing_segmentation_output,[],masks/replay1/Synchro_012/14,predicted_input,True
2.0,Synchro_012/15,Synchro_012,15,test,407c,70.08,3.2,97962,98057,17,64,2,"[17, 64]",96,"[4, 4, 4, 4, 4, 4, 4, 4, 4, 4, 4, 4, 4, 4, 4, 4, 4, 4, 25, 25, 25, 25, 25, 25, 25, 25, 25, 25, 25, 25, 25, 25, 25, 25, 25, 25, 25, 25, 25, 25, 25, 25, 25, 25, 25, 25, 25, 25, 25, 25, 25, 25, 25, 25, 25, 25, 25, 25, 25, 25, 25, 25, 25, 25, 25, 36, 36, 36, 36, 36, 36, 36, 36, 36, 36, 36, 36, 36, 36, 36, 36, 36, 36, 36, 36, 36, 36, 36, 36, 36, 36, 36, 36, 36, 36, 36]","[8.0, 5.5, 8.0, 7.5, 7.5]","[8.0, 5.5]","[8.0, 7.5, 7.5]",rgb/live/Synchro_012/15,96,097962.jpg,098057.jpg,rgb/replay1/Synchro_012/15,127,098215.jpg,098341.jpg,masks/live/Synchro_012/15,96,True,,0,False,unknown_existing_segmentation_output,[],masks/replay1/Synchro_012/15,predicted_input,True
2.0,Synchro_012/16,Synchro_012,16,train,107b,55.8,3.0,102992,103092,21,69,2,"[21, 69]",101,"[1, 1, 1, 1, 1, 1, 1, 1, 1, 1, 1, 1, 1, 1, 1, 1, 1, 1, 1, 1, 1, 1, 17, 17, 17, 17, 17, 17, 17, 17, 17, 17, 17, 17, 17, 17, 17, 17, 17, 17, 17, 17, 17, 17, 17, 17, 17, 17, 17, 17, 17, 17, 17, 17, 17, 17, 17, 17, 17, 17, 17, 17, 17, 17, 17, 17, 17, 17, 17, 17, 36, 36, 36, 36, 36, 36, 36, 36, 36, 36, 36, 36, 36, 36, 36, 36, 36, 36, 36, 36, 36, 36, 36, 36, 36, 36, 36, 36, 36, 36, 36]","[5.5, 6.0, 6.5, 6.5, 6.5]","[5.5, 6.0]","[6.5, 6.5, 6.5]",rgb/live/Synchro_012/16,101,102992.jpg,103092.jpg,rgb/replay1/Synchro_012/16,149,103247.jpg,103395.jpg,masks/live/Synchro_012/16,101,True,,0,False,unknown_existing_segmentation_output,[],masks/replay1/Synchro_012/16,predicted_input,True
2.0,Synchro_012/17,Synchro_012,17,train,307c,70.38,3.4,106440,106550,25,73,2,"[25, 73]",111,"[3, 3, 3, 3, 3, 3, 3, 3, 3, 3, 3, 3, 3, 3, 3, 3, 3, 3, 3, 3, 3, 3, 3, 3, 3, 3, 25, 25, 25, 25, 25, 25, 25, 25, 25, 25, 25, 25, 25, 25, 25, 25, 25, 25, 25, 25, 25, 25, 25, 25, 25, 25, 25, 25, 25, 25, 25, 25, 25, 25, 25, 25, 25, 25, 25, 25, 25, 25, 25, 25, 25, 25, 25, 25, 36, 36, 36, 36, 36, 36, 36, 36, 36, 36, 36, 36, 36, 36, 36, 36, 36, 36, 36, 36, 36, 36, 36, 36, 36, 36, 36, 36, 36, 36, 36, 36, 36, 36, 36, 36, 36]","[7.0, 6.5, 7.0, 7.0, 7.0]","[7.0, 6.5]","[7.0, 7.0, 7.0]",rgb/live/Synchro_012/17,111,106440.jpg,106550.jpg,rgb/replay1/Synchro_012/17,193,106731.jpg,106923.jpg,masks/live/Synchro_012/17,111,True,,0,False,unknown_existing_segmentation_output,[],masks/replay1/Synchro_012/17,predicted_input,True
2.0,Synchro_012/18,Synchro_012,18,train,207c,27.72,3.3,110346,110455,25,76,2,"[25, 76]",110,"[2, 2, 2, 2, 2, 2, 2, 2, 2, 2, 2, 2, 2, 2, 2, 2, 2, 2, 2, 2, 2, 2, 2, 2, 2, 2, 25, 25, 25, 25, 25, 25, 25, 25, 25, 25, 25, 25, 25, 25, 25, 25, 25, 25, 25, 25, 25, 25, 25, 25, 25, 25, 25, 25, 25, 25, 25, 25, 25, 25, 25, 25, 25, 25, 25, 25, 25, 25, 25, 25, 25, 25, 25, 25, 25, 25, 25, 36, 36, 36, 36, 36, 36, 36, 36, 36, 36, 36, 36, 36, 36, 36, 36, 36, 36, 36, 36, 36, 36, 36, 36, 36, 36, 36, 36, 36, 36, 36, 36, 36]","[1.5, 2.5, 3.0, 3.0, 4.0]","[1.5, 2.5]","[3.0, 3.0, 4.0]",rgb/live/Synchro_012/18,110,110346.jpg,110455.jpg,rgb/replay1/Synchro_012/18,185,110634.jpg,110818.jpg,masks/live/Synchro_012/18,110,True,,0,False,unknown_existing_segmentation_output,[],masks/replay1/Synchro_012/18,predicted_input,True
2.0,Synchro_012/19,Synchro_012,19,train,109c,69.93,3.7,114743,114842,19,67,2,"[19, 67]",100,"[1, 1, 1, 1, 1, 1, 1, 1, 1, 1, 1, 1, 1, 1, 1, 1, 1, 1, 1, 1, 27, 27, 27, 27, 27, 27, 27, 27, 27, 27, 27, 27, 27, 27, 27, 27, 27, 27, 27, 27, 27, 27, 27, 27, 27, 27, 27, 27, 27, 27, 27, 27, 27, 27, 27, 27, 27, 27, 27, 27, 27, 27, 27, 27, 27, 27, 27, 27, 36, 36, 36, 36, 36, 36, 36, 36, 36, 36, 36, 36, 36, 36, 36, 36, 36, 36, 36, 36, 36, 36, 36, 36, 36, 36, 36, 36, 36, 36, 36, 36]","[5.0, 7.0, 5.5, 7.0, 7.0]","[5.0, 7.0]","[5.5, 7.0, 7.0]",rgb/live/Synchro_012/19,100,114743.jpg,114842.jpg,rgb/replay1/Synchro_012/19,143,115036.jpg,115178.jpg,masks/live/Synchro_012/19,100,True,,0,False,unknown_existing_segmentation_output,[],masks/replay1/Synchro_012/19,predicted_input,True
2.0,Synchro_012/20,Synchro_012,20,train,109c,57.72,3.7,115955,116058,21,71,2,"[21, 71]",104,"[1, 1, 1, 1, 1, 1, 1, 1, 1, 1, 1, 1, 1, 1, 1, 1, 1, 1, 1, 1, 1, 1, 27, 27, 27, 27, 27, 27, 27, 27, 27, 27, 27, 27, 27, 27, 27, 27, 27, 27, 27, 27, 27, 27, 27, 27, 27, 27, 27, 27, 27, 27, 27, 27, 27, 27, 27, 27, 27, 27, 27, 27, 27, 27, 27, 27, 27, 27, 27, 27, 27, 27, 36, 36, 36, 36, 36, 36, 36, 36, 36, 36, 36, 36, 36, 36, 36, 36, 36, 36, 36, 36, 36, 36, 36, 36, 36, 36, 36, 36, 36, 36, 36, 36]","[5.0, 4.0, 6.0, 5.0, 6.0]","[5.0, 4.0]","[6.0, 5.0, 6.0]",rgb/live/Synchro_012/20,104,115955.jpg,116058.jpg,rgb/replay1/Synchro_012/20,120,116194.jpg,116313.jpg,masks/live/Synchro_012/20,104,True,,0,False,unknown_existing_segmentation_output,[],masks/replay1/Synchro_012/20,predicted_input,True
2.0,Synchro_012/21,Synchro_012,21,train,307c,71.4,3.4,121559,121656,5,54,2,"[5, 54]",98,"[3, 3, 3, 3, 3, 3, 25, 25, 25, 25, 25, 25, 25, 25, 25, 25, 25, 25, 25, 25, 25, 25, 25, 25, 25, 25, 25, 25, 25, 25, 25, 25, 25, 25, 25, 25, 25, 25, 25, 25, 25, 25, 25, 25, 25, 25, 25, 25, 25, 25, 25, 25, 25, 25, 25, 36, 36, 36, 36, 36, 36, 36, 36, 36, 36, 36, 36, 36, 36, 36, 36, 36, 36, 36, 36, 36, 36, 36, 36, 36, 36, 36, 36, 36, 36, 36, 36, 36, 36, 36, 36, 36, 36, 36, 36, 36, 36, 36]","[5.5, 8.0, 7.0, 7.0, 7.5]","[5.5, 8.0]","[7.0, 7.0, 7.5]",rgb/live/Synchro_012/21,98,121559.jpg,121656.jpg,rgb/replay1/Synchro_012/21,158,121843.jpg,122000.jpg,masks/live/Synchro_012/21,98,True,,0,False,unknown_existing_segmentation_output,[],masks/replay1/Synchro_012/21,predicted_input,True
2.0,Synchro_012/22,Synchro_012,22,test,207c,51.48,3.3,126389,126491,23,74,2,"[23, 74]",103,"[2, 2, 2, 2, 2, 2, 2, 2, 2, 2, 2, 2, 2, 2, 2, 2, 2, 2, 2, 2, 2, 2, 2, 2, 25, 25, 25, 25, 25, 25, 25, 25, 25, 25, 25, 25, 25, 25, 25, 25, 25, 25, 25, 25, 25, 25, 25, 25, 25, 25, 25, 25, 25, 25, 25, 25, 25, 25, 25, 25, 25, 25, 25, 25, 25, 25, 25, 25, 25, 25, 25, 25, 25, 25, 25, 36, 36, 36, 36, 36, 36, 36, 36, 36, 36, 36, 36, 36, 36, 36, 36, 36, 36, 36, 36, 36, 36, 36, 36, 36, 36, 36, 36]","[5.0, 4.0, 5.5, 5.5, 6.0]","[5.0, 4.0]","[5.5, 5.5, 6.0]",rgb/live/Synchro_012/22,103,126389.jpg,126491.jpg,rgb/replay1/Synchro_012/22,154,126624.jpg,126777.jpg,masks/live/Synchro_012/22,103,True,,0,False,unknown_existing_segmentation_output,[],masks/replay1/Synchro_012/22,predicted_input,True
2.0,Synchro_012/23,Synchro_012,23,train,5255b,48.6,3.6,129768,129865,26,73,3,"[26, 55, 73]",98,"[2, 2, 2, 2, 2, 2, 2, 2, 2, 2, 2, 2, 2, 2, 2, 2, 2, 2, 2, 2, 2, 2, 2, 2, 2, 2, 2, 33, 33, 33, 33, 33, 33, 33, 33, 33, 33, 33, 33, 33, 33, 33, 33, 33, 33, 33, 33, 33, 33, 33, 33, 33, 33, 33, 33, 33, 15, 15, 15, 15, 15, 15, 15, 15, 15, 15, 15, 15, 15, 15, 15, 15, 15, 15, 36, 36, 36, 36, 36, 36, 36, 36, 36, 36, 36, 36, 36, 36, 36, 36, 36, 36, 36, 36, 36, 36, 36, 36]","[4.0, 4.0, 5.0, 4.5, 5.0]","[4.0, 4.0]","[5.0, 4.5, 5.0]",rgb/live/Synchro_012/23,98,129768.jpg,129865.jpg,rgb/replay1/Synchro_012/23,222,130019.jpg,130240.jpg,masks/live/Synchro_012/23,98,True,,0,False,unknown_existing_segmentation_output,[],masks/replay1/Synchro_012/23,predicted_input,True
2.0,Synchro_012/24,Synchro_012,24,train,107b,49.5,3.0,133361,133460,18,67,2,"[18, 67]",100,"[1, 1, 1, 1, 1, 1, 1, 1, 1, 1, 1, 1, 1, 1, 1, 1, 1, 1, 1, 17, 17, 17, 17, 17, 17, 17, 17, 17, 17, 17, 17, 17, 17, 17, 17, 17, 17, 17, 17, 17, 17, 17, 17, 17, 17, 17, 17, 17, 17, 17, 17, 17, 17, 17, 17, 17, 17, 17, 17, 17, 17, 17, 17, 17, 17, 17, 17, 17, 36, 36, 36, 36, 36, 36, 36, 36, 36, 36, 36, 36, 36, 36, 36, 36, 36, 36, 36, 36, 36, 36, 36, 36, 36, 36, 36, 36, 36, 36, 36, 36]","[4.0, 6.0, 6.0, 5.5, 6.0]","[4.0, 6.0]","[6.0, 5.5, 6.0]",rgb/live/Synchro_012/24,100,133361.jpg,133460.jpg,rgb/replay1/Synchro_012/24,145,133616.jpg,133760.jpg,masks/live/Synchro_012/24,100,True,,0,False,unknown_existing_segmentation_output,[],masks/replay1/Synchro_012/24,predicted_input,True
2.0,Synchro_012/25,Synchro_012,25,train,5255b,78.84,3.6,137999,138106,26,73,3,"[26, 55, 73]",108,"[2, 2, 2, 2, 2, 2, 2, 2, 2, 2, 2, 2, 2, 2, 2, 2, 2, 2, 2, 2, 2, 2, 2, 2, 2, 2, 2, 33, 33, 33, 33, 33, 33, 33, 33, 33, 33, 33, 33, 33, 33, 33, 33, 33, 33, 33, 33, 33, 33, 33, 33, 33, 33, 33, 33, 33, 15, 15, 15, 15, 15, 15, 15, 15, 15, 15, 15, 15, 15, 15, 15, 15, 15, 15, 36, 36, 36, 36, 36, 36, 36, 36, 36, 36, 36, 36, 36, 36, 36, 36, 36, 36, 36, 36, 36, 36, 36, 36, 36, 36, 36, 36, 36, 36, 36, 36, 36, 36]","[7.0, 7.0, 7.5, 7.5, 7.5]","[7.0, 7.0]","[7.5, 7.5, 7.5]",rgb/live/Synchro_012/25,108,137999.jpg,138106.jpg,rgb/replay1/Synchro_012/25,138,138256.jpg,138393.jpg,masks/live/Synchro_012/25,108,True,,0,False,unknown_existing_segmentation_output,[],masks/replay1/Synchro_012/25,predicted_input,True
2.0,Synchro_012/26,Synchro_012,26,train,5253b,62.4,3.2,143185,143293,25,76,3,"[25, 48, 76]",109,"[2, 2, 2, 2, 2, 2, 2, 2, 2, 2, 2, 2, 2, 2, 2, 2, 2, 2, 2, 2, 2, 2, 2, 2, 2, 2, 31, 31, 31, 31, 31, 31, 31, 31, 31, 31, 31, 31, 31, 31, 31, 31, 31, 31, 31, 31, 31, 31, 31, 15, 15, 15, 15, 15, 15, 15, 15, 15, 15, 15, 15, 15, 15, 15, 15, 15, 15, 15, 15, 15, 15, 15, 15, 15, 15, 15, 15, 36, 36, 36, 36, 36, 36, 36, 36, 36, 36, 36, 36, 36, 36, 36, 36, 36, 36, 36, 36, 36, 36, 36, 36, 36, 36, 36, 36, 36, 36, 36, 36]","[7.0, 5.5, 6.5, 6.5, 7.0]","[7.0, 5.5]","[6.5, 6.5, 7.0]",rgb/live/Synchro_012/26,109,143185.jpg,143293.jpg,rgb/replay1/Synchro_012/26,151,143418.jpg,143568.jpg,masks/live/Synchro_012/26,109,True,,0,False,unknown_existing_segmentation_output,[],masks/replay1/Synchro_012/26,predicted_input,True
2.0,Synchro_012/27,Synchro_012,27,train,5255b,70.2,3.6,152340,152443,23,72,3,"[23, 53, 72]",104,"[2, 2, 2, 2, 2, 2, 2, 2, 2, 2, 2, 2, 2, 2, 2, 2, 2, 2, 2, 2, 2, 2, 2, 2, 33, 33, 33, 33, 33, 33, 33, 33, 33, 33, 33, 33, 33, 33, 33, 33, 33, 33, 33, 33, 33, 33, 33, 33, 33, 33, 33, 33, 33, 33, 15, 15, 15, 15, 15, 15, 15, 15, 15, 15, 15, 15, 15, 15, 15, 15, 15, 15, 15, 36, 36, 36, 36, 36, 36, 36, 36, 36, 36, 36, 36, 36, 36, 36, 36, 36, 36, 36, 36, 36, 36, 36, 36, 36, 36, 36, 36, 36, 36, 36]","[6.5, 7.0, 6.5, 6.0, 6.5]","[6.5, 7.0]","[6.5, 6.0, 6.5]",rgb/live/Synchro_012/27,104,152340.jpg,152443.jpg,rgb/replay1/Synchro_012/27,152,152594.jpg,152745.jpg,masks/live/Synchro_012/27,104,True,,0,False,unknown_existing_segmentation_output,[],masks/replay1/Synchro_012/27,predicted_input,True
2.0,Synchro_012/28,Synchro_012,28,train,109c,94.35,3.7,155659,155757,17,64,2,"[17, 64]",99,"[1, 1, 1, 1, 1, 1, 1, 1, 1, 1, 1, 1, 1, 1, 1, 1, 1, 1, 27, 27, 27, 27, 27, 27, 27, 27, 27, 27, 27, 27, 27, 27, 27, 27, 27, 27, 27, 27, 27, 27, 27, 27, 27, 27, 27, 27, 27, 27, 27, 27, 27, 27, 27, 27, 27, 27, 27, 27, 27, 27, 27, 27, 27, 27, 27, 36, 36, 36, 36, 36, 36, 36, 36, 36, 36, 36, 36, 36, 36, 36, 36, 36, 36, 36, 36, 36, 36, 36, 36, 36, 36, 36, 36, 36, 36, 36, 36, 36, 36]","[8.0, 9.0, 8.5, 8.5, 8.5]","[8.0, 9.0]","[8.5, 8.5, 8.5]",rgb/live/Synchro_012/28,99,155659.jpg,155757.jpg,rgb/replay1/Synchro_012/28,118,155935.jpg,156052.jpg,masks/live/Synchro_012/28,99,True,,0,False,unknown_existing_segmentation_output,[],masks/replay1/Synchro_012/28,predicted_input,True
2.0,Synchro_013/0,Synchro_013,0,train,201b,47.4,2.0,2851,2948,29,57,2,"[29, 57]",98,"[2, 2, 2, 2, 2, 2, 2, 2, 2, 2, 2, 2, 2, 2, 2, 2, 2, 2, 2, 2, 2, 2, 2, 2, 2, 2, 2, 2, 2, 2, 37, 37, 37, 37, 37, 37, 37, 37, 37, 37, 37, 37, 37, 37, 37, 37, 37, 37, 37, 37, 37, 37, 37, 37, 37, 37, 37, 37, 36, 36, 36, 36, 36, 36, 36, 36, 36, 36, 36, 36, 36, 36, 36, 36, 36, 36, 36, 36, 36, 36, 36, 36, 36, 36, 36, 36, 36, 36, 36, 36, 36, 36, 36, 36, 36, 36, 36, 36]","[8.5, 8.0, 7.5, 8.0, 7.5]","[8.5, 8.0]","[7.5, 8.0, 7.5]",rgb/live/Synchro_013/0,98,002851.jpg,002948.jpg,rgb/replay1/Synchro_013/0,193,003375.jpg,003567.jpg,masks/live/Synchro_013/0,98,True,,0,False,unknown_existing_segmentation_output,[],masks/replay1/Synchro_013/0,predicted_input,True
2.0,Synchro_013/1,Synchro_013,1,train,201b,47.4,2.0,4343,4438,31,61,2,"[31, 61]",96,"[2, 2, 2, 2, 2, 2, 2, 2, 2, 2, 2, 2, 2, 2, 2, 2, 2, 2, 2, 2, 2, 2, 2, 2, 2, 2, 2, 2, 2, 2, 2, 2, 37, 37, 37, 37, 37, 37, 37, 37, 37, 37, 37, 37, 37, 37, 37, 37, 37, 37, 37, 37, 37, 37, 37, 37, 37, 37, 37, 37, 37, 37, 36, 36, 36, 36, 36, 36, 36, 36, 36, 36, 36, 36, 36, 36, 36, 36, 36, 36, 36, 36, 36, 36, 36, 36, 36, 36, 36, 36, 36, 36, 36, 36, 36, 36]","[7.5, 7.5, 8.0, 8.5, 8.0]","[7.5, 7.5]","[8.0, 8.5, 8.0]",rgb/live/Synchro_013/1,96,004343.jpg,004438.jpg,rgb/replay1/Synchro_013/1,118,004873.jpg,004990.jpg,masks/live/Synchro_013/1,96,True,,0,False,unknown_existing_segmentation_output,[],masks/replay1/Synchro_013/1,predicted_input,True
2.0,Synchro_013/2,Synchro_013,2,test,201b,54.6,2.0,6270,6368,32,65,2,"[32, 65]",99,"[2, 2, 2, 2, 2, 2, 2, 2, 2, 2, 2, 2, 2, 2, 2, 2, 2, 2, 2, 2, 2, 2, 2, 2, 2, 2, 2, 2, 2, 2, 2, 2, 2, 37, 37, 37, 37, 37, 37, 37, 37, 37, 37, 37, 37, 37, 37, 37, 37, 37, 37, 37, 37, 37, 37, 37, 37, 37, 37, 37, 37, 37, 37, 37, 37, 37, 36, 36, 36, 36, 36, 36, 36, 36, 36, 36, 36, 36, 36, 36, 36, 36, 36, 36, 36, 36, 36, 36, 36, 36, 36, 36, 36, 36, 36, 36, 36, 36, 36]","[9.0, 8.5, 9.5, 9.0, 9.5]","[9.0, 8.5]","[9.5, 9.0, 9.5]",rgb/live/Synchro_013/2,99,006270.jpg,006368.jpg,rgb/replay1/Synchro_013/2,137,006836.jpg,006972.jpg,masks/live/Synchro_013/2,99,True,,0,False,unknown_existing_segmentation_output,[],masks/replay1/Synchro_013/2,predicted_input,True
2.0,Synchro_013/3,Synchro_013,3,train,201b,50.4,2.0,8197,8292,30,59,2,"[30, 59]",96,"[2, 2, 2, 2, 2, 2, 2, 2, 2, 2, 2, 2, 2, 2, 2, 2, 2, 2, 2, 2, 2, 2, 2, 2, 2, 2, 2, 2, 2, 2, 2, 37, 37, 37, 37, 37, 37, 37, 37, 37, 37, 37, 37, 37, 37, 37, 37, 37, 37, 37, 37, 37, 37, 37, 37, 37, 37, 37, 37, 37, 36, 36, 36, 36, 36, 36, 36, 36, 36, 36, 36, 36, 36, 36, 36, 36, 36, 36, 36, 36, 36, 36, 36, 36, 36, 36, 36, 36, 36, 36, 36, 36, 36, 36, 36, 36]","[8.0, 8.5, 8.5, 8.5, 8.5]","[8.0, 8.5]","[8.5, 8.5, 8.5]",rgb/live/Synchro_013/3,96,008197.jpg,008292.jpg,rgb/replay1/Synchro_013/3,192,008760.jpg,008951.jpg,masks/live/Synchro_013/3,96,True,,0,False,unknown_existing_segmentation_output,[],masks/replay1/Synchro_013/3,predicted_input,True
2.0,Synchro_013/4,Synchro_013,4,train,201b,49.8,2.0,10581,10679,31,62,2,"[31, 62]",99,"[2, 2, 2, 2, 2, 2, 2, 2, 2, 2, 2, 2, 2, 2, 2, 2, 2, 2, 2, 2, 2, 2, 2, 2, 2, 2, 2, 2, 2, 2, 2, 2, 37, 37, 37, 37, 37, 37, 37, 37, 37, 37, 37, 37, 37, 37, 37, 37, 37, 37, 37, 37, 37, 37, 37, 37, 37, 37, 37, 37, 37, 37, 37, 36, 36, 36, 36, 36, 36, 36, 36, 36, 36, 36, 36, 36, 36, 36, 36, 36, 36, 36, 36, 36, 36, 36, 36, 36, 36, 36, 36, 36, 36, 36, 36, 36, 36, 36, 36]","[8.5, 8.0, 8.5, 8.5, 8.0]","[8.5, 8.0]","[8.5, 8.5, 8.0]",rgb/live/Synchro_013/4,99,010581.jpg,010679.jpg,rgb/replay1/Synchro_013/4,118,011198.jpg,011315.jpg,masks/live/Synchro_013/4,99,True,,0,False,unknown_existing_segmentation_output,[],masks/replay1/Synchro_013/4,predicted_input,True
2.0,Synchro_013/5,Synchro_013,5,train,201b,47.4,2.0,12493,12591,31,59,2,"[31, 59]",99,"[2, 2, 2, 2, 2, 2, 2, 2, 2, 2, 2, 2, 2, 2, 2, 2, 2, 2, 2, 2, 2, 2, 2, 2, 2, 2, 2, 2, 2, 2, 2, 2, 37, 37, 37, 37, 37, 37, 37, 37, 37, 37, 37, 37, 37, 37, 37, 37, 37, 37, 37, 37, 37, 37, 37, 37, 37, 37, 37, 37, 36, 36, 36, 36, 36, 36, 36, 36, 36, 36, 36, 36, 36, 36, 36, 36, 36, 36, 36, 36, 36, 36, 36, 36, 36, 36, 36, 36, 36, 36, 36, 36, 36, 36, 36, 36, 36, 36, 36]","[7.5, 7.5, 8.5, 8.0, 8.0]","[7.5, 7.5]","[8.5, 8.0, 8.0]",rgb/live/Synchro_013/5,99,012493.jpg,012591.jpg,rgb/replay1/Synchro_013/5,140,013056.jpg,013195.jpg,masks/live/Synchro_013/5,99,True,,0,False,unknown_existing_segmentation_output,[],masks/replay1/Synchro_013/5,predicted_input,True
2.0,Synchro_013/6,Synchro_013,6,train,201b,49.8,2.0,14091,14186,33,62,2,"[33, 62]",96,"[2, 2, 2, 2, 2, 2, 2, 2, 2, 2, 2, 2, 2, 2, 2, 2, 2, 2, 2, 2, 2, 2, 2, 2, 2, 2, 2, 2, 2, 2, 2, 2, 2, 2, 37, 37, 37, 37, 37, 37, 37, 37, 37, 37, 37, 37, 37, 37, 37, 37, 37, 37, 37, 37, 37, 37, 37, 37, 37, 37, 37, 37, 37, 36, 36, 36, 36, 36, 36, 36, 36, 36, 36, 36, 36, 36, 36, 36, 36, 36, 36, 36, 36, 36, 36, 36, 36, 36, 36, 36, 36, 36, 36, 36, 36, 36]","[8.0, 8.0, 8.5, 8.5, 8.5]","[8.0, 8.0]","[8.5, 8.5, 8.5]",rgb/live/Synchro_013/6,96,014091.jpg,014186.jpg,rgb/replay1/Synchro_013/6,184,014702.jpg,014885.jpg,masks/live/Synchro_013/6,96,True,,0,False,unknown_existing_segmentation_output,[],masks/replay1/Synchro_013/6,predicted_input,True
2.0,Synchro_013/7,Synchro_013,7,test,201b,49.8,2.0,15863,15958,31,61,2,"[31, 61]",96,"[2, 2, 2, 2, 2, 2, 2, 2, 2, 2, 2, 2, 2, 2, 2, 2, 2, 2, 2, 2, 2, 2, 2, 2, 2, 2, 2, 2, 2, 2, 2, 2, 37, 37, 37, 37, 37, 37, 37, 37, 37, 37, 37, 37, 37, 37, 37, 37, 37, 37, 37, 37, 37, 37, 37, 37, 37, 37, 37, 37, 37, 37, 36, 36, 36, 36, 36, 36, 36, 36, 36, 36, 36, 36, 36, 36, 36, 36, 36, 36, 36, 36, 36, 36, 36, 36, 36, 36, 36, 36, 36, 36, 36, 36, 36, 36]","[7.5, 8.5, 8.5, 8.5, 8.5]","[7.5, 8.5]","[8.5, 8.5, 8.5]",rgb/live/Synchro_013/7,96,015863.jpg,015958.jpg,rgb/replay1/Synchro_013/7,128,016463.jpg,016590.jpg,masks/live/Synchro_013/7,96,True,,0,False,unknown_existing_segmentation_output,[],masks/replay1/Synchro_013/7,predicted_input,True
2.0,Synchro_013/8,Synchro_013,8,train,301b,47.4,2.0,18467,18575,40,72,2,"[40, 72]",109,"[3, 3, 3, 3, 3, 3, 3, 3, 3, 3, 3, 3, 3, 3, 3, 3, 3, 3, 3, 3, 3, 3, 3, 3, 3, 3, 3, 3, 3, 3, 3, 3, 3, 3, 3, 3, 3, 3, 3, 3, 3, 37, 37, 37, 37, 37, 37, 37, 37, 37, 37, 37, 37, 37, 37, 37, 37, 37, 37, 37, 37, 37, 37, 37, 37, 37, 37, 37, 37, 37, 37, 37, 37, 36, 36, 36, 36, 36, 36, 36, 36, 36, 36, 36, 36, 36, 36, 36, 36, 36, 36, 36, 36, 36, 36, 36, 36, 36, 36, 36, 36, 36, 36, 36, 36, 36, 36, 36, 36]","[8.0, 7.5, 7.5, 8.5, 8.0]","[8.0, 7.5]","[7.5, 8.5, 8.0]",rgb/live/Synchro_013/8,109,018467.jpg,018575.jpg,rgb/replay1/Synchro_013/8,182,019155.jpg,019336.jpg,masks/live/Synchro_013/8,109,True,,0,False,unknown_existing_segmentation_output,[],masks/replay1/Synchro_013/8,predicted_input,True
2.0,Synchro_013/9,Synchro_013,9,train,301b,43.8,2.0,19812,19912,36,70,2,"[36, 70]",101,"[3, 3, 3, 3, 3, 3, 3, 3, 3, 3, 3, 3, 3, 3, 3, 3, 3, 3, 3, 3, 3, 3, 3, 3, 3, 3, 3, 3, 3, 3, 3, 3, 3, 3, 3, 3, 3, 37, 37, 37, 37, 37, 37, 37, 37, 37, 37, 37, 37, 37, 37, 37, 37, 37, 37, 37, 37, 37, 37, 37, 37, 37, 37, 37, 37, 37, 37, 37, 37, 37, 37, 36, 36, 36, 36, 36, 36, 36, 36, 36, 36, 36, 36, 36, 36, 36, 36, 36, 36, 36, 36, 36, 36, 36, 36, 36, 36, 36, 36, 36, 36]","[7.5, 7.0, 7.5, 7.5, 7.0]","[7.5, 7.0]","[7.5, 7.5, 7.0]",rgb/live/Synchro_013/9,101,019812.jpg,019912.jpg,rgb/replay1/Synchro_013/9,121,020478.jpg,020598.jpg,masks/live/Synchro_013/9,101,True,,0,False,unknown_existing_segmentation_output,[],masks/replay1/Synchro_013/9,predicted_input,True
2.0,Synchro_013/10,Synchro_013,10,train,301b,52.8,2.0,21448,21553,39,77,2,"[39, 77]",106,"[3, 3, 3, 3, 3, 3, 3, 3, 3, 3, 3, 3, 3, 3, 3, 3, 3, 3, 3, 3, 3, 3, 3, 3, 3, 3, 3, 3, 3, 3, 3, 3, 3, 3, 3, 3, 3, 3, 3, 3, 37, 37, 37, 37, 37, 37, 37, 37, 37, 37, 37, 37, 37, 37, 37, 37, 37, 37, 37, 37, 37, 37, 37, 37, 37, 37, 37, 37, 37, 37, 37, 37, 37, 37, 37, 37, 37, 37, 36, 36, 36, 36, 36, 36, 36, 36, 36, 36, 36, 36, 36, 36, 36, 36, 36, 36, 36, 36, 36, 36, 36, 36, 36, 36, 36, 36]","[8.5, 9.0, 9.0, 9.0, 8.5]","[8.5, 9.0]","[9.0, 9.0, 8.5]",rgb/live/Synchro_013/10,106,021448.jpg,021553.jpg,rgb/replay1/Synchro_013/10,200,022096.jpg,022295.jpg,masks/live/Synchro_013/10,106,True,,0,False,unknown_existing_segmentation_output,[],masks/replay1/Synchro_013/10,predicted_input,True
2.0,Synchro_013/11,Synchro_013,11,test,301b,48.0,2.0,23217,23318,37,70,2,"[37, 70]",102,"[3, 3, 3, 3, 3, 3, 3, 3, 3, 3, 3, 3, 3, 3, 3, 3, 3, 3, 3, 3, 3, 3, 3, 3, 3, 3, 3, 3, 3, 3, 3, 3, 3, 3, 3, 3, 3, 3, 37, 37, 37, 37, 37, 37, 37, 37, 37, 37, 37, 37, 37, 37, 37, 37, 37, 37, 37, 37, 37, 37, 37, 37, 37, 37, 37, 37, 37, 37, 37, 37, 37, 36, 36, 36, 36, 36, 36, 36, 36, 36, 36, 36, 36, 36, 36, 36, 36, 36, 36, 36, 36, 36, 36, 36, 36, 36, 36, 36, 36, 36, 36, 36]","[7.5, 8.5, 8.0, 8.0, 8.0]","[7.5, 8.5]","[8.0, 8.0, 8.0]",rgb/live/Synchro_013/11,102,023217.jpg,023318.jpg,rgb/replay1/Synchro_013/11,112,023957.jpg,024068.jpg,masks/live/Synchro_013/11,102,True,,0,False,unknown_existing_segmentation_output,[],masks/replay1/Synchro_013/11,predicted_input,True
2.0,Synchro_013/12,Synchro_013,12,train,301b,48.6,2.0,25159,25265,38,72,2,"[38, 72]",107,"[3, 3, 3, 3, 3, 3, 3, 3, 3, 3, 3, 3, 3, 3, 3, 3, 3, 3, 3, 3, 3, 3, 3, 3, 3, 3, 3, 3, 3, 3, 3, 3, 3, 3, 3, 3, 3, 3, 3, 37, 37, 37, 37, 37, 37, 37, 37, 37, 37, 37, 37, 37, 37, 37, 37, 37, 37, 37, 37, 37, 37, 37, 37, 37, 37, 37, 37, 37, 37, 37, 37, 37, 37, 36, 36, 36, 36, 36, 36, 36, 36, 36, 36, 36, 36, 36, 36, 36, 36, 36, 36, 36, 36, 36, 36, 36, 36, 36, 36, 36, 36, 36, 36, 36, 36, 36, 36]","[8.0, 8.0, 8.5, 8.5, 7.5]","[8.0, 8.0]","[8.5, 8.5, 7.5]",rgb/live/Synchro_013/12,107,025159.jpg,025265.jpg,rgb/replay1/Synchro_013/12,200,025728.jpg,025927.jpg,masks/live/Synchro_013/12,107,True,,0,False,unknown_existing_segmentation_output,[],masks/replay1/Synchro_013/12,predicted_input,True
2.0,Synchro_013/13,Synchro_013,13,train,301b,45.0,2.0,26760,26867,38,68,2,"[38, 68]",108,"[3, 3, 3, 3, 3, 3, 3, 3, 3, 3, 3, 3, 3, 3, 3, 3, 3, 3, 3, 3, 3, 3, 3, 3, 3, 3, 3, 3, 3, 3, 3, 3, 3, 3, 3, 3, 3, 3, 3, 37, 37, 37, 37, 37, 37, 37, 37, 37, 37, 37, 37, 37, 37, 37, 37, 37, 37, 37, 37, 37, 37, 37, 37, 37, 37, 37, 37, 37, 37, 36, 36, 36, 36, 36, 36, 36, 36, 36, 36, 36, 36, 36, 36, 36, 36, 36, 36, 36, 36, 36, 36, 36, 36, 36, 36, 36, 36, 36, 36, 36, 36, 36, 36, 36, 36, 36, 36, 36]","[7.5, 7.0, 7.5, 8.0, 7.5]","[7.5, 7.0]","[7.5, 8.0, 7.5]",rgb/live/Synchro_013/13,108,026760.jpg,026867.jpg,rgb/replay1/Synchro_013/13,121,027416.jpg,027536.jpg,masks/live/Synchro_013/13,108,True,Trimmed_Diving_Video_Frames/TEMP_LIVE/Replay2/Synchro_013/13,153,True,unknown_existing_segmentation_output,[],masks/replay1/Synchro_013/13,predicted_input,True
2.0,Synchro_013/14,Synchro_013,14,train,301b,49.2,2.0,28339,28447,38,70,2,"[38, 70]",109,"[3, 3, 3, 3, 3, 3, 3, 3, 3, 3, 3, 3, 3, 3, 3, 3, 3, 3, 3, 3, 3, 3, 3, 3, 3, 3, 3, 3, 3, 3, 3, 3, 3, 3, 3, 3, 3, 3, 3, 37, 37, 37, 37, 37, 37, 37, 37, 37, 37, 37, 37, 37, 37, 37, 37, 37, 37, 37, 37, 37, 37, 37, 37, 37, 37, 37, 37, 37, 37, 37, 37, 36, 36, 36, 36, 36, 36, 36, 36, 36, 36, 36, 36, 36, 36, 36, 36, 36, 36, 36, 36, 36, 36, 36, 36, 36, 36, 36, 36, 36, 36, 36, 36, 36, 36, 36, 36, 36, 36]","[8.0, 8.0, 8.0, 8.5, 8.5]","[8.0, 8.0]","[8.0, 8.5, 8.5]",rgb/live/Synchro_013/14,109,028339.jpg,028447.jpg,rgb/replay1/Synchro_013/14,182,028973.jpg,029154.jpg,masks/live/Synchro_013/14,109,True,,0,False,unknown_existing_segmentation_output,[],masks/replay1/Synchro_013/14,predicted_input,True
2.0,Synchro_013/15,Synchro_013,15,train,301b,46.8,2.0,29982,30085,38,71,2,"[38, 71]",104,"[3, 3, 3, 3, 3, 3, 3, 3, 3, 3, 3, 3, 3, 3, 3, 3, 3, 3, 3, 3, 3, 3, 3, 3, 3, 3, 3, 3, 3, 3, 3, 3, 3, 3, 3, 3, 3, 3, 3, 37, 37, 37, 37, 37, 37, 37, 37, 37, 37, 37, 37, 37, 37, 37, 37, 37, 37, 37, 37, 37, 37, 37, 37, 37, 37, 37, 37, 37, 37, 37, 37, 37, 36, 36, 36, 36, 36, 36, 36, 36, 36, 36, 36, 36, 36, 36, 36, 36, 36, 36, 36, 36, 36, 36, 36, 36, 36, 36, 36, 36, 36, 36, 36, 36]","[8.0, 8.0, 8.0, 7.5, 7.5]","[8.0, 8.0]","[8.0, 7.5, 7.5]",rgb/live/Synchro_013/15,104,029982.jpg,030085.jpg,rgb/replay1/Synchro_013/15,113,030679.jpg,030791.jpg,masks/live/Synchro_013/15,104,True,,0,False,unknown_existing_segmentation_output,[],masks/replay1/Synchro_013/15,predicted_input,True
2.0,Synchro_013/16,Synchro_013,16,test,407c,58.14,3.4,34254,34349,12,48,2,"[12, 48]",96,"[4, 4, 4, 4, 4, 4, 4, 4, 4, 4, 4, 4, 4, 25, 25, 25, 25, 25, 25, 25, 25, 25, 25, 25, 25, 25, 25, 25, 25, 25, 25, 25, 25, 25, 25, 25, 25, 25, 25, 25, 25, 25, 25, 25, 25, 25, 25, 25, 25, 36, 36, 36, 36, 36, 36, 36, 36, 36, 36, 36, 36, 36, 36, 36, 36, 36, 36, 36, 36, 36, 36, 36, 36, 36, 36, 36, 36, 36, 36, 36, 36, 36, 36, 36, 36, 36, 36, 36, 36, 36, 36, 36, 36, 36, 36, 36]","[4.5, 6.5, 5.5, 6.0, 6.0]","[4.5, 6.5]","[5.5, 6.0, 6.0]",rgb/live/Synchro_013/16,96,034254.jpg,034349.jpg,rgb/replay1/Synchro_013/16,170,034782.jpg,034951.jpg,masks/live/Synchro_013/16,96,True,,0,False,unknown_existing_segmentation_output,[],masks/replay1/Synchro_013/16,predicted_input,True
2.0,Synchro_013/17,Synchro_013,17,validation,5154b,79.56,3.4,35985,36094,35,76,4,"[35, 47, 65, 76]",110,"[1, 1, 1, 1, 1, 1, 1, 1, 1, 1, 1, 1, 1, 1, 1, 1, 1, 1, 1, 1, 1, 1, 1, 1, 1, 1, 1, 1, 1, 1, 1, 1, 1, 1, 1, 1, 15, 15, 15, 15, 15, 15, 15, 15, 15, 15, 15, 15, 32, 32, 32, 32, 32, 32, 32, 32, 32, 32, 32, 32, 32, 32, 32, 32, 32, 32, 15, 15, 15, 15, 15, 15, 15, 15, 15, 15, 15, 36, 36, 36, 36, 36, 36, 36, 36, 36, 36, 36, 36, 36, 36, 36, 36, 36, 36, 36, 36, 36, 36, 36, 36, 36, 36, 36, 36, 36, 36, 36, 36, 36]","[8.5, 6.5, 8.0, 8.0, 8.0]","[8.5, 6.5]","[8.0, 8.0, 8.0]",rgb/live/Synchro_013/17,110,035985.jpg,036094.jpg,rgb/replay1/Synchro_013/17,148,036677.jpg,036824.jpg,masks/live/Synchro_013/17,110,True,,0,False,unknown_existing_segmentation_output,[],masks/replay1/Synchro_013/17,predicted_input,True
2.0,Synchro_013/18,Synchro_013,18,test,107b,73.47,3.1,37648,37748,32,72,2,"[32, 72]",101,"[1, 1, 1, 1, 1, 1, 1, 1, 1, 1, 1, 1, 1, 1, 1, 1, 1, 1, 1, 1, 1, 1, 1, 1, 1, 1, 1, 1, 1, 1, 1, 1, 1, 17, 17, 17, 17, 17, 17, 17, 17, 17, 17, 17, 17, 17, 17, 17, 17, 17, 17, 17, 17, 17, 17, 17, 17, 17, 17, 17, 17, 17, 17, 17, 17, 17, 17, 17, 17, 17, 17, 17, 17, 36, 36, 36, 36, 36, 36, 36, 36, 36, 36, 36, 36, 36, 36, 36, 36, 36, 36, 36, 36, 36, 36, 36, 36, 36, 36, 36, 36]","[8.0, 8.5, 8.0, 7.5, 7.5]","[8.0, 8.5]","[8.0, 7.5, 7.5]",rgb/live/Synchro_013/18,101,037648.jpg,037748.jpg,rgb/replay1/Synchro_013/18,100,038297.jpg,038396.jpg,masks/live/Synchro_013/18,101,True,,0,False,unknown_existing_segmentation_output,[],masks/replay1/Synchro_013/18,predicted_input,True
2.0,Synchro_013/19,Synchro_013,19,train,5154b,37.74,3.4,39676,39785,34,73,4,"[34, 46, 64, 73]",110,"[1, 1, 1, 1, 1, 1, 1, 1, 1, 1, 1, 1, 1, 1, 1, 1, 1, 1, 1, 1, 1, 1, 1, 1, 1, 1, 1, 1, 1, 1, 1, 1, 1, 1, 1, 15, 15, 15, 15, 15, 15, 15, 15, 15, 15, 15, 15, 32, 32, 32, 32, 32, 32, 32, 32, 32, 32, 32, 32, 32, 32, 32, 32, 32, 32, 15, 15, 15, 15, 15, 15, 15, 15, 15, 36, 36, 36, 36, 36, 36, 36, 36, 36, 36, 36, 36, 36, 36, 36, 36, 36, 36, 36, 36, 36, 36, 36, 36, 36, 36, 36, 36, 36, 36, 36, 36, 36, 36, 36, 36]","[2.0, 5.5, 3.5, 4.0, 3.5]","[2.0, 5.5]","[3.5, 4.0, 3.5]",rgb/live/Synchro_013/19,110,039676.jpg,039785.jpg,rgb/replay1/Synchro_013/19,198,040347.jpg,040544.jpg,masks/live/Synchro_013/19,110,True,,0,False,unknown_existing_segmentation_output,[],masks/replay1/Synchro_013/19,predicted_input,True
2.0,Synchro_013/20,Synchro_013,20,train,405b,64.8,3.0,41453,41548,28,61,2,"[28, 61]",96,"[4, 4, 4, 4, 4, 4, 4, 4, 4, 4, 4, 4, 4, 4, 4, 4, 4, 4, 4, 4, 4, 4, 4, 4, 4, 4, 4, 4, 4, 15, 15, 15, 15, 15, 15, 15, 15, 15, 15, 15, 15, 15, 15, 15, 15, 15, 15, 15, 15, 15, 15, 15, 15, 15, 15, 15, 15, 15, 15, 15, 15, 15, 36, 36, 36, 36, 36, 36, 36, 36, 36, 36, 36, 36, 36, 36, 36, 36, 36, 36, 36, 36, 36, 36, 36, 36, 36, 36, 36, 36, 36, 36, 36, 36, 36, 36]","[7.5, 7.0, 7.5, 7.0, 7.0]","[7.5, 7.0]","[7.5, 7.0, 7.0]",rgb/live/Synchro_013/20,96,041453.jpg,041548.jpg,rgb/replay1/Synchro_013/20,144,041990.jpg,042133.jpg,masks/live/Synchro_013/20,96,True,,0,False,unknown_existing_segmentation_output,[],masks/replay1/Synchro_013/20,predicted_input,True
2.0,Synchro_013/21,Synchro_013,21,train,5154b,82.62,3.4,42934,43038,34,73,4,"[34, 42, 62, 73]",105,"[1, 1, 1, 1, 1, 1, 1, 1, 1, 1, 1, 1, 1, 1, 1, 1, 1, 1, 1, 1, 1, 1, 1, 1, 1, 1, 1, 1, 1, 1, 1, 1, 1, 1, 1, 15, 15, 15, 15, 15, 15, 15, 15, 32, 32, 32, 32, 32, 32, 32, 32, 32, 32, 32, 32, 32, 32, 32, 32, 32, 32, 32, 32, 15, 15, 15, 15, 15, 15, 15, 15, 15, 15, 15, 36, 36, 36, 36, 36, 36, 36, 36, 36, 36, 36, 36, 36, 36, 36, 36, 36, 36, 36, 36, 36, 36, 36, 36, 36, 36, 36, 36, 36, 36, 36]","[8.5, 7.5, 8.0, 8.5, 8.0]","[8.5, 7.5]","[8.0, 8.5, 8.0]",rgb/live/Synchro_013/21,105,042934.jpg,043038.jpg,rgb/replay1/Synchro_013/21,201,043554.jpg,043754.jpg,masks/live/Synchro_013/21,105,True,,0,False,unknown_existing_segmentation_output,[],masks/replay1/Synchro_013/21,predicted_input,True
2.0,Synchro_013/22,Synchro_013,22,train,5154b,82.62,3.4,44649,44750,32,71,4,"[32, 41, 59, 71]",102,"[1, 1, 1, 1, 1, 1, 1, 1, 1, 1, 1, 1, 1, 1, 1, 1, 1, 1, 1, 1, 1, 1, 1, 1, 1, 1, 1, 1, 1, 1, 1, 1, 1, 15, 15, 15, 15, 15, 15, 15, 15, 15, 32, 32, 32, 32, 32, 32, 32, 32, 32, 32, 32, 32, 32, 32, 32, 32, 32, 32, 15, 15, 15, 15, 15, 15, 15, 15, 15, 15, 15, 15, 36, 36, 36, 36, 36, 36, 36, 36, 36, 36, 36, 36, 36, 36, 36, 36, 36, 36, 36, 36, 36, 36, 36, 36, 36, 36, 36, 36, 36, 36]","[8.5, 8.0, 8.0, 8.0, 8.0]","[8.5, 8.0]","[8.0, 8.0, 8.0]",rgb/live/Synchro_013/22,102,044649.jpg,044750.jpg,rgb/replay1/Synchro_013/22,140,045343.jpg,045482.jpg,masks/live/Synchro_013/22,102,True,,0,False,unknown_existing_segmentation_output,[],masks/replay1/Synchro_013/22,predicted_input,True
2.0,Synchro_013/23,Synchro_013,23,test,109c,60.42,3.8,47472,47585,36,78,2,"[36, 78]",114,"[1, 1, 1, 1, 1, 1, 1, 1, 1, 1, 1, 1, 1, 1, 1, 1, 1, 1, 1, 1, 1, 1, 1, 1, 1, 1, 1, 1, 1, 1, 1, 1, 1, 1, 1, 1, 1, 27, 27, 27, 27, 27, 27, 27, 27, 27, 27, 27, 27, 27, 27, 27, 27, 27, 27, 27, 27, 27, 27, 27, 27, 27, 27, 27, 27, 27, 27, 27, 27, 27, 27, 27, 27, 27, 27, 27, 27, 27, 27, 36, 36, 36, 36, 36, 36, 36, 36, 36, 36, 36, 36, 36, 36, 36, 36, 36, 36, 36, 36, 36, 36, 36, 36, 36, 36, 36, 36, 36, 36, 36, 36, 36, 36, 36]","[4.5, 4.5, 5.5, 6.0, 6.0]","[4.5, 4.5]","[5.5, 6.0, 6.0]",rgb/live/Synchro_013/23,114,047472.jpg,047585.jpg,rgb/replay1/Synchro_013/23,186,048204.jpg,048389.jpg,masks/live/Synchro_013/23,114,True,,0,False,unknown_existing_segmentation_output,[],masks/replay1/Synchro_013/23,predicted_input,True
2.0,Synchro_013/24,Synchro_013,24,test,107b,67.89,3.1,48918,49019,33,72,2,"[33, 72]",102,"[1, 1, 1, 1, 1, 1, 1, 1, 1, 1, 1, 1, 1, 1, 1, 1, 1, 1, 1, 1, 1, 1, 1, 1, 1, 1, 1, 1, 1, 1, 1, 1, 1, 1, 17, 17, 17, 17, 17, 17, 17, 17, 17, 17, 17, 17, 17, 17, 17, 17, 17, 17, 17, 17, 17, 17, 17, 17, 17, 17, 17, 17, 17, 17, 17, 17, 17, 17, 17, 17, 17, 17, 17, 36, 36, 36, 36, 36, 36, 36, 36, 36, 36, 36, 36, 36, 36, 36, 36, 36, 36, 36, 36, 36, 36, 36, 36, 36, 36, 36, 36, 36]","[7.5, 7.5, 7.0, 7.5, 7.0]","[7.5, 7.5]","[7.0, 7.5, 7.0]",rgb/live/Synchro_013/24,102,048918.jpg,049019.jpg,rgb/replay1/Synchro_013/24,139,049455.jpg,049593.jpg,masks/live/Synchro_013/24,102,True,,0,False,unknown_existing_segmentation_output,[],masks/replay1/Synchro_013/24,predicted_input,True
2.0,Synchro_013/25,Synchro_013,25,train,5337d,77.7,3.5,50631,50734,37,77,3,"[37, 70, 77]",104,"[3, 3, 3, 3, 3, 3, 3, 3, 3, 3, 3, 3, 3, 3, 3, 3, 3, 3, 3, 3, 3, 3, 3, 3, 3, 3, 3, 3, 3, 3, 3, 3, 3, 3, 3, 3, 3, 3, 35, 35, 35, 35, 35, 35, 35, 35, 35, 35, 35, 35, 35, 35, 35, 35, 35, 35, 35, 35, 35, 35, 35, 35, 35, 35, 35, 35, 35, 35, 35, 35, 35, 13, 13, 13, 13, 13, 13, 13, 36, 36, 36, 36, 36, 36, 36, 36, 36, 36, 36, 36, 36, 36, 36, 36, 36, 36, 36, 36, 36, 36, 36, 36, 36, 36]","[9.0, 5.0, 7.5, 8.0, 7.5]","[9.0, 5.0]","[7.5, 8.0, 7.5]",rgb/live/Synchro_013/25,104,050631.jpg,050734.jpg,rgb/replay1/Synchro_013/25,192,051268.jpg,051459.jpg,masks/live/Synchro_013/25,104,True,,0,False,unknown_existing_segmentation_output,[],masks/replay1/Synchro_013/25,predicted_input,True
2.0,Synchro_013/26,Synchro_013,26,test,5154b,82.62,3.4,52341,52440,33,73,4,"[33, 45, 66, 73]",100,"[1, 1, 1, 1, 1, 1, 1, 1, 1, 1, 1, 1, 1, 1, 1, 1, 1, 1, 1, 1, 1, 1, 1, 1, 1, 1, 1, 1, 1, 1, 1, 1, 1, 1, 15, 15, 15, 15, 15, 15, 15, 15, 15, 15, 15, 15, 32, 32, 32, 32, 32, 32, 32, 32, 32, 32, 32, 32, 32, 32, 32, 32, 32, 32, 32, 32, 32, 15, 15, 15, 15, 15, 15, 15, 36, 36, 36, 36, 36, 36, 36, 36, 36, 36, 36, 36, 36, 36, 36, 36, 36, 36, 36, 36, 36, 36, 36, 36, 36, 36]","[8.0, 7.5, 8.5, 8.5, 8.0]","[8.0, 7.5]","[8.5, 8.5, 8.0]",rgb/live/Synchro_013/26,100,052341.jpg,052440.jpg,rgb/replay1/Synchro_013/26,113,052967.jpg,053079.jpg,masks/live/Synchro_013/26,100,True,,0,False,unknown_existing_segmentation_output,[],masks/replay1/Synchro_013/26,predicted_input,True
2.0,Synchro_013/27,Synchro_013,27,train,407c,72.42,3.4,54256,54355,28,63,2,"[28, 63]",100,"[4, 4, 4, 4, 4, 4, 4, 4, 4, 4, 4, 4, 4, 4, 4, 4, 4, 4, 4, 4, 4, 4, 4, 4, 4, 4, 4, 4, 4, 25, 25, 25, 25, 25, 25, 25, 25, 25, 25, 25, 25, 25, 25, 25, 25, 25, 25, 25, 25, 25, 25, 25, 25, 25, 25, 25, 25, 25, 25, 25, 25, 25, 25, 25, 36, 36, 36, 36, 36, 36, 36, 36, 36, 36, 36, 36, 36, 36, 36, 36, 36, 36, 36, 36, 36, 36, 36, 36, 36, 36, 36, 36, 36, 36, 36, 36, 36, 36, 36, 36]","[7.0, 6.5, 7.0, 7.5, 7.5]","[7.0, 6.5]","[7.0, 7.5, 7.5]",rgb/live/Synchro_013/27,100,054256.jpg,054355.jpg,rgb/replay1/Synchro_013/27,191,054806.jpg,054996.jpg,masks/live/Synchro_013/27,100,True,,0,False,unknown_existing_segmentation_output,[],masks/replay1/Synchro_013/27,predicted_input,True
2.0,Synchro_013/28,Synchro_013,28,train,107b,69.75,3.1,55809,55908,34,72,2,"[34, 72]",100,"[1, 1, 1, 1, 1, 1, 1, 1, 1, 1, 1, 1, 1, 1, 1, 1, 1, 1, 1, 1, 1, 1, 1, 1, 1, 1, 1, 1, 1, 1, 1, 1, 1, 1, 1, 17, 17, 17, 17, 17, 17, 17, 17, 17, 17, 17, 17, 17, 17, 17, 17, 17, 17, 17, 17, 17, 17, 17, 17, 17, 17, 17, 17, 17, 17, 17, 17, 17, 17, 17, 17, 17, 17, 36, 36, 36, 36, 36, 36, 36, 36, 36, 36, 36, 36, 36, 36, 36, 36, 36, 36, 36, 36, 36, 36, 36, 36, 36, 36, 36]","[7.5, 7.0, 7.5, 8.0, 7.5]","[7.5, 7.0]","[7.5, 8.0, 7.5]",rgb/live/Synchro_013/28,100,055809.jpg,055908.jpg,rgb/replay1/Synchro_013/28,126,056490.jpg,056615.jpg,masks/live/Synchro_013/28,100,True,,0,False,unknown_existing_segmentation_output,[],masks/replay1/Synchro_013/28,predicted_input,True
2.0,Synchro_013/29,Synchro_013,29,train,407c,76.5,3.4,57706,57804,27,62,2,"[27, 62]",99,"[4, 4, 4, 4, 4, 4, 4, 4, 4, 4, 4, 4, 4, 4, 4, 4, 4, 4, 4, 4, 4, 4, 4, 4, 4, 4, 4, 4, 25, 25, 25, 25, 25, 25, 25, 25, 25, 25, 25, 25, 25, 25, 25, 25, 25, 25, 25, 25, 25, 25, 25, 25, 25, 25, 25, 25, 25, 25, 25, 25, 25, 25, 25, 36, 36, 36, 36, 36, 36, 36, 36, 36, 36, 36, 36, 36, 36, 36, 36, 36, 36, 36, 36, 36, 36, 36, 36, 36, 36, 36, 36, 36, 36, 36, 36, 36, 36, 36, 36]","[8.0, 6.0, 7.5, 8.0, 8.0]","[8.0, 6.0]","[7.5, 8.0, 8.0]",rgb/live/Synchro_013/29,99,057706.jpg,057804.jpg,rgb/replay1/Synchro_013/29,124,058278.jpg,058401.jpg,masks/live/Synchro_013/29,99,True,,0,False,unknown_existing_segmentation_output,[],masks/replay1/Synchro_013/29,predicted_input,True
2.0,Synchro_013/30,Synchro_013,30,train,407c,85.68,3.4,59365,59461,30,65,2,"[30, 65]",97,"[4, 4, 4, 4, 4, 4, 4, 4, 4, 4, 4, 4, 4, 4, 4, 4, 4, 4, 4, 4, 4, 4, 4, 4, 4, 4, 4, 4, 4, 4, 4, 25, 25, 25, 25, 25, 25, 25, 25, 25, 25, 25, 25, 25, 25, 25, 25, 25, 25, 25, 25, 25, 25, 25, 25, 25, 25, 25, 25, 25, 25, 25, 25, 25, 25, 25, 36, 36, 36, 36, 36, 36, 36, 36, 36, 36, 36, 36, 36, 36, 36, 36, 36, 36, 36, 36, 36, 36, 36, 36, 36, 36, 36, 36, 36, 36, 36]","[8.5, 8.0, 8.5, 8.5, 8.5]","[8.5, 8.0]","[8.5, 8.5, 8.5]",rgb/live/Synchro_013/30,97,059365.jpg,059461.jpg,rgb/replay1/Synchro_013/30,129,059902.jpg,060030.jpg,masks/live/Synchro_013/30,97,True,,0,False,unknown_existing_segmentation_output,[],masks/replay1/Synchro_013/30,predicted_input,True
2.0,Synchro_013/31,Synchro_013,31,train,5154b,77.52,3.4,62057,62164,35,76,4,"[35, 50, 69, 76]",108,"[1, 1, 1, 1, 1, 1, 1, 1, 1, 1, 1, 1, 1, 1, 1, 1, 1, 1, 1, 1, 1, 1, 1, 1, 1, 1, 1, 1, 1, 1, 1, 1, 1, 1, 1, 1, 15, 15, 15, 15, 15, 15, 15, 15, 15, 15, 15, 15, 15, 15, 15, 32, 32, 32, 32, 32, 32, 32, 32, 32, 32, 32, 32, 32, 32, 32, 32, 32, 32, 32, 15, 15, 15, 15, 15, 15, 15, 36, 36, 36, 36, 36, 36, 36, 36, 36, 36, 36, 36, 36, 36, 36, 36, 36, 36, 36, 36, 36, 36, 36, 36, 36, 36, 36, 36, 36, 36, 36]","[7.5, 7.5, 7.5, 8.0, 7.5]","[7.5, 7.5]","[7.5, 8.0, 7.5]",rgb/live/Synchro_013/31,108,062057.jpg,062164.jpg,rgb/replay1/Synchro_013/31,186,062647.jpg,062832.jpg,masks/live/Synchro_013/31,108,True,,0,False,unknown_existing_segmentation_output,[],masks/replay1/Synchro_013/31,predicted_input,True
2.0,Synchro_013/32,Synchro_013,32,test,109c,62.7,3.8,63474,63584,34,74,2,"[34, 74]",111,"[1, 1, 1, 1, 1, 1, 1, 1, 1, 1, 1, 1, 1, 1, 1, 1, 1, 1, 1, 1, 1, 1, 1, 1, 1, 1, 1, 1, 1, 1, 1, 1, 1, 1, 1, 27, 27, 27, 27, 27, 27, 27, 27, 27, 27, 27, 27, 27, 27, 27, 27, 27, 27, 27, 27, 27, 27, 27, 27, 27, 27, 27, 27, 27, 27, 27, 27, 27, 27, 27, 27, 27, 27, 27, 27, 36, 36, 36, 36, 36, 36, 36, 36, 36, 36, 36, 36, 36, 36, 36, 36, 36, 36, 36, 36, 36, 36, 36, 36, 36, 36, 36, 36, 36, 36, 36, 36, 36, 36, 36, 36]","[5.5, 5.0, 6.0, 5.5, 5.5]","[5.5, 5.0]","[6.0, 5.5, 5.5]",rgb/live/Synchro_013/32,111,063474.jpg,063584.jpg,rgb/replay1/Synchro_013/32,198,064039.jpg,064236.jpg,masks/live/Synchro_013/32,111,True,,0,False,unknown_existing_segmentation_output,[],masks/replay1/Synchro_013/32,predicted_input,True
2.0,Synchro_013/33,Synchro_013,33,train,407c,85.68,3.4,65445,65540,29,65,2,"[29, 65]",96,"[4, 4, 4, 4, 4, 4, 4, 4, 4, 4, 4, 4, 4, 4, 4, 4, 4, 4, 4, 4, 4, 4, 4, 4, 4, 4, 4, 4, 4, 4, 25, 25, 25, 25, 25, 25, 25, 25, 25, 25, 25, 25, 25, 25, 25, 25, 25, 25, 25, 25, 25, 25, 25, 25, 25, 25, 25, 25, 25, 25, 25, 25, 25, 25, 25, 25, 36, 36, 36, 36, 36, 36, 36, 36, 36, 36, 36, 36, 36, 36, 36, 36, 36, 36, 36, 36, 36, 36, 36, 36, 36, 36, 36, 36, 36, 36]","[9.0, 7.5, 8.5, 8.5, 8.5]","[9.0, 7.5]","[8.5, 8.5, 8.5]",rgb/live/Synchro_013/33,96,065445.jpg,065540.jpg,rgb/replay1/Synchro_013/33,122,065968.jpg,066089.jpg,masks/live/Synchro_013/33,96,True,,0,False,unknown_existing_segmentation_output,[],masks/replay1/Synchro_013/33,predicted_input,True
2.0,Synchro_013/34,Synchro_013,34,train,407c,74.46,3.4,67324,67420,29,63,2,"[29, 63]",97,"[4, 4, 4, 4, 4, 4, 4, 4, 4, 4, 4, 4, 4, 4, 4, 4, 4, 4, 4, 4, 4, 4, 4, 4, 4, 4, 4, 4, 4, 4, 25, 25, 25, 25, 25, 25, 25, 25, 25, 25, 25, 25, 25, 25, 25, 25, 25, 25, 25, 25, 25, 25, 25, 25, 25, 25, 25, 25, 25, 25, 25, 25, 25, 25, 36, 36, 36, 36, 36, 36, 36, 36, 36, 36, 36, 36, 36, 36, 36, 36, 36, 36, 36, 36, 36, 36, 36, 36, 36, 36, 36, 36, 36, 36, 36, 36, 36]","[7.0, 7.0, 7.5, 7.5, 7.5]","[7.0, 7.0]","[7.5, 7.5, 7.5]",rgb/live/Synchro_013/34,97,067324.jpg,067420.jpg,rgb/replay1/Synchro_013/34,154,067898.jpg,068051.jpg,masks/live/Synchro_013/34,97,True,,0,False,unknown_existing_segmentation_output,[],masks/replay1/Synchro_013/34,predicted_input,True
2.0,Synchro_013/35,Synchro_013,35,test,5337d,64.05,3.5,69490,69596,36,74,3,"[36, 68, 74]",107,"[3, 3, 3, 3, 3, 3, 3, 3, 3, 3, 3, 3, 3, 3, 3, 3, 3, 3, 3, 3, 3, 3, 3, 3, 3, 3, 3, 3, 3, 3, 3, 3, 3, 3, 3, 3, 3, 35, 35, 35, 35, 35, 35, 35, 35, 35, 35, 35, 35, 35, 35, 35, 35, 35, 35, 35, 35, 35, 35, 35, 35, 35, 35, 35, 35, 35, 35, 35, 35, 13, 13, 13, 13, 13, 13, 36, 36, 36, 36, 36, 36, 36, 36, 36, 36, 36, 36, 36, 36, 36, 36, 36, 36, 36, 36, 36, 36, 36, 36, 36, 36, 36, 36, 36, 36, 36, 36]","[7.0, 4.0, 6.5, 6.5, 6.5]","[7.0, 4.0]","[6.5, 6.5, 6.5]",rgb/live/Synchro_013/35,107,069490.jpg,069596.jpg,rgb/replay1/Synchro_013/35,115,070170.jpg,070284.jpg,masks/live/Synchro_013/35,107,True,,0,False,unknown_existing_segmentation_output,[],masks/replay1/Synchro_013/35,predicted_input,True
2.0,Synchro_013/36,Synchro_013,36,test,5337d,72.45,3.5,71054,71160,35,74,3,"[35, 68, 74]",107,"[3, 3, 3, 3, 3, 3, 3, 3, 3, 3, 3, 3, 3, 3, 3, 3, 3, 3, 3, 3, 3, 3, 3, 3, 3, 3, 3, 3, 3, 3, 3, 3, 3, 3, 3, 3, 35, 35, 35, 35, 35, 35, 35, 35, 35, 35, 35, 35, 35, 35, 35, 35, 35, 35, 35, 35, 35, 35, 35, 35, 35, 35, 35, 35, 35, 35, 35, 35, 35, 13, 13, 13, 13, 13, 13, 36, 36, 36, 36, 36, 36, 36, 36, 36, 36, 36, 36, 36, 36, 36, 36, 36, 36, 36, 36, 36, 36, 36, 36, 36, 36, 36, 36, 36, 36, 36, 36]","[7.5, 5.5, 7.0, 7.5, 7.0]","[7.5, 5.5]","[7.0, 7.5, 7.0]",rgb/live/Synchro_013/36,107,071054.jpg,071160.jpg,rgb/replay1/Synchro_013/36,143,071708.jpg,071850.jpg,masks/live/Synchro_013/36,107,True,,0,False,unknown_existing_segmentation_output,[],masks/replay1/Synchro_013/36,predicted_input,True
2.0,Synchro_013/37,Synchro_013,37,train,109c,84.36,3.8,74359,74461,32,73,2,"[32, 73]",103,"[1, 1, 1, 1, 1, 1, 1, 1, 1, 1, 1, 1, 1, 1, 1, 1, 1, 1, 1, 1, 1, 1, 1, 1, 1, 1, 1, 1, 1, 1, 1, 1, 1, 27, 27, 27, 27, 27, 27, 27, 27, 27, 27, 27, 27, 27, 27, 27, 27, 27, 27, 27, 27, 27, 27, 27, 27, 27, 27, 27, 27, 27, 27, 27, 27, 27, 27, 27, 27, 27, 27, 27, 27, 27, 36, 36, 36, 36, 36, 36, 36, 36, 36, 36, 36, 36, 36, 36, 36, 36, 36, 36, 36, 36, 36, 36, 36, 36, 36, 36, 36, 36, 36]","[7.5, 7.0, 7.5, 7.5, 7.5]","[7.5, 7.0]","[7.5, 7.5, 7.5]",rgb/live/Synchro_013/37,103,074359.jpg,074461.jpg,rgb/replay1/Synchro_013/37,144,075095.jpg,075238.jpg,masks/live/Synchro_013/37,103,True,,0,False,unknown_existing_segmentation_output,[],masks/replay1/Synchro_013/37,predicted_input,True
2.0,Synchro_013/38,Synchro_013,38,train,5337d,67.2,3.5,77531,77638,36,77,3,"[36, 71, 77]",108,"[3, 3, 3, 3, 3, 3, 3, 3, 3, 3, 3, 3, 3, 3, 3, 3, 3, 3, 3, 3, 3, 3, 3, 3, 3, 3, 3, 3, 3, 3, 3, 3, 3, 3, 3, 3, 3, 35, 35, 35, 35, 35, 35, 35, 35, 35, 35, 35, 35, 35, 35, 35, 35, 35, 35, 35, 35, 35, 35, 35, 35, 35, 35, 35, 35, 35, 35, 35, 35, 35, 35, 35, 13, 13, 13, 13, 13, 13, 36, 36, 36, 36, 36, 36, 36, 36, 36, 36, 36, 36, 36, 36, 36, 36, 36, 36, 36, 36, 36, 36, 36, 36, 36, 36, 36, 36, 36, 36]","[7.0, 6.5, 6.0, 6.5, 6.0]","[7.0, 6.5]","[6.0, 6.5, 6.0]",rgb/live/Synchro_013/38,108,077531.jpg,077638.jpg,rgb/replay1/Synchro_013/38,115,078178.jpg,078292.jpg,masks/live/Synchro_013/38,108,True,,0,False,unknown_existing_segmentation_output,[],masks/replay1/Synchro_013/38,predicted_input,True
2.0,Synchro_013/39,Synchro_013,39,validation,5253b,68.34,3.4,79595,79690,26,60,3,"[26, 42, 60]",96,"[2, 2, 2, 2, 2, 2, 2, 2, 2, 2, 2, 2, 2, 2, 2, 2, 2, 2, 2, 2, 2, 2, 2, 2, 2, 2, 2, 31, 31, 31, 31, 31, 31, 31, 31, 31, 31, 31, 31, 31, 31, 31, 31, 15, 15, 15, 15, 15, 15, 15, 15, 15, 15, 15, 15, 15, 15, 15, 15, 15, 15, 36, 36, 36, 36, 36, 36, 36, 36, 36, 36, 36, 36, 36, 36, 36, 36, 36, 36, 36, 36, 36, 36, 36, 36, 36, 36, 36, 36, 36, 36, 36, 36, 36, 36, 36]","[7.5, 5.5, 7.0, 7.0, 6.5]","[7.5, 5.5]","[7.0, 7.0, 6.5]",rgb/live/Synchro_013/39,96,079595.jpg,079690.jpg,rgb/replay1/Synchro_013/39,173,080094.jpg,080266.jpg,masks/live/Synchro_013/39,96,True,,0,False,unknown_existing_segmentation_output,[],masks/replay1/Synchro_013/39,predicted_input,True
2.0,Synchro_013/40,Synchro_013,40,train,109c,95.76,3.8,81793,81896,35,76,2,"[35, 76]",104,"[1, 1, 1, 1, 1, 1, 1, 1, 1, 1, 1, 1, 1, 1, 1, 1, 1, 1, 1, 1, 1, 1, 1, 1, 1, 1, 1, 1, 1, 1, 1, 1, 1, 1, 1, 1, 27, 27, 27, 27, 27, 27, 27, 27, 27, 27, 27, 27, 27, 27, 27, 27, 27, 27, 27, 27, 27, 27, 27, 27, 27, 27, 27, 27, 27, 27, 27, 27, 27, 27, 27, 27, 27, 27, 27, 27, 27, 36, 36, 36, 36, 36, 36, 36, 36, 36, 36, 36, 36, 36, 36, 36, 36, 36, 36, 36, 36, 36, 36, 36, 36, 36, 36, 36]","[8.5, 8.0, 8.5, 8.5, 8.5]","[8.5, 8.0]","[8.5, 8.5, 8.5]",rgb/live/Synchro_013/40,104,081793.jpg,081896.jpg,rgb/replay1/Synchro_013/40,163,082357.jpg,082519.jpg,masks/live/Synchro_013/40,104,True,,0,False,unknown_existing_segmentation_output,[],masks/replay1/Synchro_013/40,predicted_input,True
2.0,Synchro_013/41,Synchro_013,41,test,109c,74.1,3.8,84045,84150,33,73,2,"[33, 73]",106,"[1, 1, 1, 1, 1, 1, 1, 1, 1, 1, 1, 1, 1, 1, 1, 1, 1, 1, 1, 1, 1, 1, 1, 1, 1, 1, 1, 1, 1, 1, 1, 1, 1, 1, 27, 27, 27, 27, 27, 27, 27, 27, 27, 27, 27, 27, 27, 27, 27, 27, 27, 27, 27, 27, 27, 27, 27, 27, 27, 27, 27, 27, 27, 27, 27, 27, 27, 27, 27, 27, 27, 27, 27, 27, 36, 36, 36, 36, 36, 36, 36, 36, 36, 36, 36, 36, 36, 36, 36, 36, 36, 36, 36, 36, 36, 36, 36, 36, 36, 36, 36, 36, 36, 36, 36, 36]","[5.0, 7.0, 6.5, 7.0, 7.0]","[5.0, 7.0]","[6.5, 7.0, 7.0]",rgb/live/Synchro_013/41,106,084045.jpg,084150.jpg,rgb/replay1/Synchro_013/41,135,084610.jpg,084744.jpg,masks/live/Synchro_013/41,106,True,,0,False,unknown_existing_segmentation_output,[],masks/replay1/Synchro_013/41,predicted_input,True
2.0,Synchro_013/42,Synchro_013,42,train,107b,73.47,3.1,86188,86290,33,71,2,"[33, 71]",103,"[1, 1, 1, 1, 1, 1, 1, 1, 1, 1, 1, 1, 1, 1, 1, 1, 1, 1, 1, 1, 1, 1, 1, 1, 1, 1, 1, 1, 1, 1, 1, 1, 1, 1, 17, 17, 17, 17, 17, 17, 17, 17, 17, 17, 17, 17, 17, 17, 17, 17, 17, 17, 17, 17, 17, 17, 17, 17, 17, 17, 17, 17, 17, 17, 17, 17, 17, 17, 17, 17, 17, 17, 36, 36, 36, 36, 36, 36, 36, 36, 36, 36, 36, 36, 36, 36, 36, 36, 36, 36, 36, 36, 36, 36, 36, 36, 36, 36, 36, 36, 36, 36, 36]","[8.0, 7.5, 8.0, 8.0, 8.0]","[8.0, 7.5]","[8.0, 8.0, 8.0]",rgb/live/Synchro_013/42,103,086188.jpg,086290.jpg,rgb/replay1/Synchro_013/42,124,086783.jpg,086906.jpg,masks/live/Synchro_013/42,103,True,,0,False,unknown_existing_segmentation_output,[],masks/replay1/Synchro_013/42,predicted_input,True
2.0,Synchro_013/43,Synchro_013,43,train,109c,94.62,3.8,89878,89986,35,75,2,"[35, 75]",109,"[1, 1, 1, 1, 1, 1, 1, 1, 1, 1, 1, 1, 1, 1, 1, 1, 1, 1, 1, 1, 1, 1, 1, 1, 1, 1, 1, 1, 1, 1, 1, 1, 1, 1, 1, 1, 27, 27, 27, 27, 27, 27, 27, 27, 27, 27, 27, 27, 27, 27, 27, 27, 27, 27, 27, 27, 27, 27, 27, 27, 27, 27, 27, 27, 27, 27, 27, 27, 27, 27, 27, 27, 27, 27, 27, 27, 36, 36, 36, 36, 36, 36, 36, 36, 36, 36, 36, 36, 36, 36, 36, 36, 36, 36, 36, 36, 36, 36, 36, 36, 36, 36, 36, 36, 36, 36, 36, 36, 36]","[8.5, 7.5, 8.5, 8.5, 8.5]","[8.5, 7.5]","[8.5, 8.5, 8.5]",rgb/live/Synchro_013/43,109,089878.jpg,089986.jpg,rgb/replay1/Synchro_013/43,170,090617.jpg,090786.jpg,masks/live/Synchro_013/43,109,True,,0,False,unknown_existing_segmentation_output,[],masks/replay1/Synchro_013/43,predicted_input,True
2.0,Synchro_013/44,Synchro_013,44,test,5156b,94.77,3.9,92466,92569,32,73,4,"[32, 39, 65, 73]",104,"[1, 1, 1, 1, 1, 1, 1, 1, 1, 1, 1, 1, 1, 1, 1, 1, 1, 1, 1, 1, 1, 1, 1, 1, 1, 1, 1, 1, 1, 1, 1, 1, 1, 15, 15, 15, 15, 15, 15, 15, 34, 34, 34, 34, 34, 34, 34, 34, 34, 34, 34, 34, 34, 34, 34, 34, 34, 34, 34, 34, 34, 34, 34, 34, 34, 34, 15, 15, 15, 15, 15, 15, 15, 15, 36, 36, 36, 36, 36, 36, 36, 36, 36, 36, 36, 36, 36, 36, 36, 36, 36, 36, 36, 36, 36, 36, 36, 36, 36, 36, 36, 36, 36, 36]","[8.5, 7.0, 8.5, 8.0, 8.5]","[8.5, 7.0]","[8.5, 8.0, 8.5]",rgb/live/Synchro_013/44,104,092466.jpg,092569.jpg,rgb/replay1/Synchro_013/44,179,093279.jpg,093457.jpg,masks/live/Synchro_013/44,104,True,,0,False,unknown_existing_segmentation_output,[],masks/replay1/Synchro_013/44,predicted_input,True
2.0,Synchro_014/0,Synchro_014,0,train,201b,52.8,2.0,5424,5519,26,56,2,"[26, 56]",96,"[2, 2, 2, 2, 2, 2, 2, 2, 2, 2, 2, 2, 2, 2, 2, 2, 2, 2, 2, 2, 2, 2, 2, 2, 2, 2, 2, 37, 37, 37, 37, 37, 37, 37, 37, 37, 37, 37, 37, 37, 37, 37, 37, 37, 37, 37, 37, 37, 37, 37, 37, 37, 37, 37, 37, 37, 37, 36, 36, 36, 36, 36, 36, 36, 36, 36, 36, 36, 36, 36, 36, 36, 36, 36, 36, 36, 36, 36, 36, 36, 36, 36, 36, 36, 36, 36, 36, 36, 36, 36, 36, 36, 36, 36, 36, 36]","[8.5, 9.0, 8.5, 9.0, 9.0]","[8.5, 9.0]","[8.5, 9.0, 9.0]",rgb/live/Synchro_014/0,96,005424.jpg,005519.jpg,rgb/replay1/Synchro_014/0,252,005734.jpg,005985.jpg,masks/live/Synchro_014/0,96,True,,0,False,unknown_existing_segmentation_output,[],masks/replay1/Synchro_014/0,predicted_input,True
2.0,Synchro_014/1,Synchro_014,1,train,201b,49.8,2.0,7686,7783,31,58,2,"[31, 58]",98,"[2, 2, 2, 2, 2, 2, 2, 2, 2, 2, 2, 2, 2, 2, 2, 2, 2, 2, 2, 2, 2, 2, 2, 2, 2, 2, 2, 2, 2, 2, 2, 2, 37, 37, 37, 37, 37, 37, 37, 37, 37, 37, 37, 37, 37, 37, 37, 37, 37, 37, 37, 37, 37, 37, 37, 37, 37, 37, 37, 36, 36, 36, 36, 36, 36, 36, 36, 36, 36, 36, 36, 36, 36, 36, 36, 36, 36, 36, 36, 36, 36, 36, 36, 36, 36, 36, 36, 36, 36, 36, 36, 36, 36, 36, 36, 36, 36, 36]","[8.0, 8.0, 8.5, 8.5, 8.5]","[8.0, 8.0]","[8.5, 8.5, 8.5]",rgb/live/Synchro_014/1,98,007686.jpg,007783.jpg,rgb/replay1/Synchro_014/1,252,008065.jpg,008316.jpg,masks/live/Synchro_014/1,98,True,,0,False,unknown_existing_segmentation_output,[],masks/replay1/Synchro_014/1,predicted_input,True
2.0,Synchro_014/2,Synchro_014,2,train,201b,50.4,2.0,9645,9740,32,58,2,"[32, 58]",96,"[2, 2, 2, 2, 2, 2, 2, 2, 2, 2, 2, 2, 2, 2, 2, 2, 2, 2, 2, 2, 2, 2, 2, 2, 2, 2, 2, 2, 2, 2, 2, 2, 2, 37, 37, 37, 37, 37, 37, 37, 37, 37, 37, 37, 37, 37, 37, 37, 37, 37, 37, 37, 37, 37, 37, 37, 37, 37, 37, 36, 36, 36, 36, 36, 36, 36, 36, 36, 36, 36, 36, 36, 36, 36, 36, 36, 36, 36, 36, 36, 36, 36, 36, 36, 36, 36, 36, 36, 36, 36, 36, 36, 36, 36, 36, 36]","[8.0, 8.5, 8.5, 8.5, 8.5]","[8.0, 8.5]","[8.5, 8.5, 8.5]",rgb/live/Synchro_014/2,96,009645.jpg,009740.jpg,rgb/replay1/Synchro_014/2,168,010244.jpg,010411.jpg,masks/live/Synchro_014/2,96,True,,0,False,unknown_existing_segmentation_output,[],masks/replay1/Synchro_014/2,predicted_input,True
2.0,Synchro_014/3,Synchro_014,3,train,401b,48.6,2.0,11509,11604,26,50,2,"[26, 50]",96,"[4, 4, 4, 4, 4, 4, 4, 4, 4, 4, 4, 4, 4, 4, 4, 4, 4, 4, 4, 4, 4, 4, 4, 4, 4, 4, 4, 37, 37, 37, 37, 37, 37, 37, 37, 37, 37, 37, 37, 37, 37, 37, 37, 37, 37, 37, 37, 37, 37, 37, 37, 36, 36, 36, 36, 36, 36, 36, 36, 36, 36, 36, 36, 36, 36, 36, 36, 36, 36, 36, 36, 36, 36, 36, 36, 36, 36, 36, 36, 36, 36, 36, 36, 36, 36, 36, 36, 36, 36, 36, 36, 36, 36, 36, 36, 36]","[7.5, 8.0, 8.5, 8.0, 8.5]","[7.5, 8.0]","[8.5, 8.0, 8.5]",rgb/live/Synchro_014/3,96,011509.jpg,011604.jpg,rgb/replay1/Synchro_014/3,122,011824.jpg,011945.jpg,masks/live/Synchro_014/3,96,True,,0,False,unknown_existing_segmentation_output,[],masks/replay1/Synchro_014/3,predicted_input,True
2.0,Synchro_014/4,Synchro_014,4,train,201b,47.4,2.0,14950,15045,22,48,2,"[22, 48]",96,"[2, 2, 2, 2, 2, 2, 2, 2, 2, 2, 2, 2, 2, 2, 2, 2, 2, 2, 2, 2, 2, 2, 2, 37, 37, 37, 37, 37, 37, 37, 37, 37, 37, 37, 37, 37, 37, 37, 37, 37, 37, 37, 37, 37, 37, 37, 37, 37, 37, 36, 36, 36, 36, 36, 36, 36, 36, 36, 36, 36, 36, 36, 36, 36, 36, 36, 36, 36, 36, 36, 36, 36, 36, 36, 36, 36, 36, 36, 36, 36, 36, 36, 36, 36, 36, 36, 36, 36, 36, 36, 36, 36, 36, 36, 36, 36]","[7.0, 8.5, 8.0, 8.0, 8.0]","[7.0, 8.5]","[8.0, 8.0, 8.0]",rgb/live/Synchro_014/4,96,014950.jpg,015045.jpg,rgb/replay1/Synchro_014/4,244,015188.jpg,015431.jpg,masks/live/Synchro_014/4,96,True,,0,False,unknown_existing_segmentation_output,[],masks/replay1/Synchro_014/4,predicted_input,True
2.0,Synchro_014/5,Synchro_014,5,train,401b,45.6,2.0,18387,18482,17,43,2,"[17, 43]",96,"[4, 4, 4, 4, 4, 4, 4, 4, 4, 4, 4, 4, 4, 4, 4, 4, 4, 4, 37, 37, 37, 37, 37, 37, 37, 37, 37, 37, 37, 37, 37, 37, 37, 37, 37, 37, 37, 37, 37, 37, 37, 37, 37, 37, 36, 36, 36, 36, 36, 36, 36, 36, 36, 36, 36, 36, 36, 36, 36, 36, 36, 36, 36, 36, 36, 36, 36, 36, 36, 36, 36, 36, 36, 36, 36, 36, 36, 36, 36, 36, 36, 36, 36, 36, 36, 36, 36, 36, 36, 36, 36, 36, 36, 36, 36, 36]","[7.5, 7.0, 7.5, 8.0, 8.0]","[7.5, 7.0]","[7.5, 8.0, 8.0]",rgb/live/Synchro_014/5,96,018387.jpg,018482.jpg,rgb/replay1/Synchro_014/5,228,018661.jpg,018888.jpg,masks/live/Synchro_014/5,96,True,,0,False,unknown_existing_segmentation_output,[],masks/replay1/Synchro_014/5,predicted_input,True
2.0,Synchro_014/6,Synchro_014,6,test,301b,51.0,2.0,21382,21480,35,67,2,"[35, 67]",99,"[3, 3, 3, 3, 3, 3, 3, 3, 3, 3, 3, 3, 3, 3, 3, 3, 3, 3, 3, 3, 3, 3, 3, 3, 3, 3, 3, 3, 3, 3, 3, 3, 3, 3, 3, 3, 37, 37, 37, 37, 37, 37, 37, 37, 37, 37, 37, 37, 37, 37, 37, 37, 37, 37, 37, 37, 37, 37, 37, 37, 37, 37, 37, 37, 37, 37, 37, 37, 36, 36, 36, 36, 36, 36, 36, 36, 36, 36, 36, 36, 36, 36, 36, 36, 36, 36, 36, 36, 36, 36, 36, 36, 36, 36, 36, 36, 36, 36, 36]","[8.5, 9.0, 8.5, 8.5, 8.0]","[8.5, 9.0]","[8.5, 8.5, 8.0]",rgb/live/Synchro_014/6,99,021382.jpg,021480.jpg,rgb/replay1/Synchro_014/6,264,021767.jpg,022030.jpg,masks/live/Synchro_014/6,99,True,,0,False,unknown_existing_segmentation_output,[],masks/replay1/Synchro_014/6,predicted_input,True
2.0,Synchro_014/7,Synchro_014,7,train,301b,51.0,2.0,23366,23465,36,65,2,"[36, 65]",100,"[3, 3, 3, 3, 3, 3, 3, 3, 3, 3, 3, 3, 3, 3, 3, 3, 3, 3, 3, 3, 3, 3, 3, 3, 3, 3, 3, 3, 3, 3, 3, 3, 3, 3, 3, 3, 3, 37, 37, 37, 37, 37, 37, 37, 37, 37, 37, 37, 37, 37, 37, 37, 37, 37, 37, 37, 37, 37, 37, 37, 37, 37, 37, 37, 37, 37, 36, 36, 36, 36, 36, 36, 36, 36, 36, 36, 36, 36, 36, 36, 36, 36, 36, 36, 36, 36, 36, 36, 36, 36, 36, 36, 36, 36, 36, 36, 36, 36, 36, 36]","[8.5, 8.5, 8.5, 8.5, 8.5]","[8.5, 8.5]","[8.5, 8.5, 8.5]",rgb/live/Synchro_014/7,100,023366.jpg,023465.jpg,rgb/replay1/Synchro_014/7,140,023745.jpg,023884.jpg,masks/live/Synchro_014/7,100,True,,0,False,unknown_existing_segmentation_output,"[""alternate_replay1_conflict"", ""canonical_replay_mask_mismatch""]",masks/replay1/Synchro_014/7,predicted_input,False
2.0,Synchro_014/8,Synchro_014,8,test,201b,48.0,2.0,26713,26808,30,54,2,"[30, 54]",96,"[2, 2, 2, 2, 2, 2, 2, 2, 2, 2, 2, 2, 2, 2, 2, 2, 2, 2, 2, 2, 2, 2, 2, 2, 2, 2, 2, 2, 2, 2, 2, 37, 37, 37, 37, 37, 37, 37, 37, 37, 37, 37, 37, 37, 37, 37, 37, 37, 37, 37, 37, 37, 37, 37, 37, 36, 36, 36, 36, 36, 36, 36, 36, 36, 36, 36, 36, 36, 36, 36, 36, 36, 36, 36, 36, 36, 36, 36, 36, 36, 36, 36, 36, 36, 36, 36, 36, 36, 36, 36, 36, 36, 36, 36, 36, 36]","[7.5, 7.5, 8.5, 8.0, 8.5]","[7.5, 7.5]","[8.5, 8.0, 8.5]",rgb/live/Synchro_014/8,96,026713.jpg,026808.jpg,rgb/replay1/Synchro_014/8,136,026991.jpg,027126.jpg,masks/live/Synchro_014/8,96,True,,0,False,unknown_existing_segmentation_output,[],masks/replay1/Synchro_014/8,predicted_input,True
2.0,Synchro_014/9,Synchro_014,9,train,301b,43.8,2.0,28265,28368,37,64,2,"[37, 64]",104,"[3, 3, 3, 3, 3, 3, 3, 3, 3, 3, 3, 3, 3, 3, 3, 3, 3, 3, 3, 3, 3, 3, 3, 3, 3, 3, 3, 3, 3, 3, 3, 3, 3, 3, 3, 3, 3, 3, 37, 37, 37, 37, 37, 37, 37, 37, 37, 37, 37, 37, 37, 37, 37, 37, 37, 37, 37, 37, 37, 37, 37, 37, 37, 37, 37, 36, 36, 36, 36, 36, 36, 36, 36, 36, 36, 36, 36, 36, 36, 36, 36, 36, 36, 36, 36, 36, 36, 36, 36, 36, 36, 36, 36, 36, 36, 36, 36, 36, 36, 36, 36, 36, 36, 36]","[7.0, 7.0, 7.5, 7.5, 7.5]","[7.0, 7.0]","[7.5, 7.5, 7.5]",rgb/live/Synchro_014/9,104,028265.jpg,028368.jpg,rgb/replay1/Synchro_014/9,292,028629.jpg,028920.jpg,masks/live/Synchro_014/9,104,True,,0,False,unknown_existing_segmentation_output,[],masks/replay1/Synchro_014/9,predicted_input,True
2.0,Synchro_014/10,Synchro_014,10,validation,301b,48.0,2.0,29812,29917,37,68,2,"[37, 68]",106,"[3, 3, 3, 3, 3, 3, 3, 3, 3, 3, 3, 3, 3, 3, 3, 3, 3, 3, 3, 3, 3, 3, 3, 3, 3, 3, 3, 3, 3, 3, 3, 3, 3, 3, 3, 3, 3, 3, 37, 37, 37, 37, 37, 37, 37, 37, 37, 37, 37, 37, 37, 37, 37, 37, 37, 37, 37, 37, 37, 37, 37, 37, 37, 37, 37, 37, 37, 37, 37, 36, 36, 36, 36, 36, 36, 36, 36, 36, 36, 36, 36, 36, 36, 36, 36, 36, 36, 36, 36, 36, 36, 36, 36, 36, 36, 36, 36, 36, 36, 36, 36, 36, 36, 36, 36, 36]","[8.0, 8.0, 8.0, 8.0, 8.0]","[8.0, 8.0]","[8.0, 8.0, 8.0]",rgb/live/Synchro_014/10,106,029812.jpg,029917.jpg,rgb/replay1/Synchro_014/10,124,030194.jpg,030317.jpg,masks/live/Synchro_014/10,106,True,,0,False,unknown_existing_segmentation_output,[],masks/replay1/Synchro_014/10,predicted_input,True
2.0,Synchro_014/11,Synchro_014,11,train,301b,45.0,2.0,31221,31317,36,64,2,"[36, 64]",97,"[3, 3, 3, 3, 3, 3, 3, 3, 3, 3, 3, 3, 3, 3, 3, 3, 3, 3, 3, 3, 3, 3, 3, 3, 3, 3, 3, 3, 3, 3, 3, 3, 3, 3, 3, 3, 3, 37, 37, 37, 37, 37, 37, 37, 37, 37, 37, 37, 37, 37, 37, 37, 37, 37, 37, 37, 37, 37, 37, 37, 37, 37, 37, 37, 37, 36, 36, 36, 36, 36, 36, 36, 36, 36, 36, 36, 36, 36, 36, 36, 36, 36, 36, 36, 36, 36, 36, 36, 36, 36, 36, 36, 36, 36, 36, 36, 36]","[7.5, 7.5, 7.5, 7.5, 7.5]","[7.5, 7.5]","[7.5, 7.5, 7.5]",rgb/live/Synchro_014/11,97,031221.jpg,031317.jpg,rgb/replay1/Synchro_014/11,259,031825.jpg,032083.jpg,masks/live/Synchro_014/11,97,True,,0,False,unknown_existing_segmentation_output,[],masks/replay1/Synchro_014/11,predicted_input,True
2.0,Synchro_014/12,Synchro_014,12,test,301b,42.0,2.0,32767,32865,35,63,2,"[35, 63]",99,"[3, 3, 3, 3, 3, 3, 3, 3, 3, 3, 3, 3, 3, 3, 3, 3, 3, 3, 3, 3, 3, 3, 3, 3, 3, 3, 3, 3, 3, 3, 3, 3, 3, 3, 3, 3, 37, 37, 37, 37, 37, 37, 37, 37, 37, 37, 37, 37, 37, 37, 37, 37, 37, 37, 37, 37, 37, 37, 37, 37, 37, 37, 37, 37, 36, 36, 36, 36, 36, 36, 36, 36, 36, 36, 36, 36, 36, 36, 36, 36, 36, 36, 36, 36, 36, 36, 36, 36, 36, 36, 36, 36, 36, 36, 36, 36, 36, 36, 36]","[6.5, 6.5, 7.5, 7.5, 7.0]","[6.5, 6.5]","[7.5, 7.5, 7.0]",rgb/live/Synchro_014/12,99,032767.jpg,032865.jpg,rgb/replay1/Synchro_014/12,130,033095.jpg,033224.jpg,masks/live/Synchro_014/12,99,True,,0,False,unknown_existing_segmentation_output,[],masks/replay1/Synchro_014/12,predicted_input,True
2.0,Synchro_014/13,Synchro_014,13,test,405b,77.4,3.0,35329,35424,24,56,2,"[24, 56]",96,"[4, 4, 4, 4, 4, 4, 4, 4, 4, 4, 4, 4, 4, 4, 4, 4, 4, 4, 4, 4, 4, 4, 4, 4, 4, 15, 15, 15, 15, 15, 15, 15, 15, 15, 15, 15, 15, 15, 15, 15, 15, 15, 15, 15, 15, 15, 15, 15, 15, 15, 15, 15, 15, 15, 15, 15, 15, 36, 36, 36, 36, 36, 36, 36, 36, 36, 36, 36, 36, 36, 36, 36, 36, 36, 36, 36, 36, 36, 36, 36, 36, 36, 36, 36, 36, 36, 36, 36, 36, 36, 36, 36, 36, 36, 36, 36]","[8.5, 8.5, 8.5, 9.0, 8.5]","[8.5, 8.5]","[8.5, 9.0, 8.5]",rgb/live/Synchro_014/13,96,035329.jpg,035424.jpg,rgb/replay1/Synchro_014/13,216,035623.jpg,035838.jpg,masks/live/Synchro_014/13,96,True,,0,False,unknown_existing_segmentation_output,[],masks/replay1/Synchro_014/13,predicted_input,True
2.0,Synchro_014/14,Synchro_014,14,train,405b,71.1,3.0,37314,37409,32,65,2,"[32, 65]",96,"[4, 4, 4, 4, 4, 4, 4, 4, 4, 4, 4, 4, 4, 4, 4, 4, 4, 4, 4, 4, 4, 4, 4, 4, 4, 4, 4, 4, 4, 4, 4, 4, 4, 15, 15, 15, 15, 15, 15, 15, 15, 15, 15, 15, 15, 15, 15, 15, 15, 15, 15, 15, 15, 15, 15, 15, 15, 15, 15, 15, 15, 15, 15, 15, 15, 15, 36, 36, 36, 36, 36, 36, 36, 36, 36, 36, 36, 36, 36, 36, 36, 36, 36, 36, 36, 36, 36, 36, 36, 36, 36, 36, 36, 36, 36, 36]","[8.0, 7.5, 8.0, 8.0, 8.0]","[8.0, 7.5]","[8.0, 8.0, 8.0]",rgb/live/Synchro_014/14,96,037314.jpg,037409.jpg,rgb/replay1/Synchro_014/14,225,037621.jpg,037845.jpg,masks/live/Synchro_014/14,96,True,,0,False,unknown_existing_segmentation_output,[],masks/replay1/Synchro_014/14,predicted_input,True
2.0,Synchro_014/15,Synchro_014,15,test,5152b,63.9,3.0,39125,39240,32,69,4,"[32, 47, 61, 69]",116,"[1, 1, 1, 1, 1, 1, 1, 1, 1, 1, 1, 1, 1, 1, 1, 1, 1, 1, 1, 1, 1, 1, 1, 1, 1, 1, 1, 1, 1, 1, 1, 1, 1, 15, 15, 15, 15, 15, 15, 15, 15, 15, 15, 15, 15, 15, 15, 15, 30, 30, 30, 30, 30, 30, 30, 30, 30, 30, 30, 30, 30, 30, 15, 15, 15, 15, 15, 15, 15, 15, 36, 36, 36, 36, 36, 36, 36, 36, 36, 36, 36, 36, 36, 36, 36, 36, 36, 36, 36, 36, 36, 36, 36, 36, 36, 36, 36, 36, 36, 36, 36, 36, 36, 36, 36, 36, 36, 36, 36, 36, 36, 36, 36, 36, 36, 36]","[5.5, 8.0, 7.5, 7.5, 7.0]","[5.5, 8.0]","[7.5, 7.5, 7.0]",rgb/live/Synchro_014/15,116,039125.jpg,039240.jpg,rgb/replay1/Synchro_014/15,261,039700.jpg,039960.jpg,masks/live/Synchro_014/15,116,True,,0,False,unknown_existing_segmentation_output,[],masks/replay1/Synchro_014/15,predicted_input,True
2.0,Synchro_014/16,Synchro_014,16,train,5152b,64.8,3.0,40782,40885,31,67,4,"[31, 45, 59, 67]",104,"[1, 1, 1, 1, 1, 1, 1, 1, 1, 1, 1, 1, 1, 1, 1, 1, 1, 1, 1, 1, 1, 1, 1, 1, 1, 1, 1, 1, 1, 1, 1, 1, 15, 15, 15, 15, 15, 15, 15, 15, 15, 15, 15, 15, 15, 15, 30, 30, 30, 30, 30, 30, 30, 30, 30, 30, 30, 30, 30, 30, 15, 15, 15, 15, 15, 15, 15, 15, 36, 36, 36, 36, 36, 36, 36, 36, 36, 36, 36, 36, 36, 36, 36, 36, 36, 36, 36, 36, 36, 36, 36, 36, 36, 36, 36, 36, 36, 36, 36, 36, 36, 36, 36, 36]","[6.5, 7.0, 7.5, 7.5, 7.5]","[6.5, 7.0]","[7.5, 7.5, 7.5]",rgb/live/Synchro_014/16,104,040782.jpg,040885.jpg,rgb/replay1/Synchro_014/16,264,041122.jpg,041385.jpg,masks/live/Synchro_014/16,104,True,,0,False,unknown_existing_segmentation_output,[],masks/replay1/Synchro_014/16,predicted_input,True
2.0,Synchro_014/17,Synchro_014,17,train,107c,48.72,2.8,42479,42584,32,70,2,"[32, 70]",106,"[1, 1, 1, 1, 1, 1, 1, 1, 1, 1, 1, 1, 1, 1, 1, 1, 1, 1, 1, 1, 1, 1, 1, 1, 1, 1, 1, 1, 1, 1, 1, 1, 1, 25, 25, 25, 25, 25, 25, 25, 25, 25, 25, 25, 25, 25, 25, 25, 25, 25, 25, 25, 25, 25, 25, 25, 25, 25, 25, 25, 25, 25, 25, 25, 25, 25, 25, 25, 25, 25, 25, 36, 36, 36, 36, 36, 36, 36, 36, 36, 36, 36, 36, 36, 36, 36, 36, 36, 36, 36, 36, 36, 36, 36, 36, 36, 36, 36, 36, 36, 36, 36, 36, 36, 36, 36]","[4.5, 5.5, 6.5, 6.0, 6.5]","[4.5, 5.5]","[6.5, 6.0, 6.5]",rgb/live/Synchro_014/17,106,042479.jpg,042584.jpg,rgb/replay1/Synchro_014/17,300,042791.jpg,043090.jpg,masks/live/Synchro_014/17,106,True,,0,False,unknown_existing_segmentation_output,[],masks/replay1/Synchro_014/17,predicted_input,True
2.0,Synchro_014/18,Synchro_014,18,train,405b,73.8,3.0,44173,44268,26,58,2,"[26, 58]",96,"[4, 4, 4, 4, 4, 4, 4, 4, 4, 4, 4, 4, 4, 4, 4, 4, 4, 4, 4, 4, 4, 4, 4, 4, 4, 4, 4, 15, 15, 15, 15, 15, 15, 15, 15, 15, 15, 15, 15, 15, 15, 15, 15, 15, 15, 15, 15, 15, 15, 15, 15, 15, 15, 15, 15, 15, 15, 15, 15, 36, 36, 36, 36, 36, 36, 36, 36, 36, 36, 36, 36, 36, 36, 36, 36, 36, 36, 36, 36, 36, 36, 36, 36, 36, 36, 36, 36, 36, 36, 36, 36, 36, 36, 36, 36, 36]","[7.5, 8.0, 8.5, 8.5, 8.5]","[7.5, 8.0]","[8.5, 8.5, 8.5]",rgb/live/Synchro_014/18,96,044173.jpg,044268.jpg,rgb/replay1/Synchro_014/18,230,044490.jpg,044719.jpg,masks/live/Synchro_014/18,96,True,,0,False,unknown_existing_segmentation_output,[],masks/replay1/Synchro_014/18,predicted_input,True
2.0,Synchro_014/19,Synchro_014,19,test,5152b,68.4,3.0,45719,45816,30,66,4,"[30, 45, 57, 66]",98,"[1, 1, 1, 1, 1, 1, 1, 1, 1, 1, 1, 1, 1, 1, 1, 1, 1, 1, 1, 1, 1, 1, 1, 1, 1, 1, 1, 1, 1, 1, 1, 15, 15, 15, 15, 15, 15, 15, 15, 15, 15, 15, 15, 15, 15, 15, 30, 30, 30, 30, 30, 30, 30, 30, 30, 30, 30, 30, 15, 15, 15, 15, 15, 15, 15, 15, 15, 36, 36, 36, 36, 36, 36, 36, 36, 36, 36, 36, 36, 36, 36, 36, 36, 36, 36, 36, 36, 36, 36, 36, 36, 36, 36, 36, 36, 36, 36, 36]","[7.0, 7.5, 8.0, 8.0, 7.5]","[7.0, 7.5]","[8.0, 8.0, 7.5]",rgb/live/Synchro_014/19,98,045719.jpg,045816.jpg,rgb/replay1/Synchro_014/19,252,046365.jpg,046616.jpg,masks/live/Synchro_014/19,98,True,,0,False,unknown_existing_segmentation_output,[],masks/replay1/Synchro_014/19,predicted_input,True
2.0,Synchro_014/20,Synchro_014,20,test,5152b,57.6,3.0,47282,47382,28,65,4,"[28, 43, 55, 65]",101,"[1, 1, 1, 1, 1, 1, 1, 1, 1, 1, 1, 1, 1, 1, 1, 1, 1, 1, 1, 1, 1, 1, 1, 1, 1, 1, 1, 1, 1, 15, 15, 15, 15, 15, 15, 15, 15, 15, 15, 15, 15, 15, 15, 15, 30, 30, 30, 30, 30, 30, 30, 30, 30, 30, 30, 30, 15, 15, 15, 15, 15, 15, 15, 15, 15, 15, 36, 36, 36, 36, 36, 36, 36, 36, 36, 36, 36, 36, 36, 36, 36, 36, 36, 36, 36, 36, 36, 36, 36, 36, 36, 36, 36, 36, 36, 36, 36, 36, 36, 36, 36]","[6.5, 6.0, 6.0, 7.0, 6.5]","[6.5, 6.0]","[6.0, 7.0, 6.5]",rgb/live/Synchro_014/20,101,047282.jpg,047382.jpg,rgb/replay1/Synchro_014/20,140,047649.jpg,047788.jpg,masks/live/Synchro_014/20,101,True,,0,False,unknown_existing_segmentation_output,[],masks/replay1/Synchro_014/20,predicted_input,True
2.0,Synchro_014/21,Synchro_014,21,train,107b,79.98,3.1,50118,50215,31,68,2,"[31, 68]",98,"[1, 1, 1, 1, 1, 1, 1, 1, 1, 1, 1, 1, 1, 1, 1, 1, 1, 1, 1, 1, 1, 1, 1, 1, 1, 1, 1, 1, 1, 1, 1, 1, 17, 17, 17, 17, 17, 17, 17, 17, 17, 17, 17, 17, 17, 17, 17, 17, 17, 17, 17, 17, 17, 17, 17, 17, 17, 17, 17, 17, 17, 17, 17, 17, 17, 17, 17, 17, 17, 36, 36, 36, 36, 36, 36, 36, 36, 36, 36, 36, 36, 36, 36, 36, 36, 36, 36, 36, 36, 36, 36, 36, 36, 36, 36, 36, 36, 36]","[9.0, 8.5, 8.5, 8.5, 8.5]","[9.0, 8.5]","[8.5, 8.5, 8.5]",rgb/live/Synchro_014/21,98,050118.jpg,050215.jpg,rgb/replay1/Synchro_014/21,274,050616.jpg,050889.jpg,masks/live/Synchro_014/21,98,True,,0,False,unknown_existing_segmentation_output,[],masks/replay1/Synchro_014/21,predicted_input,True
2.0,Synchro_014/22,Synchro_014,22,train,107b,72.54,3.1,52088,52189,32,69,2,"[32, 69]",102,"[1, 1, 1, 1, 1, 1, 1, 1, 1, 1, 1, 1, 1, 1, 1, 1, 1, 1, 1, 1, 1, 1, 1, 1, 1, 1, 1, 1, 1, 1, 1, 1, 1, 17, 17, 17, 17, 17, 17, 17, 17, 17, 17, 17, 17, 17, 17, 17, 17, 17, 17, 17, 17, 17, 17, 17, 17, 17, 17, 17, 17, 17, 17, 17, 17, 17, 17, 17, 17, 17, 36, 36, 36, 36, 36, 36, 36, 36, 36, 36, 36, 36, 36, 36, 36, 36, 36, 36, 36, 36, 36, 36, 36, 36, 36, 36, 36, 36, 36, 36, 36, 36]","[7.5, 7.5, 8.0, 8.0, 8.0]","[7.5, 7.5]","[8.0, 8.0, 8.0]",rgb/live/Synchro_014/22,102,052088.jpg,052189.jpg,rgb/replay1/Synchro_014/22,268,052393.jpg,052660.jpg,masks/live/Synchro_014/22,102,True,,0,False,unknown_existing_segmentation_output,[],masks/replay1/Synchro_014/22,predicted_input,True
2.0,Synchro_014/23,Synchro_014,23,test,405b,71.1,3.0,54021,54116,24,54,2,"[24, 54]",96,"[4, 4, 4, 4, 4, 4, 4, 4, 4, 4, 4, 4, 4, 4, 4, 4, 4, 4, 4, 4, 4, 4, 4, 4, 4, 15, 15, 15, 15, 15, 15, 15, 15, 15, 15, 15, 15, 15, 15, 15, 15, 15, 15, 15, 15, 15, 15, 15, 15, 15, 15, 15, 15, 15, 15, 36, 36, 36, 36, 36, 36, 36, 36, 36, 36, 36, 36, 36, 36, 36, 36, 36, 36, 36, 36, 36, 36, 36, 36, 36, 36, 36, 36, 36, 36, 36, 36, 36, 36, 36, 36, 36, 36, 36, 36, 36]","[7.5, 8.0, 8.0, 8.0, 8.0]","[7.5, 8.0]","[8.0, 8.0, 8.0]",rgb/live/Synchro_014/23,96,054021.jpg,054116.jpg,rgb/replay1/Synchro_014/23,134,054283.jpg,054416.jpg,masks/live/Synchro_014/23,96,True,,0,False,unknown_existing_segmentation_output,[],masks/replay1/Synchro_014/23,predicted_input,True
2.0,Synchro_014/24,Synchro_014,24,train,107b,67.89,3.1,55575,55674,31,68,2,"[31, 68]",100,"[1, 1, 1, 1, 1, 1, 1, 1, 1, 1, 1, 1, 1, 1, 1, 1, 1, 1, 1, 1, 1, 1, 1, 1, 1, 1, 1, 1, 1, 1, 1, 1, 17, 17, 17, 17, 17, 17, 17, 17, 17, 17, 17, 17, 17, 17, 17, 17, 17, 17, 17, 17, 17, 17, 17, 17, 17, 17, 17, 17, 17, 17, 17, 17, 17, 17, 17, 17, 17, 36, 36, 36, 36, 36, 36, 36, 36, 36, 36, 36, 36, 36, 36, 36, 36, 36, 36, 36, 36, 36, 36, 36, 36, 36, 36, 36, 36, 36, 36, 36]","[7.5, 6.5, 7.5, 7.5, 7.5]","[7.5, 6.5]","[7.5, 7.5, 7.5]",rgb/live/Synchro_014/24,100,055575.jpg,055674.jpg,rgb/replay1/Synchro_014/24,256,055874.jpg,056129.jpg,masks/live/Synchro_014/24,100,True,,0,False,unknown_existing_segmentation_output,[],masks/replay1/Synchro_014/24,predicted_input,True
2.0,Synchro_014/25,Synchro_014,25,train,205c,51.24,2.8,57202,57319,49,80,2,"[49, 80]",118,"[2, 2, 2, 2, 2, 2, 2, 2, 2, 2, 2, 2, 2, 2, 2, 2, 2, 2, 2, 2, 2, 2, 2, 2, 2, 2, 2, 2, 2, 2, 2, 2, 2, 2, 2, 2, 2, 2, 2, 2, 2, 2, 2, 2, 2, 2, 2, 2, 2, 2, 23, 23, 23, 23, 23, 23, 23, 23, 23, 23, 23, 23, 23, 23, 23, 23, 23, 23, 23, 23, 23, 23, 23, 23, 23, 23, 23, 23, 23, 23, 23, 36, 36, 36, 36, 36, 36, 36, 36, 36, 36, 36, 36, 36, 36, 36, 36, 36, 36, 36, 36, 36, 36, 36, 36, 36, 36, 36, 36, 36, 36, 36, 36, 36, 36, 36, 36, 36]","[6.5, 4.5, 6.5, 6.5, 6.5]","[6.5, 4.5]","[6.5, 6.5, 6.5]",rgb/live/Synchro_014/25,118,057202.jpg,057319.jpg,rgb/replay1/Synchro_014/25,260,057470.jpg,057729.jpg,masks/live/Synchro_014/25,118,True,,0,False,unknown_existing_segmentation_output,[],masks/replay1/Synchro_014/25,predicted_input,True
2.0,Synchro_014/26,Synchro_014,26,train,107b,74.4,3.1,58717,58819,33,71,2,"[33, 71]",103,"[1, 1, 1, 1, 1, 1, 1, 1, 1, 1, 1, 1, 1, 1, 1, 1, 1, 1, 1, 1, 1, 1, 1, 1, 1, 1, 1, 1, 1, 1, 1, 1, 1, 1, 17, 17, 17, 17, 17, 17, 17, 17, 17, 17, 17, 17, 17, 17, 17, 17, 17, 17, 17, 17, 17, 17, 17, 17, 17, 17, 17, 17, 17, 17, 17, 17, 17, 17, 17, 17, 17, 17, 36, 36, 36, 36, 36, 36, 36, 36, 36, 36, 36, 36, 36, 36, 36, 36, 36, 36, 36, 36, 36, 36, 36, 36, 36, 36, 36, 36, 36, 36, 36]","[8.0, 8.0, 8.0, 8.0, 8.0]","[8.0, 8.0]","[8.0, 8.0, 8.0]",rgb/live/Synchro_014/26,103,058717.jpg,058819.jpg,rgb/replay1/Synchro_014/26,135,059033.jpg,059167.jpg,masks/live/Synchro_014/26,103,True,,0,False,unknown_existing_segmentation_output,[],masks/replay1/Synchro_014/26,predicted_input,True
2.0,Synchro_014/27,Synchro_014,27,test,107b,68.82,3.1,60165,60270,32,68,2,"[32, 68]",106,"[1, 1, 1, 1, 1, 1, 1, 1, 1, 1, 1, 1, 1, 1, 1, 1, 1, 1, 1, 1, 1, 1, 1, 1, 1, 1, 1, 1, 1, 1, 1, 1, 1, 17, 17, 17, 17, 17, 17, 17, 17, 17, 17, 17, 17, 17, 17, 17, 17, 17, 17, 17, 17, 17, 17, 17, 17, 17, 17, 17, 17, 17, 17, 17, 17, 17, 17, 17, 17, 36, 36, 36, 36, 36, 36, 36, 36, 36, 36, 36, 36, 36, 36, 36, 36, 36, 36, 36, 36, 36, 36, 36, 36, 36, 36, 36, 36, 36, 36, 36, 36, 36, 36, 36, 36, 36]","[7.0, 7.5, 7.5, 7.5, 7.5]","[7.0, 7.5]","[7.5, 7.5, 7.5]",rgb/live/Synchro_014/27,106,060165.jpg,060270.jpg,rgb/replay1/Synchro_014/27,267,060796.jpg,061062.jpg,masks/live/Synchro_014/27,106,True,,0,False,unknown_existing_segmentation_output,[],masks/replay1/Synchro_014/27,predicted_input,True
2.0,Synchro_014/28,Synchro_014,28,train,107b,54.87,3.1,61842,61947,28,65,2,"[28, 65]",106,"[1, 1, 1, 1, 1, 1, 1, 1, 1, 1, 1, 1, 1, 1, 1, 1, 1, 1, 1, 1, 1, 1, 1, 1, 1, 1, 1, 1, 1, 17, 17, 17, 17, 17, 17, 17, 17, 17, 17, 17, 17, 17, 17, 17, 17, 17, 17, 17, 17, 17, 17, 17, 17, 17, 17, 17, 17, 17, 17, 17, 17, 17, 17, 17, 17, 17, 36, 36, 36, 36, 36, 36, 36, 36, 36, 36, 36, 36, 36, 36, 36, 36, 36, 36, 36, 36, 36, 36, 36, 36, 36, 36, 36, 36, 36, 36, 36, 36, 36, 36, 36, 36, 36, 36, 36, 36]","[6.5, 4.0, 6.5, 6.0, 6.5]","[6.5, 4.0]","[6.5, 6.0, 6.5]",rgb/live/Synchro_014/28,106,061842.jpg,061947.jpg,rgb/replay1/Synchro_014/28,264,062429.jpg,062692.jpg,masks/live/Synchro_014/28,106,True,,0,False,unknown_existing_segmentation_output,[],masks/replay1/Synchro_014/28,predicted_input,True
2.0,Synchro_014/29,Synchro_014,29,train,5152b,76.5,3.0,64492,64595,32,69,4,"[32, 46, 59, 69]",104,"[1, 1, 1, 1, 1, 1, 1, 1, 1, 1, 1, 1, 1, 1, 1, 1, 1, 1, 1, 1, 1, 1, 1, 1, 1, 1, 1, 1, 1, 1, 1, 1, 1, 15, 15, 15, 15, 15, 15, 15, 15, 15, 15, 15, 15, 15, 15, 30, 30, 30, 30, 30, 30, 30, 30, 30, 30, 30, 30, 30, 15, 15, 15, 15, 15, 15, 15, 15, 15, 15, 36, 36, 36, 36, 36, 36, 36, 36, 36, 36, 36, 36, 36, 36, 36, 36, 36, 36, 36, 36, 36, 36, 36, 36, 36, 36, 36, 36, 36, 36, 36, 36, 36, 36]","[8.5, 8.5, 8.5, 8.5, 8.5]","[8.5, 8.5]","[8.5, 8.5, 8.5]",rgb/live/Synchro_014/29,104,064492.jpg,064595.jpg,rgb/replay1/Synchro_014/29,267,065305.jpg,065571.jpg,masks/live/Synchro_014/29,104,True,,0,False,unknown_existing_segmentation_output,[],masks/replay1/Synchro_014/29,predicted_input,True
2.0,Synchro_014/30,Synchro_014,30,train,5152b,70.2,3.0,67471,67570,30,66,4,"[30, 45, 57, 66]",100,"[1, 1, 1, 1, 1, 1, 1, 1, 1, 1, 1, 1, 1, 1, 1, 1, 1, 1, 1, 1, 1, 1, 1, 1, 1, 1, 1, 1, 1, 1, 1, 15, 15, 15, 15, 15, 15, 15, 15, 15, 15, 15, 15, 15, 15, 15, 30, 30, 30, 30, 30, 30, 30, 30, 30, 30, 30, 30, 15, 15, 15, 15, 15, 15, 15, 15, 15, 36, 36, 36, 36, 36, 36, 36, 36, 36, 36, 36, 36, 36, 36, 36, 36, 36, 36, 36, 36, 36, 36, 36, 36, 36, 36, 36, 36, 36, 36, 36, 36, 36]","[7.5, 7.5, 8.0, 8.0, 8.0]","[7.5, 7.5]","[8.0, 8.0, 8.0]",rgb/live/Synchro_014/30,100,067471.jpg,067570.jpg,rgb/replay1/Synchro_014/30,235,068046.jpg,068280.jpg,masks/live/Synchro_014/30,100,True,,0,False,unknown_existing_segmentation_output,[],masks/replay1/Synchro_014/30,predicted_input,True
2.0,Synchro_014/31,Synchro_014,31,train,107b,70.68,3.1,69819,69921,33,69,2,"[33, 69]",103,"[1, 1, 1, 1, 1, 1, 1, 1, 1, 1, 1, 1, 1, 1, 1, 1, 1, 1, 1, 1, 1, 1, 1, 1, 1, 1, 1, 1, 1, 1, 1, 1, 1, 1, 17, 17, 17, 17, 17, 17, 17, 17, 17, 17, 17, 17, 17, 17, 17, 17, 17, 17, 17, 17, 17, 17, 17, 17, 17, 17, 17, 17, 17, 17, 17, 17, 17, 17, 17, 17, 36, 36, 36, 36, 36, 36, 36, 36, 36, 36, 36, 36, 36, 36, 36, 36, 36, 36, 36, 36, 36, 36, 36, 36, 36, 36, 36, 36, 36, 36, 36, 36, 36]","[7.5, 7.5, 7.5, 7.5, 8.0]","[7.5, 7.5]","[7.5, 7.5, 8.0]",rgb/live/Synchro_014/31,103,069819.jpg,069921.jpg,rgb/replay1/Synchro_014/31,268,070503.jpg,070770.jpg,masks/live/Synchro_014/31,103,True,,0,False,unknown_existing_segmentation_output,[],masks/replay1/Synchro_014/31,predicted_input,True
2.0,Synchro_014/32,Synchro_014,32,validation,305b,59.4,3.0,72069,72170,32,67,2,"[32, 67]",102,"[3, 3, 3, 3, 3, 3, 3, 3, 3, 3, 3, 3, 3, 3, 3, 3, 3, 3, 3, 3, 3, 3, 3, 3, 3, 3, 3, 3, 3, 3, 3, 3, 3, 15, 15, 15, 15, 15, 15, 15, 15, 15, 15, 15, 15, 15, 15, 15, 15, 15, 15, 15, 15, 15, 15, 15, 15, 15, 15, 15, 15, 15, 15, 15, 15, 15, 15, 15, 36, 36, 36, 36, 36, 36, 36, 36, 36, 36, 36, 36, 36, 36, 36, 36, 36, 36, 36, 36, 36, 36, 36, 36, 36, 36, 36, 36, 36, 36, 36, 36, 36, 36]","[6.5, 6.0, 6.5, 7.0, 7.0]","[6.5, 6.0]","[6.5, 7.0, 7.0]",rgb/live/Synchro_014/32,102,072069.jpg,072170.jpg,rgb/replay1/Synchro_014/32,234,072457.jpg,072690.jpg,masks/live/Synchro_014/32,102,True,,0,False,unknown_existing_segmentation_output,[],masks/replay1/Synchro_014/32,predicted_input,True
2.0,Synchro_014/33,Synchro_014,33,train,405c,54.27,2.7,74200,74295,26,56,2,"[26, 56]",96,"[4, 4, 4, 4, 4, 4, 4, 4, 4, 4, 4, 4, 4, 4, 4, 4, 4, 4, 4, 4, 4, 4, 4, 4, 4, 4, 4, 23, 23, 23, 23, 23, 23, 23, 23, 23, 23, 23, 23, 23, 23, 23, 23, 23, 23, 23, 23, 23, 23, 23, 23, 23, 23, 23, 23, 23, 23, 36, 36, 36, 36, 36, 36, 36, 36, 36, 36, 36, 36, 36, 36, 36, 36, 36, 36, 36, 36, 36, 36, 36, 36, 36, 36, 36, 36, 36, 36, 36, 36, 36, 36, 36, 36, 36, 36, 36]","[6.5, 6.0, 7.0, 7.0, 7.0]","[6.5, 6.0]","[7.0, 7.0, 7.0]",rgb/live/Synchro_014/33,96,074200.jpg,074295.jpg,rgb/replay1/Synchro_014/33,123,074769.jpg,074891.jpg,masks/live/Synchro_014/33,96,True,,0,False,unknown_existing_segmentation_output,[],masks/replay1/Synchro_014/33,predicted_input,True
2.0,Synchro_014/34,Synchro_014,34,test,5152b,48.6,3.0,76061,76167,33,70,4,"[33, 45, 61, 70]",107,"[1, 1, 1, 1, 1, 1, 1, 1, 1, 1, 1, 1, 1, 1, 1, 1, 1, 1, 1, 1, 1, 1, 1, 1, 1, 1, 1, 1, 1, 1, 1, 1, 1, 1, 15, 15, 15, 15, 15, 15, 15, 15, 15, 15, 15, 15, 30, 30, 30, 30, 30, 30, 30, 30, 30, 30, 30, 30, 30, 30, 30, 30, 15, 15, 15, 15, 15, 15, 15, 15, 15, 36, 36, 36, 36, 36, 36, 36, 36, 36, 36, 36, 36, 36, 36, 36, 36, 36, 36, 36, 36, 36, 36, 36, 36, 36, 36, 36, 36, 36, 36, 36, 36, 36, 36, 36, 36]","[4.0, 8.0, 5.5, 4.5, 5.0]","[4.0, 8.0]","[5.5, 4.5, 5.0]",rgb/live/Synchro_014/34,107,076061.jpg,076167.jpg,rgb/replay1/Synchro_014/34,288,076405.jpg,076692.jpg,masks/live/Synchro_014/34,107,True,,0,False,unknown_existing_segmentation_output,[],masks/replay1/Synchro_014/34,predicted_input,True
2.0,Synchro_014/35,Synchro_014,35,validation,205b,62.1,3.0,78448,78543,25,57,2,"[25, 57]",96,"[2, 2, 2, 2, 2, 2, 2, 2, 2, 2, 2, 2, 2, 2, 2, 2, 2, 2, 2, 2, 2, 2, 2, 2, 2, 2, 15, 15, 15, 15, 15, 15, 15, 15, 15, 15, 15, 15, 15, 15, 15, 15, 15, 15, 15, 15, 15, 15, 15, 15, 15, 15, 15, 15, 15, 15, 15, 15, 36, 36, 36, 36, 36, 36, 36, 36, 36, 36, 36, 36, 36, 36, 36, 36, 36, 36, 36, 36, 36, 36, 36, 36, 36, 36, 36, 36, 36, 36, 36, 36, 36, 36, 36, 36, 36, 36]","[7.0, 6.5, 7.0, 7.0, 7.0]","[7.0, 6.5]","[7.0, 7.0, 7.0]",rgb/live/Synchro_014/35,96,078448.jpg,078543.jpg,rgb/replay1/Synchro_014/35,208,078679.jpg,078886.jpg,masks/live/Synchro_014/35,96,True,,0,False,unknown_existing_segmentation_output,[],masks/replay1/Synchro_014/35,predicted_input,True
2.0,Synchro_015/0,Synchro_015,0,train,401b,53.4,2.0,13882,13984,15,52,2,"[15, 52]",103,"[4, 4, 4, 4, 4, 4, 4, 4, 4, 4, 4, 4, 4, 4, 4, 4, 37, 37, 37, 37, 37, 37, 37, 37, 37, 37, 37, 37, 37, 37, 37, 37, 37, 37, 37, 37, 37, 37, 37, 37, 37, 37, 37, 37, 37, 37, 37, 37, 37, 37, 37, 37, 37, 36, 36, 36, 36, 36, 36, 36, 36, 36, 36, 36, 36, 36, 36, 36, 36, 36, 36, 36, 36, 36, 36, 36, 36, 36, 36, 36, 36, 36, 36, 36, 36, 36, 36, 36, 36, 36, 36, 36, 36, 36, 36, 36, 36, 36, 36, 36, 36, 36, 36]","[8.5, 9.0, 9.0, 9.0, 9.0]","[8.5, 9.0]","[9.0, 9.0, 9.0]",rgb/live/Synchro_015/0,103,013882.jpg,013984.jpg,rgb/replay1/Synchro_015/0,124,014357.jpg,014480.jpg,masks/live/Synchro_015/0,103,True,,0,False,unknown_existing_segmentation_output,[],masks/replay1/Synchro_015/0,predicted_input,True
2.0,Synchro_015/1,Synchro_015,1,validation,201b,48.6,2.0,15434,15535,27,65,2,"[27, 65]",102,"[2, 2, 2, 2, 2, 2, 2, 2, 2, 2, 2, 2, 2, 2, 2, 2, 2, 2, 2, 2, 2, 2, 2, 2, 2, 2, 2, 2, 37, 37, 37, 37, 37, 37, 37, 37, 37, 37, 37, 37, 37, 37, 37, 37, 37, 37, 37, 37, 37, 37, 37, 37, 37, 37, 37, 37, 37, 37, 37, 37, 37, 37, 37, 37, 37, 37, 36, 36, 36, 36, 36, 36, 36, 36, 36, 36, 36, 36, 36, 36, 36, 36, 36, 36, 36, 36, 36, 36, 36, 36, 36, 36, 36, 36, 36, 36, 36, 36, 36, 36, 36, 36]","[7.5, 8.5, 8.5, 8.0, 8.0]","[7.5, 8.5]","[8.5, 8.0, 8.0]",rgb/live/Synchro_015/1,102,015434.jpg,015535.jpg,rgb/replay1/Synchro_015/1,241,015949.jpg,016189.jpg,masks/live/Synchro_015/1,102,True,,0,False,unknown_existing_segmentation_output,[],masks/replay1/Synchro_015/1,predicted_input,True
2.0,Synchro_015/2,Synchro_015,2,train,101b,50.4,2.0,17337,17432,14,50,2,"[14, 50]",96,"[1, 1, 1, 1, 1, 1, 1, 1, 1, 1, 1, 1, 1, 1, 1, 37, 37, 37, 37, 37, 37, 37, 37, 37, 37, 37, 37, 37, 37, 37, 37, 37, 37, 37, 37, 37, 37, 37, 37, 37, 37, 37, 37, 37, 37, 37, 37, 37, 37, 37, 37, 36, 36, 36, 36, 36, 36, 36, 36, 36, 36, 36, 36, 36, 36, 36, 36, 36, 36, 36, 36, 36, 36, 36, 36, 36, 36, 36, 36, 36, 36, 36, 36, 36, 36, 36, 36, 36, 36, 36, 36, 36, 36, 36, 36, 36]","[8.5, 8.0, 8.5, 8.5, 8.5]","[8.5, 8.0]","[8.5, 8.5, 8.5]",rgb/live/Synchro_015/2,96,017337.jpg,017432.jpg,rgb/replay1/Synchro_015/2,105,017867.jpg,017971.jpg,masks/live/Synchro_015/2,96,True,,0,False,unknown_existing_segmentation_output,[],masks/replay1/Synchro_015/2,predicted_input,True
2.0,Synchro_015/3,Synchro_015,3,test,403b,53.4,2.0,20694,20789,17,55,2,"[17, 55]",96,"[4, 4, 4, 4, 4, 4, 4, 4, 4, 4, 4, 4, 4, 4, 4, 4, 4, 4, 13, 13, 13, 13, 13, 13, 13, 13, 13, 13, 13, 13, 13, 13, 13, 13, 13, 13, 13, 13, 13, 13, 13, 13, 13, 13, 13, 13, 13, 13, 13, 13, 13, 13, 13, 13, 13, 13, 36, 36, 36, 36, 36, 36, 36, 36, 36, 36, 36, 36, 36, 36, 36, 36, 36, 36, 36, 36, 36, 36, 36, 36, 36, 36, 36, 36, 36, 36, 36, 36, 36, 36, 36, 36, 36, 36, 36, 36]","[9.0, 8.5, 9.0, 9.0, 9.0]","[9.0, 8.5]","[9.0, 9.0, 9.0]",rgb/live/Synchro_015/3,96,020694.jpg,020789.jpg,rgb/replay1/Synchro_015/3,218,021290.jpg,021507.jpg,masks/live/Synchro_015/3,96,True,,0,False,unknown_existing_segmentation_output,[],masks/replay1/Synchro_015/3,predicted_input,True
2.0,Synchro_015/4,Synchro_015,4,train,401b,48.0,2.0,24510,24605,16,48,2,"[16, 48]",96,"[4, 4, 4, 4, 4, 4, 4, 4, 4, 4, 4, 4, 4, 4, 4, 4, 4, 37, 37, 37, 37, 37, 37, 37, 37, 37, 37, 37, 37, 37, 37, 37, 37, 37, 37, 37, 37, 37, 37, 37, 37, 37, 37, 37, 37, 37, 37, 37, 37, 36, 36, 36, 36, 36, 36, 36, 36, 36, 36, 36, 36, 36, 36, 36, 36, 36, 36, 36, 36, 36, 36, 36, 36, 36, 36, 36, 36, 36, 36, 36, 36, 36, 36, 36, 36, 36, 36, 36, 36, 36, 36, 36, 36, 36, 36, 36]","[8.0, 8.0, 8.0, 8.0, 8.0]","[8.0, 8.0]","[8.0, 8.0, 8.0]",rgb/live/Synchro_015/4,96,024510.jpg,024605.jpg,rgb/replay1/Synchro_015/4,197,025022.jpg,025218.jpg,masks/live/Synchro_015/4,96,True,,0,False,unknown_existing_segmentation_output,[],masks/replay1/Synchro_015/4,predicted_input,True
2.0,Synchro_015/5,Synchro_015,5,train,201b,51.6,2.0,28714,28814,25,62,2,"[25, 62]",101,"[2, 2, 2, 2, 2, 2, 2, 2, 2, 2, 2, 2, 2, 2, 2, 2, 2, 2, 2, 2, 2, 2, 2, 2, 2, 2, 37, 37, 37, 37, 37, 37, 37, 37, 37, 37, 37, 37, 37, 37, 37, 37, 37, 37, 37, 37, 37, 37, 37, 37, 37, 37, 37, 37, 37, 37, 37, 37, 37, 37, 37, 37, 37, 36, 36, 36, 36, 36, 36, 36, 36, 36, 36, 36, 36, 36, 36, 36, 36, 36, 36, 36, 36, 36, 36, 36, 36, 36, 36, 36, 36, 36, 36, 36, 36, 36, 36, 36, 36, 36, 36]","[8.0, 9.0, 9.0, 8.5, 8.5]","[8.0, 9.0]","[9.0, 8.5, 8.5]",rgb/live/Synchro_015/5,101,028714.jpg,028814.jpg,rgb/replay1/Synchro_015/5,103,029289.jpg,029391.jpg,masks/live/Synchro_015/5,101,True,,0,False,unknown_existing_segmentation_output,[],masks/replay1/Synchro_015/5,predicted_input,True
2.0,Synchro_015/6,Synchro_015,6,test,5231d,51.6,2.0,34992,35087,11,50,3,"[11, 26, 50]",96,"[2, 2, 2, 2, 2, 2, 2, 2, 2, 2, 2, 2, 29, 29, 29, 29, 29, 29, 29, 29, 29, 29, 29, 29, 29, 29, 29, 13, 13, 13, 13, 13, 13, 13, 13, 13, 13, 13, 13, 13, 13, 13, 13, 13, 13, 13, 13, 13, 13, 13, 13, 36, 36, 36, 36, 36, 36, 36, 36, 36, 36, 36, 36, 36, 36, 36, 36, 36, 36, 36, 36, 36, 36, 36, 36, 36, 36, 36, 36, 36, 36, 36, 36, 36, 36, 36, 36, 36, 36, 36, 36, 36, 36, 36, 36, 36]","[8.0, 8.5, 8.5, 9.0, 9.0]","[8.0, 8.5]","[8.5, 9.0, 9.0]",rgb/live/Synchro_015/6,96,034992.jpg,035087.jpg,rgb/replay1/Synchro_015/6,128,035586.jpg,035713.jpg,masks/live/Synchro_015/6,96,True,,0,False,unknown_existing_segmentation_output,[],masks/replay1/Synchro_015/6,predicted_input,True
2.0,Synchro_015/7,Synchro_015,7,train,5231d,45.0,2.0,38710,38817,21,56,3,"[21, 37, 56]",108,"[2, 2, 2, 2, 2, 2, 2, 2, 2, 2, 2, 2, 2, 2, 2, 2, 2, 2, 2, 2, 2, 2, 29, 29, 29, 29, 29, 29, 29, 29, 29, 29, 29, 29, 29, 29, 29, 29, 13, 13, 13, 13, 13, 13, 13, 13, 13, 13, 13, 13, 13, 13, 13, 13, 13, 13, 13, 36, 36, 36, 36, 36, 36, 36, 36, 36, 36, 36, 36, 36, 36, 36, 36, 36, 36, 36, 36, 36, 36, 36, 36, 36, 36, 36, 36, 36, 36, 36, 36, 36, 36, 36, 36, 36, 36, 36, 36, 36, 36, 36, 36, 36, 36, 36, 36, 36, 36, 36]","[7.0, 8.0, 7.5, 7.5, 7.5]","[7.0, 8.0]","[7.5, 7.5, 7.5]",rgb/live/Synchro_015/7,108,038710.jpg,038817.jpg,rgb/replay1/Synchro_015/7,263,039369.jpg,039631.jpg,masks/live/Synchro_015/7,108,True,,0,False,unknown_existing_segmentation_output,[],masks/replay1/Synchro_015/7,predicted_input,True
2.0,Synchro_015/8,Synchro_015,8,train,407c,74.88,3.2,47826,47921,26,65,2,"[26, 65]",96,"[4, 4, 4, 4, 4, 4, 4, 4, 4, 4, 4, 4, 4, 4, 4, 4, 4, 4, 4, 4, 4, 4, 4, 4, 4, 4, 4, 25, 25, 25, 25, 25, 25, 25, 25, 25, 25, 25, 25, 25, 25, 25, 25, 25, 25, 25, 25, 25, 25, 25, 25, 25, 25, 25, 25, 25, 25, 25, 25, 25, 25, 25, 25, 25, 25, 25, 36, 36, 36, 36, 36, 36, 36, 36, 36, 36, 36, 36, 36, 36, 36, 36, 36, 36, 36, 36, 36, 36, 36, 36, 36, 36, 36, 36, 36, 36]","[7.0, 7.5, 8.0, 8.0, 8.5]","[7.0, 7.5]","[8.0, 8.0, 8.5]",rgb/live/Synchro_015/8,96,047826.jpg,047921.jpg,rgb/replay1/Synchro_015/8,198,048403.jpg,048600.jpg,masks/live/Synchro_015/8,96,True,,0,False,unknown_existing_segmentation_output,[],masks/replay1/Synchro_015/8,predicted_input,True
2.0,Synchro_015/9,Synchro_015,9,train,107b,62.1,3.0,53009,53111,17,57,2,"[17, 57]",103,"[1, 1, 1, 1, 1, 1, 1, 1, 1, 1, 1, 1, 1, 1, 1, 1, 1, 1, 17, 17, 17, 17, 17, 17, 17, 17, 17, 17, 17, 17, 17, 17, 17, 17, 17, 17, 17, 17, 17, 17, 17, 17, 17, 17, 17, 17, 17, 17, 17, 17, 17, 17, 17, 17, 17, 17, 17, 17, 36, 36, 36, 36, 36, 36, 36, 36, 36, 36, 36, 36, 36, 36, 36, 36, 36, 36, 36, 36, 36, 36, 36, 36, 36, 36, 36, 36, 36, 36, 36, 36, 36, 36, 36, 36, 36, 36, 36, 36, 36, 36, 36, 36, 36]","[7.0, 6.5, 7.0, 7.0, 7.0]","[7.0, 6.5]","[7.0, 7.0, 7.0]",rgb/live/Synchro_015/9,103,053009.jpg,053111.jpg,rgb/replay1/Synchro_015/9,127,053620.jpg,053746.jpg,masks/live/Synchro_015/9,103,True,,0,False,unknown_existing_segmentation_output,[],masks/replay1/Synchro_015/9,predicted_input,True
2.0,Synchro_015/10,Synchro_015,10,train,407c,72.96,3.2,55373,55468,25,63,2,"[25, 63]",96,"[4, 4, 4, 4, 4, 4, 4, 4, 4, 4, 4, 4, 4, 4, 4, 4, 4, 4, 4, 4, 4, 4, 4, 4, 4, 4, 25, 25, 25, 25, 25, 25, 25, 25, 25, 25, 25, 25, 25, 25, 25, 25, 25, 25, 25, 25, 25, 25, 25, 25, 25, 25, 25, 25, 25, 25, 25, 25, 25, 25, 25, 25, 25, 25, 36, 36, 36, 36, 36, 36, 36, 36, 36, 36, 36, 36, 36, 36, 36, 36, 36, 36, 36, 36, 36, 36, 36, 36, 36, 36, 36, 36, 36, 36, 36, 36]","[8.0, 7.0, 8.0, 7.5, 7.5]","[8.0, 7.0]","[8.0, 7.5, 7.5]",rgb/live/Synchro_015/10,96,055373.jpg,055468.jpg,rgb/replay1/Synchro_015/10,208,055885.jpg,056092.jpg,masks/live/Synchro_015/10,96,True,,0,False,unknown_existing_segmentation_output,[],masks/replay1/Synchro_015/10,predicted_input,True
2.0,Synchro_015/11,Synchro_015,11,test,407c,76.8,3.2,58717,58812,19,56,2,"[19, 56]",96,"[4, 4, 4, 4, 4, 4, 4, 4, 4, 4, 4, 4, 4, 4, 4, 4, 4, 4, 4, 4, 25, 25, 25, 25, 25, 25, 25, 25, 25, 25, 25, 25, 25, 25, 25, 25, 25, 25, 25, 25, 25, 25, 25, 25, 25, 25, 25, 25, 25, 25, 25, 25, 25, 25, 25, 25, 25, 36, 36, 36, 36, 36, 36, 36, 36, 36, 36, 36, 36, 36, 36, 36, 36, 36, 36, 36, 36, 36, 36, 36, 36, 36, 36, 36, 36, 36, 36, 36, 36, 36, 36, 36, 36, 36, 36, 36]","[7.5, 8.5, 8.0, 8.0, 8.0]","[7.5, 8.5]","[8.0, 8.0, 8.0]",rgb/live/Synchro_015/11,96,058717.jpg,058812.jpg,rgb/replay1/Synchro_015/11,197,059241.jpg,059437.jpg,masks/live/Synchro_015/11,96,True,,0,False,unknown_existing_segmentation_output,[],masks/replay1/Synchro_015/11,predicted_input,True
2.0,Synchro_015/12,Synchro_015,12,train,207c,66.33,3.3,62505,62601,14,55,2,"[14, 55]",97,"[2, 2, 2, 2, 2, 2, 2, 2, 2, 2, 2, 2, 2, 2, 2, 25, 25, 25, 25, 25, 25, 25, 25, 25, 25, 25, 25, 25, 25, 25, 25, 25, 25, 25, 25, 25, 25, 25, 25, 25, 25, 25, 25, 25, 25, 25, 25, 25, 25, 25, 25, 25, 25, 25, 25, 25, 36, 36, 36, 36, 36, 36, 36, 36, 36, 36, 36, 36, 36, 36, 36, 36, 36, 36, 36, 36, 36, 36, 36, 36, 36, 36, 36, 36, 36, 36, 36, 36, 36, 36, 36, 36, 36, 36, 36, 36, 36]","[5.0, 7.5, 7.0, 7.0, 7.0]","[5.0, 7.5]","[7.0, 7.0, 7.0]",rgb/live/Synchro_015/12,97,062505.jpg,062601.jpg,rgb/replay1/Synchro_015/12,238,063061.jpg,063298.jpg,masks/live/Synchro_015/12,97,True,,0,False,unknown_existing_segmentation_output,[],masks/replay1/Synchro_015/12,predicted_input,True
2.0,Synchro_015/13,Synchro_015,13,train,307c,95.88,3.4,65705,65800,11,52,2,"[11, 52]",96,"[3, 3, 3, 3, 3, 3, 3, 3, 3, 3, 3, 3, 25, 25, 25, 25, 25, 25, 25, 25, 25, 25, 25, 25, 25, 25, 25, 25, 25, 25, 25, 25, 25, 25, 25, 25, 25, 25, 25, 25, 25, 25, 25, 25, 25, 25, 25, 25, 25, 25, 25, 25, 25, 36, 36, 36, 36, 36, 36, 36, 36, 36, 36, 36, 36, 36, 36, 36, 36, 36, 36, 36, 36, 36, 36, 36, 36, 36, 36, 36, 36, 36, 36, 36, 36, 36, 36, 36, 36, 36, 36, 36, 36, 36, 36, 36]","[9.5, 9.0, 9.5, 9.5, 9.5]","[9.5, 9.0]","[9.5, 9.5, 9.5]",rgb/live/Synchro_015/13,96,065705.jpg,065800.jpg,rgb/replay1/Synchro_015/13,104,066423.jpg,066526.jpg,masks/live/Synchro_015/13,96,True,,0,False,unknown_existing_segmentation_output,[],masks/replay1/Synchro_015/13,predicted_input,True
2.0,Synchro_015/14,Synchro_015,14,validation,207c,39.6,3.3,67891,67992,21,63,2,"[21, 63]",102,"[2, 2, 2, 2, 2, 2, 2, 2, 2, 2, 2, 2, 2, 2, 2, 2, 2, 2, 2, 2, 2, 2, 25, 25, 25, 25, 25, 25, 25, 25, 25, 25, 25, 25, 25, 25, 25, 25, 25, 25, 25, 25, 25, 25, 25, 25, 25, 25, 25, 25, 25, 25, 25, 25, 25, 25, 25, 25, 25, 25, 25, 25, 25, 25, 36, 36, 36, 36, 36, 36, 36, 36, 36, 36, 36, 36, 36, 36, 36, 36, 36, 36, 36, 36, 36, 36, 36, 36, 36, 36, 36, 36, 36, 36, 36, 36, 36, 36, 36, 36, 36, 36]","[3.0, 3.5, 4.5, 4.5, 4.5]","[3.0, 3.5]","[4.5, 4.5, 4.5]",rgb/live/Synchro_015/14,102,067891.jpg,067992.jpg,rgb/replay1/Synchro_015/14,256,068558.jpg,068813.jpg,masks/live/Synchro_015/14,102,True,,0,False,unknown_existing_segmentation_output,[],masks/replay1/Synchro_015/14,predicted_input,True
2.0,Synchro_015/15,Synchro_015,15,test,109c,78.81,3.7,75867,75965,13,55,2,"[13, 55]",99,"[1, 1, 1, 1, 1, 1, 1, 1, 1, 1, 1, 1, 1, 1, 27, 27, 27, 27, 27, 27, 27, 27, 27, 27, 27, 27, 27, 27, 27, 27, 27, 27, 27, 27, 27, 27, 27, 27, 27, 27, 27, 27, 27, 27, 27, 27, 27, 27, 27, 27, 27, 27, 27, 27, 27, 27, 36, 36, 36, 36, 36, 36, 36, 36, 36, 36, 36, 36, 36, 36, 36, 36, 36, 36, 36, 36, 36, 36, 36, 36, 36, 36, 36, 36, 36, 36, 36, 36, 36, 36, 36, 36, 36, 36, 36, 36, 36, 36, 36]","[8.0, 6.5, 7.0, 7.0, 7.0]","[8.0, 6.5]","[7.0, 7.0, 7.0]",rgb/live/Synchro_015/15,99,075867.jpg,075965.jpg,rgb/replay1/Synchro_015/15,103,076448.jpg,076550.jpg,masks/live/Synchro_015/15,99,True,,0,False,unknown_existing_segmentation_output,[],masks/replay1/Synchro_015/15,predicted_input,True
2.0,Synchro_015/16,Synchro_015,16,train,307c,87.72,3.4,79009,79110,23,65,2,"[23, 65]",102,"[3, 3, 3, 3, 3, 3, 3, 3, 3, 3, 3, 3, 3, 3, 3, 3, 3, 3, 3, 3, 3, 3, 3, 3, 25, 25, 25, 25, 25, 25, 25, 25, 25, 25, 25, 25, 25, 25, 25, 25, 25, 25, 25, 25, 25, 25, 25, 25, 25, 25, 25, 25, 25, 25, 25, 25, 25, 25, 25, 25, 25, 25, 25, 25, 25, 25, 36, 36, 36, 36, 36, 36, 36, 36, 36, 36, 36, 36, 36, 36, 36, 36, 36, 36, 36, 36, 36, 36, 36, 36, 36, 36, 36, 36, 36, 36, 36, 36, 36, 36, 36, 36]","[9.0, 8.0, 9.0, 8.5, 8.5]","[9.0, 8.0]","[9.0, 8.5, 8.5]",rgb/live/Synchro_015/16,102,079009.jpg,079110.jpg,rgb/replay1/Synchro_015/16,208,079633.jpg,079840.jpg,masks/live/Synchro_015/16,102,True,,0,False,unknown_existing_segmentation_output,[],masks/replay1/Synchro_015/16,predicted_input,True
2.0,Synchro_015/17,Synchro_015,17,test,5255b,81.0,3.6,85888,85983,6,46,3,"[6, 32, 46]",96,"[2, 2, 2, 2, 2, 2, 2, 33, 33, 33, 33, 33, 33, 33, 33, 33, 33, 33, 33, 33, 33, 33, 33, 33, 33, 33, 33, 33, 33, 33, 33, 33, 33, 15, 15, 15, 15, 15, 15, 15, 15, 15, 15, 15, 15, 15, 15, 36, 36, 36, 36, 36, 36, 36, 36, 36, 36, 36, 36, 36, 36, 36, 36, 36, 36, 36, 36, 36, 36, 36, 36, 36, 36, 36, 36, 36, 36, 36, 36, 36, 36, 36, 36, 36, 36, 36, 36, 36, 36, 36, 36, 36, 36, 36, 36, 36]","[7.5, 7.0, 8.0, 7.5, 7.5]","[7.5, 7.0]","[8.0, 7.5, 7.5]",rgb/live/Synchro_015/17,96,085888.jpg,085983.jpg,rgb/replay1/Synchro_015/17,193,086506.jpg,086698.jpg,masks/live/Synchro_015/17,96,True,,0,False,unknown_existing_segmentation_output,[],masks/replay1/Synchro_015/17,predicted_input,True
2.0,Synchro_015/18,Synchro_015,18,train,5253b,79.68,3.2,88444,88539,21,59,3,"[21, 38, 59]",96,"[2, 2, 2, 2, 2, 2, 2, 2, 2, 2, 2, 2, 2, 2, 2, 2, 2, 2, 2, 2, 2, 2, 31, 31, 31, 31, 31, 31, 31, 31, 31, 31, 31, 31, 31, 31, 31, 31, 31, 15, 15, 15, 15, 15, 15, 15, 15, 15, 15, 15, 15, 15, 15, 15, 15, 15, 15, 15, 15, 15, 36, 36, 36, 36, 36, 36, 36, 36, 36, 36, 36, 36, 36, 36, 36, 36, 36, 36, 36, 36, 36, 36, 36, 36, 36, 36, 36, 36, 36, 36, 36, 36, 36, 36, 36, 36]","[8.0, 8.0, 8.5, 8.5, 8.5]","[8.0, 8.0]","[8.5, 8.5, 8.5]",rgb/live/Synchro_015/18,96,088444.jpg,088539.jpg,rgb/replay1/Synchro_015/18,108,089050.jpg,089157.jpg,masks/live/Synchro_015/18,96,True,,0,False,unknown_existing_segmentation_output,[],masks/replay1/Synchro_015/18,predicted_input,True
2.0,Synchro_015/19,Synchro_015,19,train,5255b,85.32,3.6,93100,93196,22,61,3,"[22, 44, 61]",97,"[2, 2, 2, 2, 2, 2, 2, 2, 2, 2, 2, 2, 2, 2, 2, 2, 2, 2, 2, 2, 2, 2, 2, 33, 33, 33, 33, 33, 33, 33, 33, 33, 33, 33, 33, 33, 33, 33, 33, 33, 33, 33, 33, 33, 33, 15, 15, 15, 15, 15, 15, 15, 15, 15, 15, 15, 15, 15, 15, 15, 15, 15, 36, 36, 36, 36, 36, 36, 36, 36, 36, 36, 36, 36, 36, 36, 36, 36, 36, 36, 36, 36, 36, 36, 36, 36, 36, 36, 36, 36, 36, 36, 36, 36, 36, 36, 36]","[8.0, 7.5, 8.0, 8.0, 8.0]","[8.0, 7.5]","[8.0, 8.0, 8.0]",rgb/live/Synchro_015/19,97,093100.jpg,093196.jpg,rgb/replay1/Synchro_015/19,228,093804.jpg,094031.jpg,masks/live/Synchro_015/19,97,True,,0,False,unknown_existing_segmentation_output,[],masks/replay1/Synchro_015/19,predicted_input,True
2.0,Synchro_015/20,Synchro_015,20,train,109c,103.23,3.7,99972,100067,14,54,2,"[14, 54]",96,"[1, 1, 1, 1, 1, 1, 1, 1, 1, 1, 1, 1, 1, 1, 1, 27, 27, 27, 27, 27, 27, 27, 27, 27, 27, 27, 27, 27, 27, 27, 27, 27, 27, 27, 27, 27, 27, 27, 27, 27, 27, 27, 27, 27, 27, 27, 27, 27, 27, 27, 27, 27, 27, 27, 27, 36, 36, 36, 36, 36, 36, 36, 36, 36, 36, 36, 36, 36, 36, 36, 36, 36, 36, 36, 36, 36, 36, 36, 36, 36, 36, 36, 36, 36, 36, 36, 36, 36, 36, 36, 36, 36, 36, 36, 36, 36]","[9.0, 9.5, 9.0, 9.5, 9.5]","[9.0, 9.5]","[9.0, 9.5, 9.5]",rgb/live/Synchro_015/20,96,099972.jpg,100067.jpg,rgb/replay1/Synchro_015/20,108,100827.jpg,100934.jpg,masks/live/Synchro_015/20,96,True,,0,False,unknown_existing_segmentation_output,[],masks/replay1/Synchro_015/20,predicted_input,True
2.0,Synchro_016/0,Synchro_016,0,train,301b,47.4,2.0,4967,5065,25,56,2,"[25, 56]",99,"[3, 3, 3, 3, 3, 3, 3, 3, 3, 3, 3, 3, 3, 3, 3, 3, 3, 3, 3, 3, 3, 3, 3, 3, 3, 3, 37, 37, 37, 37, 37, 37, 37, 37, 37, 37, 37, 37, 37, 37, 37, 37, 37, 37, 37, 37, 37, 37, 37, 37, 37, 37, 37, 37, 37, 37, 37, 36, 36, 36, 36, 36, 36, 36, 36, 36, 36, 36, 36, 36, 36, 36, 36, 36, 36, 36, 36, 36, 36, 36, 36, 36, 36, 36, 36, 36, 36, 36, 36, 36, 36, 36, 36, 36, 36, 36, 36, 36, 36]","[8.0, 7.0, 8.0, 8.5, 8.0]","[8.0, 7.0]","[8.0, 8.5, 8.0]",rgb/live/Synchro_016/0,99,004967.jpg,005065.jpg,rgb/replay1/Synchro_016/0,238,005500.jpg,005737.jpg,masks/live/Synchro_016/0,99,True,Trimmed_Diving_Video_Frames/TEMP_LIVE/Replay2/Synchro_016/0,252,True,unknown_existing_segmentation_output,[],masks/replay1/Synchro_016/0,predicted_input,True
2.0,Synchro_016/1,Synchro_016,1,train,201b,56.4,2.0,6854,6954,15,51,2,"[15, 51]",101,"[2, 2, 2, 2, 2, 2, 2, 2, 2, 2, 2, 2, 2, 2, 2, 2, 37, 37, 37, 37, 37, 37, 37, 37, 37, 37, 37, 37, 37, 37, 37, 37, 37, 37, 37, 37, 37, 37, 37, 37, 37, 37, 37, 37, 37, 37, 37, 37, 37, 37, 37, 37, 36, 36, 36, 36, 36, 36, 36, 36, 36, 36, 36, 36, 36, 36, 36, 36, 36, 36, 36, 36, 36, 36, 36, 36, 36, 36, 36, 36, 36, 36, 36, 36, 36, 36, 36, 36, 36, 36, 36, 36, 36, 36, 36, 36, 36, 36, 36, 36, 36]","[9.0, 9.5, 9.5, 9.5, 9.5]","[9.0, 9.5]","[9.5, 9.5, 9.5]",rgb/live/Synchro_016/1,101,006854.jpg,006954.jpg,rgb/replay1/Synchro_016/1,110,007437.jpg,007546.jpg,masks/live/Synchro_016/1,101,True,Trimmed_Diving_Video_Frames/TEMP_LIVE/Replay2/Synchro_016/1,235,True,unknown_existing_segmentation_output,[],masks/replay1/Synchro_016/1,predicted_input,True
2.0,Synchro_016/2,Synchro_016,2,train,301b,49.2,2.0,12148,12244,27,59,2,"[27, 59]",97,"[3, 3, 3, 3, 3, 3, 3, 3, 3, 3, 3, 3, 3, 3, 3, 3, 3, 3, 3, 3, 3, 3, 3, 3, 3, 3, 3, 3, 37, 37, 37, 37, 37, 37, 37, 37, 37, 37, 37, 37, 37, 37, 37, 37, 37, 37, 37, 37, 37, 37, 37, 37, 37, 37, 37, 37, 37, 37, 37, 37, 36, 36, 36, 36, 36, 36, 36, 36, 36, 36, 36, 36, 36, 36, 36, 36, 36, 36, 36, 36, 36, 36, 36, 36, 36, 36, 36, 36, 36, 36, 36, 36, 36, 36, 36, 36, 36]","[8.0, 8.0, 8.5, 8.0, 8.5]","[8.0, 8.0]","[8.5, 8.0, 8.5]",rgb/live/Synchro_016/2,97,012148.jpg,012244.jpg,rgb/replay1/Synchro_016/2,259,012714.jpg,012972.jpg,masks/live/Synchro_016/2,97,True,,0,False,unknown_existing_segmentation_output,[],masks/replay1/Synchro_016/2,predicted_input,True
2.0,Synchro_016/3,Synchro_016,3,test,107b,61.2,3.0,76520,76617,16,54,2,"[16, 54]",98,"[1, 1, 1, 1, 1, 1, 1, 1, 1, 1, 1, 1, 1, 1, 1, 1, 1, 17, 17, 17, 17, 17, 17, 17, 17, 17, 17, 17, 17, 17, 17, 17, 17, 17, 17, 17, 17, 17, 17, 17, 17, 17, 17, 17, 17, 17, 17, 17, 17, 17, 17, 17, 17, 17, 17, 36, 36, 36, 36, 36, 36, 36, 36, 36, 36, 36, 36, 36, 36, 36, 36, 36, 36, 36, 36, 36, 36, 36, 36, 36, 36, 36, 36, 36, 36, 36, 36, 36, 36, 36, 36, 36, 36, 36, 36, 36, 36, 36]","[6.0, 7.0, 7.0, 7.0, 7.0]","[6.0, 7.0]","[7.0, 7.0, 7.0]",rgb/live/Synchro_016/3,98,076520.jpg,076617.jpg,rgb/replay1/Synchro_016/3,110,077133.jpg,077242.jpg,masks/live/Synchro_016/3,98,True,,0,False,unknown_existing_segmentation_output,[],masks/replay1/Synchro_016/3,predicted_input,True
2.0,Synchro_016/4,Synchro_016,4,test,201b,48.0,2.0,15476,15571,4,39,2,"[4, 39]",96,"[2, 2, 2, 2, 2, 37, 37, 37, 37, 37, 37, 37, 37, 37, 37, 37, 37, 37, 37, 37, 37, 37, 37, 37, 37, 37, 37, 37, 37, 37, 37, 37, 37, 37, 37, 37, 37, 37, 37, 37, 36, 36, 36, 36, 36, 36, 36, 36, 36, 36, 36, 36, 36, 36, 36, 36, 36, 36, 36, 36, 36, 36, 36, 36, 36, 36, 36, 36, 36, 36, 36, 36, 36, 36, 36, 36, 36, 36, 36, 36, 36, 36, 36, 36, 36, 36, 36, 36, 36, 36, 36, 36, 36, 36, 36, 36]","[8.0, 8.0, 8.0, 8.0, 8.0]","[8.0, 8.0]","[8.0, 8.0, 8.0]",rgb/live/Synchro_016/4,96,015476.jpg,015571.jpg,rgb/replay1/Synchro_016/4,240,016009.jpg,016248.jpg,masks/live/Synchro_016/4,96,True,,0,False,unknown_existing_segmentation_output,[],masks/replay1/Synchro_016/4,predicted_input,True
2.0,Synchro_016/5,Synchro_016,5,train,301b,54.6,2.0,21418,21520,23,58,2,"[23, 58]",103,"[3, 3, 3, 3, 3, 3, 3, 3, 3, 3, 3, 3, 3, 3, 3, 3, 3, 3, 3, 3, 3, 3, 3, 3, 37, 37, 37, 37, 37, 37, 37, 37, 37, 37, 37, 37, 37, 37, 37, 37, 37, 37, 37, 37, 37, 37, 37, 37, 37, 37, 37, 37, 37, 37, 37, 37, 37, 37, 37, 36, 36, 36, 36, 36, 36, 36, 36, 36, 36, 36, 36, 36, 36, 36, 36, 36, 36, 36, 36, 36, 36, 36, 36, 36, 36, 36, 36, 36, 36, 36, 36, 36, 36, 36, 36, 36, 36, 36, 36, 36, 36, 36, 36]","[8.5, 9.0, 9.0, 9.5, 9.5]","[8.5, 9.0]","[9.0, 9.5, 9.5]",rgb/live/Synchro_016/5,103,021418.jpg,021520.jpg,rgb/replay1/Synchro_016/5,248,022001.jpg,022248.jpg,masks/live/Synchro_016/5,103,True,,0,False,unknown_existing_segmentation_output,[],masks/replay1/Synchro_016/5,predicted_input,True
2.0,Synchro_016/6,Synchro_016,6,train,201b,45.0,2.0,23188,23284,24,58,2,"[24, 58]",97,"[2, 2, 2, 2, 2, 2, 2, 2, 2, 2, 2, 2, 2, 2, 2, 2, 2, 2, 2, 2, 2, 2, 2, 2, 2, 37, 37, 37, 37, 37, 37, 37, 37, 37, 37, 37, 37, 37, 37, 37, 37, 37, 37, 37, 37, 37, 37, 37, 37, 37, 37, 37, 37, 37, 37, 37, 37, 37, 37, 36, 36, 36, 36, 36, 36, 36, 36, 36, 36, 36, 36, 36, 36, 36, 36, 36, 36, 36, 36, 36, 36, 36, 36, 36, 36, 36, 36, 36, 36, 36, 36, 36, 36, 36, 36, 36, 36]","[7.5, 7.0, 8.0, 7.5, 7.5]","[7.5, 7.0]","[8.0, 7.5, 7.5]",rgb/live/Synchro_016/6,97,023188.jpg,023284.jpg,rgb/replay1/Synchro_016/6,117,023866.jpg,023982.jpg,masks/live/Synchro_016/6,97,True,,0,False,unknown_existing_segmentation_output,[],masks/replay1/Synchro_016/6,predicted_input,True
2.0,Synchro_016/7,Synchro_016,7,test,301b,46.2,2.0,24782,24877,23,59,2,"[23, 59]",96,"[3, 3, 3, 3, 3, 3, 3, 3, 3, 3, 3, 3, 3, 3, 3, 3, 3, 3, 3, 3, 3, 3, 3, 3, 37, 37, 37, 37, 37, 37, 37, 37, 37, 37, 37, 37, 37, 37, 37, 37, 37, 37, 37, 37, 37, 37, 37, 37, 37, 37, 37, 37, 37, 37, 37, 37, 37, 37, 37, 37, 36, 36, 36, 36, 36, 36, 36, 36, 36, 36, 36, 36, 36, 36, 36, 36, 36, 36, 36, 36, 36, 36, 36, 36, 36, 36, 36, 36, 36, 36, 36, 36, 36, 36, 36, 36]","[7.5, 7.5, 7.5, 8.0, 8.0]","[7.5, 7.5]","[7.5, 8.0, 8.0]",rgb/live/Synchro_016/7,96,024782.jpg,024877.jpg,rgb/replay1/Synchro_016/7,96,025285.jpg,025380.jpg,masks/live/Synchro_016/7,96,True,,0,False,unknown_existing_segmentation_output,[],masks/replay1/Synchro_016/7,predicted_input,True
2.0,Synchro_016/8,Synchro_016,8,train,201b,44.4,2.0,26301,26400,21,53,2,"[21, 53]",100,"[2, 2, 2, 2, 2, 2, 2, 2, 2, 2, 2, 2, 2, 2, 2, 2, 2, 2, 2, 2, 2, 2, 37, 37, 37, 37, 37, 37, 37, 37, 37, 37, 37, 37, 37, 37, 37, 37, 37, 37, 37, 37, 37, 37, 37, 37, 37, 37, 37, 37, 37, 37, 37, 37, 36, 36, 36, 36, 36, 36, 36, 36, 36, 36, 36, 36, 36, 36, 36, 36, 36, 36, 36, 36, 36, 36, 36, 36, 36, 36, 36, 36, 36, 36, 36, 36, 36, 36, 36, 36, 36, 36, 36, 36, 36, 36, 36, 36, 36, 36]","[7.0, 7.5, 7.5, 7.5, 7.5]","[7.0, 7.5]","[7.5, 7.5, 7.5]",rgb/live/Synchro_016/8,100,026301.jpg,026400.jpg,rgb/replay1/Synchro_016/8,249,026786.jpg,027034.jpg,masks/live/Synchro_016/8,100,True,,0,False,unknown_existing_segmentation_output,[],masks/replay1/Synchro_016/8,predicted_input,True
2.0,Synchro_016/9,Synchro_016,9,train,301b,43.8,2.0,27761,27864,21,56,2,"[21, 56]",104,"[3, 3, 3, 3, 3, 3, 3, 3, 3, 3, 3, 3, 3, 3, 3, 3, 3, 3, 3, 3, 3, 3, 37, 37, 37, 37, 37, 37, 37, 37, 37, 37, 37, 37, 37, 37, 37, 37, 37, 37, 37, 37, 37, 37, 37, 37, 37, 37, 37, 37, 37, 37, 37, 37, 37, 37, 37, 36, 36, 36, 36, 36, 36, 36, 36, 36, 36, 36, 36, 36, 36, 36, 36, 36, 36, 36, 36, 36, 36, 36, 36, 36, 36, 36, 36, 36, 36, 36, 36, 36, 36, 36, 36, 36, 36, 36, 36, 36, 36, 36, 36, 36, 36, 36]","[7.5, 7.0, 7.5, 7.0, 7.5]","[7.5, 7.0]","[7.5, 7.0, 7.5]",rgb/live/Synchro_016/9,104,027761.jpg,027864.jpg,rgb/replay1/Synchro_016/9,116,028305.jpg,028420.jpg,masks/live/Synchro_016/9,104,True,,0,False,unknown_existing_segmentation_output,[],masks/replay1/Synchro_016/9,predicted_input,True
2.0,Synchro_016/10,Synchro_016,10,train,107b,60.3,3.0,31888,31988,16,55,2,"[16, 55]",101,"[1, 1, 1, 1, 1, 1, 1, 1, 1, 1, 1, 1, 1, 1, 1, 1, 1, 17, 17, 17, 17, 17, 17, 17, 17, 17, 17, 17, 17, 17, 17, 17, 17, 17, 17, 17, 17, 17, 17, 17, 17, 17, 17, 17, 17, 17, 17, 17, 17, 17, 17, 17, 17, 17, 17, 17, 36, 36, 36, 36, 36, 36, 36, 36, 36, 36, 36, 36, 36, 36, 36, 36, 36, 36, 36, 36, 36, 36, 36, 36, 36, 36, 36, 36, 36, 36, 36, 36, 36, 36, 36, 36, 36, 36, 36, 36, 36, 36, 36, 36, 36]","[7.0, 5.5, 7.0, 7.0, 7.0]","[7.0, 5.5]","[7.0, 7.0, 7.0]",rgb/live/Synchro_016/10,101,031888.jpg,031988.jpg,rgb/replay1/Synchro_016/10,156,032550.jpg,032705.jpg,masks/live/Synchro_016/10,101,True,,0,False,unknown_existing_segmentation_output,[],masks/replay1/Synchro_016/10,predicted_input,True
2.0,Synchro_016/11,Synchro_016,11,validation,107b,80.1,3.0,35651,35757,14,54,2,"[14, 54]",107,"[1, 1, 1, 1, 1, 1, 1, 1, 1, 1, 1, 1, 1, 1, 1, 17, 17, 17, 17, 17, 17, 17, 17, 17, 17, 17, 17, 17, 17, 17, 17, 17, 17, 17, 17, 17, 17, 17, 17, 17, 17, 17, 17, 17, 17, 17, 17, 17, 17, 17, 17, 17, 17, 17, 17, 36, 36, 36, 36, 36, 36, 36, 36, 36, 36, 36, 36, 36, 36, 36, 36, 36, 36, 36, 36, 36, 36, 36, 36, 36, 36, 36, 36, 36, 36, 36, 36, 36, 36, 36, 36, 36, 36, 36, 36, 36, 36, 36, 36, 36, 36, 36, 36, 36, 36, 36, 36]","[8.5, 9.0, 9.0, 8.5, 9.5]","[8.5, 9.0]","[9.0, 8.5, 9.5]",rgb/live/Synchro_016/11,107,035651.jpg,035757.jpg,rgb/replay1/Synchro_016/11,110,036350.jpg,036459.jpg,masks/live/Synchro_016/11,107,True,,0,False,unknown_existing_segmentation_output,[],masks/replay1/Synchro_016/11,predicted_input,True
2.0,Synchro_016/12,Synchro_016,12,train,405b,53.76,2.8,37641,37867,38,137,2,"[38, 137]",227,"[4, 4, 4, 4, 4, 4, 4, 4, 4, 4, 4, 4, 4, 4, 4, 4, 4, 4, 4, 4, 4, 4, 4, 4, 4, 4, 4, 4, 4, 4, 4, 4, 4, 4, 4, 4, 4, 4, 4, 15, 15, 15, 15, 15, 15, 15, 15, 15, 15, 15, 15, 15, 15, 15, 15, 15, 15, 15, 15, 15, 15, 15, 15, 15, 15, 15, 15, 15, 15, 15, 15, 15, 15, 15, 15, 15, 15, 15, 15, 15, 15, 15, 15, 15, 15, 15, 15, 15, 15, 15, 15, 15, 15, 15, 15, 15, 15, 15, 15, 15, 15, 15, 15, 15, 15, 15, 15, 15, 15, 15, 15, 15, 15, 15, 15, 15, 15, 15, 15, 15, 15, 15, 15, 15, 15, 15, 15, 15, 15, 15, 15, 15, 15, 15, 15, 15, 15, 15, 36, 36, 36, 36, 36, 36, 36, 36, 36, 36, 36, 36, 36, 36, 36, 36, 36, 36, 36, 36, 36, 36, 36, 36, 36, 36, 36, 36, 36, 36, 36, 36, 36, 36, 36, 36, 36, 36, 36, 36, 36, 36, 36, 36, 36, 36, 36, 36, 36, 36, 36, 36, 36, 36, 36, 36, 36, 36, 36, 36, 36, 36, 36, 36, 36, 36, 36, 36, 36, 36, 36, 36, 36, 36, 36, 36, 36, 36, 36, 36, 36, 36, 36, 36, 36, 36, 36, 36, 36]","[6.0, 5.5, 7.0, 6.5, 7.0]","[6.0, 5.5]","[7.0, 6.5, 7.0]",rgb/live/Synchro_016/12,227,037641.jpg,037867.jpg,rgb/replay1/Synchro_016/12,200,037887.jpg,038086.jpg,masks/live/Synchro_016/12,227,True,,0,False,unknown_existing_segmentation_output,[],masks/replay1/Synchro_016/12,predicted_input,True
2.0,Synchro_016/13,Synchro_016,13,train,107b,69.3,3.0,39128,39225,14,52,2,"[14, 52]",98,"[1, 1, 1, 1, 1, 1, 1, 1, 1, 1, 1, 1, 1, 1, 1, 17, 17, 17, 17, 17, 17, 17, 17, 17, 17, 17, 17, 17, 17, 17, 17, 17, 17, 17, 17, 17, 17, 17, 17, 17, 17, 17, 17, 17, 17, 17, 17, 17, 17, 17, 17, 17, 17, 36, 36, 36, 36, 36, 36, 36, 36, 36, 36, 36, 36, 36, 36, 36, 36, 36, 36, 36, 36, 36, 36, 36, 36, 36, 36, 36, 36, 36, 36, 36, 36, 36, 36, 36, 36, 36, 36, 36, 36, 36, 36, 36, 36, 36]","[8.0, 7.0, 8.0, 8.0, 7.5]","[8.0, 7.0]","[8.0, 8.0, 7.5]",rgb/live/Synchro_016/13,98,039128.jpg,039225.jpg,rgb/replay1/Synchro_016/13,206,039765.jpg,039970.jpg,masks/live/Synchro_016/13,98,True,,0,False,unknown_existing_segmentation_output,[],masks/replay1/Synchro_016/13,predicted_input,True
2.0,Synchro_016/14,Synchro_016,14,train,107b,69.3,3.0,40667,40766,16,54,2,"[16, 54]",100,"[1, 1, 1, 1, 1, 1, 1, 1, 1, 1, 1, 1, 1, 1, 1, 1, 1, 17, 17, 17, 17, 17, 17, 17, 17, 17, 17, 17, 17, 17, 17, 17, 17, 17, 17, 17, 17, 17, 17, 17, 17, 17, 17, 17, 17, 17, 17, 17, 17, 17, 17, 17, 17, 17, 17, 36, 36, 36, 36, 36, 36, 36, 36, 36, 36, 36, 36, 36, 36, 36, 36, 36, 36, 36, 36, 36, 36, 36, 36, 36, 36, 36, 36, 36, 36, 36, 36, 36, 36, 36, 36, 36, 36, 36, 36, 36, 36, 36, 36, 36]","[7.5, 7.0, 8.0, 8.0, 8.0]","[7.5, 7.0]","[8.0, 8.0, 8.0]",rgb/live/Synchro_016/14,100,040667.jpg,040766.jpg,rgb/replay1/Synchro_016/14,105,041339.jpg,041443.jpg,masks/live/Synchro_016/14,100,True,,0,False,unknown_existing_segmentation_output,[],masks/replay1/Synchro_016/14,predicted_input,True
2.0,Synchro_016/15,Synchro_016,15,train,405b,59.64,2.8,43917,44119,30,131,2,"[30, 131]",203,"[4, 4, 4, 4, 4, 4, 4, 4, 4, 4, 4, 4, 4, 4, 4, 4, 4, 4, 4, 4, 4, 4, 4, 4, 4, 4, 4, 4, 4, 4, 4, 15, 15, 15, 15, 15, 15, 15, 15, 15, 15, 15, 15, 15, 15, 15, 15, 15, 15, 15, 15, 15, 15, 15, 15, 15, 15, 15, 15, 15, 15, 15, 15, 15, 15, 15, 15, 15, 15, 15, 15, 15, 15, 15, 15, 15, 15, 15, 15, 15, 15, 15, 15, 15, 15, 15, 15, 15, 15, 15, 15, 15, 15, 15, 15, 15, 15, 15, 15, 15, 15, 15, 15, 15, 15, 15, 15, 15, 15, 15, 15, 15, 15, 15, 15, 15, 15, 15, 15, 15, 15, 15, 15, 15, 15, 15, 15, 15, 15, 15, 15, 15, 36, 36, 36, 36, 36, 36, 36, 36, 36, 36, 36, 36, 36, 36, 36, 36, 36, 36, 36, 36, 36, 36, 36, 36, 36, 36, 36, 36, 36, 36, 36, 36, 36, 36, 36, 36, 36, 36, 36, 36, 36, 36, 36, 36, 36, 36, 36, 36, 36, 36, 36, 36, 36, 36, 36, 36, 36, 36, 36, 36, 36, 36, 36, 36, 36, 36, 36, 36, 36, 36, 36]","[7.0, 7.0, 7.0, 7.0, 7.5]","[7.0, 7.0]","[7.0, 7.0, 7.5]",rgb/live/Synchro_016/15,203,043917.jpg,044119.jpg,rgb/replay1/Synchro_016/15,323,044144.jpg,044466.jpg,masks/live/Synchro_016/15,203,True,,0,False,unknown_existing_segmentation_output,[],masks/replay1/Synchro_016/15,predicted_input,True
2.0,Synchro_016/16,Synchro_016,16,train,407c,69.12,3.2,46180,46275,13,50,2,"[13, 50]",96,"[4, 4, 4, 4, 4, 4, 4, 4, 4, 4, 4, 4, 4, 4, 25, 25, 25, 25, 25, 25, 25, 25, 25, 25, 25, 25, 25, 25, 25, 25, 25, 25, 25, 25, 25, 25, 25, 25, 25, 25, 25, 25, 25, 25, 25, 25, 25, 25, 25, 25, 25, 36, 36, 36, 36, 36, 36, 36, 36, 36, 36, 36, 36, 36, 36, 36, 36, 36, 36, 36, 36, 36, 36, 36, 36, 36, 36, 36, 36, 36, 36, 36, 36, 36, 36, 36, 36, 36, 36, 36, 36, 36, 36, 36, 36, 36]","[8.0, 7.0, 7.0, 7.0, 7.0]","[8.0, 7.0]","[7.0, 7.0, 7.0]",rgb/live/Synchro_016/16,96,046180.jpg,046275.jpg,rgb/replay1/Synchro_016/16,334,046671.jpg,047004.jpg,masks/live/Synchro_016/16,96,True,,0,False,unknown_existing_segmentation_output,[],masks/replay1/Synchro_016/16,predicted_input,True
2.0,Synchro_016/17,Synchro_016,17,train,407c,85.44,3.2,49970,50070,14,52,2,"[14, 52]",101,"[4, 4, 4, 4, 4, 4, 4, 4, 4, 4, 4, 4, 4, 4, 4, 25, 25, 25, 25, 25, 25, 25, 25, 25, 25, 25, 25, 25, 25, 25, 25, 25, 25, 25, 25, 25, 25, 25, 25, 25, 25, 25, 25, 25, 25, 25, 25, 25, 25, 25, 25, 25, 25, 36, 36, 36, 36, 36, 36, 36, 36, 36, 36, 36, 36, 36, 36, 36, 36, 36, 36, 36, 36, 36, 36, 36, 36, 36, 36, 36, 36, 36, 36, 36, 36, 36, 36, 36, 36, 36, 36, 36, 36, 36, 36, 36, 36, 36, 36, 36, 36]","[9.0, 9.0, 9.0, 9.0, 8.5]","[9.0, 9.0]","[9.0, 9.0, 8.5]",rgb/live/Synchro_016/17,101,049970.jpg,050070.jpg,rgb/replay1/Synchro_016/17,235,050492.jpg,050726.jpg,masks/live/Synchro_016/17,101,True,,0,False,unknown_existing_segmentation_output,[],masks/replay1/Synchro_016/17,predicted_input,True
2.0,Synchro_016/18,Synchro_016,18,test,305c,37.8,2.8,51658,51766,21,59,2,"[21, 59]",109,"[3, 3, 3, 3, 3, 3, 3, 3, 3, 3, 3, 3, 3, 3, 3, 3, 3, 3, 3, 3, 3, 3, 23, 23, 23, 23, 23, 23, 23, 23, 23, 23, 23, 23, 23, 23, 23, 23, 23, 23, 23, 23, 23, 23, 23, 23, 23, 23, 23, 23, 23, 23, 23, 23, 23, 23, 23, 23, 23, 23, 36, 36, 36, 36, 36, 36, 36, 36, 36, 36, 36, 36, 36, 36, 36, 36, 36, 36, 36, 36, 36, 36, 36, 36, 36, 36, 36, 36, 36, 36, 36, 36, 36, 36, 36, 36, 36, 36, 36, 36, 36, 36, 36, 36, 36, 36, 36, 36, 36]","[6.0, 2.5, 5.5, 4.5, 4.0]","[6.0, 2.5]","[5.5, 4.5, 4.0]",rgb/live/Synchro_016/18,109,051658.jpg,051766.jpg,rgb/replay1/Synchro_016/18,132,052229.jpg,052360.jpg,masks/live/Synchro_016/18,109,True,,0,False,unknown_existing_segmentation_output,[],masks/replay1/Synchro_016/18,predicted_input,True
2.0,Synchro_016/19,Synchro_016,19,train,5253b,72.96,3.2,63377,63475,22,58,3,"[22, 41, 58]",99,"[2, 2, 2, 2, 2, 2, 2, 2, 2, 2, 2, 2, 2, 2, 2, 2, 2, 2, 2, 2, 2, 2, 2, 31, 31, 31, 31, 31, 31, 31, 31, 31, 31, 31, 31, 31, 31, 31, 31, 31, 31, 31, 15, 15, 15, 15, 15, 15, 15, 15, 15, 15, 15, 15, 15, 15, 15, 15, 15, 36, 36, 36, 36, 36, 36, 36, 36, 36, 36, 36, 36, 36, 36, 36, 36, 36, 36, 36, 36, 36, 36, 36, 36, 36, 36, 36, 36, 36, 36, 36, 36, 36, 36, 36, 36, 36, 36, 36, 36]","[7.5, 7.0, 7.5, 8.0, 8.0]","[7.5, 7.0]","[7.5, 8.0, 8.0]",rgb/live/Synchro_016/19,99,063377.jpg,063475.jpg,rgb/replay1/Synchro_016/19,115,064003.jpg,064117.jpg,masks/live/Synchro_016/19,99,True,,0,False,unknown_existing_segmentation_output,[],masks/replay1/Synchro_016/19,predicted_input,True
2.0,Synchro_016/20,Synchro_016,20,test,5253b,82.56,3.2,65725,65826,17,56,3,"[17, 34, 56]",102,"[2, 2, 2, 2, 2, 2, 2, 2, 2, 2, 2, 2, 2, 2, 2, 2, 2, 2, 31, 31, 31, 31, 31, 31, 31, 31, 31, 31, 31, 31, 31, 31, 31, 31, 31, 15, 15, 15, 15, 15, 15, 15, 15, 15, 15, 15, 15, 15, 15, 15, 15, 15, 15, 15, 15, 15, 15, 36, 36, 36, 36, 36, 36, 36, 36, 36, 36, 36, 36, 36, 36, 36, 36, 36, 36, 36, 36, 36, 36, 36, 36, 36, 36, 36, 36, 36, 36, 36, 36, 36, 36, 36, 36, 36, 36, 36, 36, 36, 36, 36, 36, 36]","[8.5, 8.5, 8.5, 9.0, 8.5]","[8.5, 8.5]","[8.5, 9.0, 8.5]",rgb/live/Synchro_016/20,102,065725.jpg,065826.jpg,rgb/replay1/Synchro_016/20,237,066381.jpg,066617.jpg,masks/live/Synchro_016/20,102,True,,0,False,unknown_existing_segmentation_output,[],masks/replay1/Synchro_016/20,predicted_input,True
2.0,Synchro_016/21,Synchro_016,21,test,5253b,50.88,3.2,68505,68741,53,168,3,"[53, 110, 168]",237,"[2, 2, 2, 2, 2, 2, 2, 2, 2, 2, 2, 2, 2, 2, 2, 2, 2, 2, 2, 2, 2, 2, 2, 2, 2, 2, 2, 2, 2, 2, 2, 2, 2, 2, 2, 2, 2, 2, 2, 2, 2, 2, 2, 2, 2, 2, 2, 2, 2, 2, 2, 2, 2, 2, 31, 31, 31, 31, 31, 31, 31, 31, 31, 31, 31, 31, 31, 31, 31, 31, 31, 31, 31, 31, 31, 31, 31, 31, 31, 31, 31, 31, 31, 31, 31, 31, 31, 31, 31, 31, 31, 31, 31, 31, 31, 31, 31, 31, 31, 31, 31, 31, 31, 31, 31, 31, 31, 31, 31, 31, 31, 15, 15, 15, 15, 15, 15, 15, 15, 15, 15, 15, 15, 15, 15, 15, 15, 15, 15, 15, 15, 15, 15, 15, 15, 15, 15, 15, 15, 15, 15, 15, 15, 15, 15, 15, 15, 15, 15, 15, 15, 15, 15, 15, 15, 15, 15, 15, 15, 15, 15, 15, 15, 15, 15, 15, 15, 15, 15, 36, 36, 36, 36, 36, 36, 36, 36, 36, 36, 36, 36, 36, 36, 36, 36, 36, 36, 36, 36, 36, 36, 36, 36, 36, 36, 36, 36, 36, 36, 36, 36, 36, 36, 36, 36, 36, 36, 36, 36, 36, 36, 36, 36, 36, 36, 36, 36, 36, 36, 36, 36, 36, 36, 36, 36, 36, 36, 36, 36, 36, 36, 36, 36, 36, 36, 36, 36]","[5.0, 4.5, 5.5, 5.5, 6.0]","[5.0, 4.5]","[5.5, 5.5, 6.0]",rgb/live/Synchro_016/21,237,068505.jpg,068741.jpg,rgb/replay1/Synchro_016/21,164,068751.jpg,068914.jpg,masks/live/Synchro_016/21,237,True,,0,False,unknown_existing_segmentation_output,[],masks/replay1/Synchro_016/21,predicted_input,True
2.0,Synchro_016/22,Synchro_016,22,test,5253b,77.76,3.2,70388,70486,19,56,3,"[19, 36, 56]",99,"[2, 2, 2, 2, 2, 2, 2, 2, 2, 2, 2, 2, 2, 2, 2, 2, 2, 2, 2, 2, 31, 31, 31, 31, 31, 31, 31, 31, 31, 31, 31, 31, 31, 31, 31, 31, 31, 15, 15, 15, 15, 15, 15, 15, 15, 15, 15, 15, 15, 15, 15, 15, 15, 15, 15, 15, 15, 36, 36, 36, 36, 36, 36, 36, 36, 36, 36, 36, 36, 36, 36, 36, 36, 36, 36, 36, 36, 36, 36, 36, 36, 36, 36, 36, 36, 36, 36, 36, 36, 36, 36, 36, 36, 36, 36, 36, 36, 36, 36]","[8.5, 8.0, 8.0, 8.0, 8.0]","[8.5, 8.0]","[8.0, 8.0, 8.0]",rgb/live/Synchro_016/22,99,070388.jpg,070486.jpg,rgb/replay1/Synchro_016/22,200,071017.jpg,071216.jpg,masks/live/Synchro_016/22,99,True,,0,False,unknown_existing_segmentation_output,[],masks/replay1/Synchro_016/22,predicted_input,True
2.0,Synchro_016/23,Synchro_016,23,validation,5253b,68.16,3.2,72542,72640,20,60,3,"[20, 42, 60]",99,"[2, 2, 2, 2, 2, 2, 2, 2, 2, 2, 2, 2, 2, 2, 2, 2, 2, 2, 2, 2, 2, 31, 31, 31, 31, 31, 31, 31, 31, 31, 31, 31, 31, 31, 31, 31, 31, 31, 31, 31, 31, 31, 31, 15, 15, 15, 15, 15, 15, 15, 15, 15, 15, 15, 15, 15, 15, 15, 15, 15, 15, 36, 36, 36, 36, 36, 36, 36, 36, 36, 36, 36, 36, 36, 36, 36, 36, 36, 36, 36, 36, 36, 36, 36, 36, 36, 36, 36, 36, 36, 36, 36, 36, 36, 36, 36, 36, 36, 36]","[6.5, 7.5, 7.0, 7.0, 7.5]","[6.5, 7.5]","[7.0, 7.0, 7.5]",rgb/live/Synchro_016/23,99,072542.jpg,072640.jpg,rgb/replay1/Synchro_016/23,156,073154.jpg,073309.jpg,masks/live/Synchro_016/23,99,True,,0,False,unknown_existing_segmentation_output,[],masks/replay1/Synchro_016/23,predicted_input,True
2.0,Synchro_017/0,Synchro_017,0,train,301b,38.4,2.0,28250,28363,41,79,2,"[41, 79]",114,"[3, 3, 3, 3, 3, 3, 3, 3, 3, 3, 3, 3, 3, 3, 3, 3, 3, 3, 3, 3, 3, 3, 3, 3, 3, 3, 3, 3, 3, 3, 3, 3, 3, 3, 3, 3, 3, 3, 3, 3, 3, 3, 37, 37, 37, 37, 37, 37, 37, 37, 37, 37, 37, 37, 37, 37, 37, 37, 37, 37, 37, 37, 37, 37, 37, 37, 37, 37, 37, 37, 37, 37, 37, 37, 37, 37, 37, 37, 37, 37, 36, 36, 36, 36, 36, 36, 36, 36, 36, 36, 36, 36, 36, 36, 36, 36, 36, 36, 36, 36, 36, 36, 36, 36, 36, 36, 36, 36, 36, 36, 36, 36, 36, 36]","[5.0, 6.5, 6.5, 7.0, 7.0]","[5.0, 6.5]","[6.5, 7.0, 7.0]",rgb/live/Synchro_017/0,114,028250.jpg,028363.jpg,rgb/replay1/Synchro_017/0,150,028515.jpg,028664.jpg,masks/live/Synchro_017/0,114,True,Trimmed_Diving_Video_Frames/TEMP_LIVE/Replay2/Synchro_017/0,109,True,unknown_existing_segmentation_output,[],masks/replay1/Synchro_017/0,predicted_input,True
2.0,Synchro_017/1,Synchro_017,1,validation,403b,46.8,2.0,33815,33919,33,72,2,"[33, 72]",105,"[4, 4, 4, 4, 4, 4, 4, 4, 4, 4, 4, 4, 4, 4, 4, 4, 4, 4, 4, 4, 4, 4, 4, 4, 4, 4, 4, 4, 4, 4, 4, 4, 4, 4, 13, 13, 13, 13, 13, 13, 13, 13, 13, 13, 13, 13, 13, 13, 13, 13, 13, 13, 13, 13, 13, 13, 13, 13, 13, 13, 13, 13, 13, 13, 13, 13, 13, 13, 13, 13, 13, 13, 13, 36, 36, 36, 36, 36, 36, 36, 36, 36, 36, 36, 36, 36, 36, 36, 36, 36, 36, 36, 36, 36, 36, 36, 36, 36, 36, 36, 36, 36, 36, 36, 36]","[7.5, 7.5, 8.0, 8.0, 8.0]","[7.5, 7.5]","[8.0, 8.0, 8.0]",rgb/live/Synchro_017/1,105,033815.jpg,033919.jpg,rgb/replay1/Synchro_017/1,132,034155.jpg,034286.jpg,masks/live/Synchro_017/1,105,True,,0,False,unknown_existing_segmentation_output,[],masks/replay1/Synchro_017/1,predicted_input,True
2.0,Synchro_017/2,Synchro_017,2,test,201b,45.6,2.0,35619,35720,35,71,2,"[35, 71]",102,"[2, 2, 2, 2, 2, 2, 2, 2, 2, 2, 2, 2, 2, 2, 2, 2, 2, 2, 2, 2, 2, 2, 2, 2, 2, 2, 2, 2, 2, 2, 2, 2, 2, 2, 2, 2, 37, 37, 37, 37, 37, 37, 37, 37, 37, 37, 37, 37, 37, 37, 37, 37, 37, 37, 37, 37, 37, 37, 37, 37, 37, 37, 37, 37, 37, 37, 37, 37, 37, 37, 37, 37, 36, 36, 36, 36, 36, 36, 36, 36, 36, 36, 36, 36, 36, 36, 36, 36, 36, 36, 36, 36, 36, 36, 36, 36, 36, 36, 36, 36, 36, 36]","[6.5, 7.5, 8.0, 8.0, 8.0]","[6.5, 7.5]","[8.0, 8.0, 8.0]",rgb/live/Synchro_017/2,102,035619.jpg,035720.jpg,rgb/replay1/Synchro_017/2,111,035878.jpg,035988.jpg,masks/live/Synchro_017/2,102,True,Trimmed_Diving_Video_Frames/TEMP_LIVE/Replay2/Synchro_017/2,100,True,unknown_existing_segmentation_output,[],masks/replay1/Synchro_017/2,predicted_input,True
2.0,Synchro_017/3,Synchro_017,3,train,201b,42.6,2.0,37340,37442,36,73,2,"[36, 73]",103,"[2, 2, 2, 2, 2, 2, 2, 2, 2, 2, 2, 2, 2, 2, 2, 2, 2, 2, 2, 2, 2, 2, 2, 2, 2, 2, 2, 2, 2, 2, 2, 2, 2, 2, 2, 2, 2, 37, 37, 37, 37, 37, 37, 37, 37, 37, 37, 37, 37, 37, 37, 37, 37, 37, 37, 37, 37, 37, 37, 37, 37, 37, 37, 37, 37, 37, 37, 37, 37, 37, 37, 37, 37, 37, 36, 36, 36, 36, 36, 36, 36, 36, 36, 36, 36, 36, 36, 36, 36, 36, 36, 36, 36, 36, 36, 36, 36, 36, 36, 36, 36, 36, 36]","[7.0, 5.5, 7.5, 7.5, 8.0]","[7.0, 5.5]","[7.5, 7.5, 8.0]",rgb/live/Synchro_017/3,103,037340.jpg,037442.jpg,rgb/replay1/Synchro_017/3,127,037638.jpg,037764.jpg,masks/live/Synchro_017/3,103,True,,0,False,unknown_existing_segmentation_output,[],masks/replay1/Synchro_017/3,predicted_input,True
2.0,Synchro_017/4,Synchro_017,4,train,201b,46.2,2.0,39259,39360,35,70,2,"[35, 70]",102,"[2, 2, 2, 2, 2, 2, 2, 2, 2, 2, 2, 2, 2, 2, 2, 2, 2, 2, 2, 2, 2, 2, 2, 2, 2, 2, 2, 2, 2, 2, 2, 2, 2, 2, 2, 2, 37, 37, 37, 37, 37, 37, 37, 37, 37, 37, 37, 37, 37, 37, 37, 37, 37, 37, 37, 37, 37, 37, 37, 37, 37, 37, 37, 37, 37, 37, 37, 37, 37, 37, 37, 36, 36, 36, 36, 36, 36, 36, 36, 36, 36, 36, 36, 36, 36, 36, 36, 36, 36, 36, 36, 36, 36, 36, 36, 36, 36, 36, 36, 36, 36, 36]","[8.0, 7.0, 7.5, 8.0, 8.0]","[8.0, 7.0]","[7.5, 8.0, 8.0]",rgb/live/Synchro_017/4,102,039259.jpg,039360.jpg,rgb/replay1/Synchro_017/4,134,039724.jpg,039857.jpg,masks/live/Synchro_017/4,102,True,Trimmed_Diving_Video_Frames/TEMP_LIVE/Replay2/Synchro_017/4,102,True,unknown_existing_segmentation_output,[],masks/replay1/Synchro_017/4,predicted_input,True
2.0,Synchro_017/5,Synchro_017,5,test,401b,37.8,2.0,42700,42795,14,49,2,"[14, 49]",96,"[4, 4, 4, 4, 4, 4, 4, 4, 4, 4, 4, 4, 4, 4, 4, 37, 37, 37, 37, 37, 37, 37, 37, 37, 37, 37, 37, 37, 37, 37, 37, 37, 37, 37, 37, 37, 37, 37, 37, 37, 37, 37, 37, 37, 37, 37, 37, 37, 37, 37, 36, 36, 36, 36, 36, 36, 36, 36, 36, 36, 36, 36, 36, 36, 36, 36, 36, 36, 36, 36, 36, 36, 36, 36, 36, 36, 36, 36, 36, 36, 36, 36, 36, 36, 36, 36, 36, 36, 36, 36, 36, 36, 36, 36, 36, 36]","[6.0, 5.5, 6.5, 6.5, 7.0]","[6.0, 5.5]","[6.5, 6.5, 7.0]",rgb/live/Synchro_017/5,96,042700.jpg,042795.jpg,rgb/replay1/Synchro_017/5,111,043110.jpg,043220.jpg,masks/live/Synchro_017/5,96,True,,0,False,unknown_existing_segmentation_output,[],masks/replay1/Synchro_017/5,predicted_input,True
2.0,Synchro_017/6,Synchro_017,6,train,103b,45.6,2.0,46376,46472,23,67,2,"[23, 67]",97,"[1, 1, 1, 1, 1, 1, 1, 1, 1, 1, 1, 1, 1, 1, 1, 1, 1, 1, 1, 1, 1, 1, 1, 1, 13, 13, 13, 13, 13, 13, 13, 13, 13, 13, 13, 13, 13, 13, 13, 13, 13, 13, 13, 13, 13, 13, 13, 13, 13, 13, 13, 13, 13, 13, 13, 13, 13, 13, 13, 13, 13, 13, 13, 13, 13, 13, 13, 13, 36, 36, 36, 36, 36, 36, 36, 36, 36, 36, 36, 36, 36, 36, 36, 36, 36, 36, 36, 36, 36, 36, 36, 36, 36, 36, 36, 36, 36]","[7.5, 7.0, 7.5, 8.0, 8.0]","[7.5, 7.0]","[7.5, 8.0, 8.0]",rgb/live/Synchro_017/6,97,046376.jpg,046472.jpg,rgb/replay1/Synchro_017/6,158,046626.jpg,046783.jpg,masks/live/Synchro_017/6,97,True,Trimmed_Diving_Video_Frames/TEMP_LIVE/Replay2/Synchro_017/6,121,True,unknown_existing_segmentation_output,[],masks/replay1/Synchro_017/6,predicted_input,True
2.0,Synchro_017/7,Synchro_017,7,train,401b,46.2,2.0,50084,50179,17,51,2,"[17, 51]",96,"[4, 4, 4, 4, 4, 4, 4, 4, 4, 4, 4, 4, 4, 4, 4, 4, 4, 4, 37, 37, 37, 37, 37, 37, 37, 37, 37, 37, 37, 37, 37, 37, 37, 37, 37, 37, 37, 37, 37, 37, 37, 37, 37, 37, 37, 37, 37, 37, 37, 37, 37, 37, 36, 36, 36, 36, 36, 36, 36, 36, 36, 36, 36, 36, 36, 36, 36, 36, 36, 36, 36, 36, 36, 36, 36, 36, 36, 36, 36, 36, 36, 36, 36, 36, 36, 36, 36, 36, 36, 36, 36, 36, 36, 36, 36, 36]","[7.5, 7.0, 8.0, 8.0, 8.0]","[7.5, 7.0]","[8.0, 8.0, 8.0]",rgb/live/Synchro_017/7,96,050084.jpg,050179.jpg,rgb/replay1/Synchro_017/7,100,050574.jpg,050673.jpg,masks/live/Synchro_017/7,96,True,Trimmed_Diving_Video_Frames/TEMP_LIVE/Replay2/Synchro_017/7,126,True,unknown_existing_segmentation_output,[],masks/replay1/Synchro_017/7,predicted_input,True
2.0,Synchro_017/8,Synchro_017,8,test,205b,62.1,3.0,195326,195424,21,63,2,"[21, 63]",99,"[2, 2, 2, 2, 2, 2, 2, 2, 2, 2, 2, 2, 2, 2, 2, 2, 2, 2, 2, 2, 2, 2, 15, 15, 15, 15, 15, 15, 15, 15, 15, 15, 15, 15, 15, 15, 15, 15, 15, 15, 15, 15, 15, 15, 15, 15, 15, 15, 15, 15, 15, 15, 15, 15, 15, 15, 15, 15, 15, 15, 15, 15, 15, 15, 36, 36, 36, 36, 36, 36, 36, 36, 36, 36, 36, 36, 36, 36, 36, 36, 36, 36, 36, 36, 36, 36, 36, 36, 36, 36, 36, 36, 36, 36, 36, 36, 36, 36, 36]","[7.0, 6.5, 7.0, 7.0, 7.0]","[7.0, 6.5]","[7.0, 7.0, 7.0]",rgb/live/Synchro_017/8,99,195326.jpg,195424.jpg,rgb/replay1/Synchro_017/8,116,195607.jpg,195722.jpg,masks/live/Synchro_017/8,99,True,,0,False,unknown_existing_segmentation_output,[],masks/replay1/Synchro_017/8,predicted_input,True
2.0,Synchro_017/9,Synchro_017,9,train,405b,71.1,3.0,192144,192239,0,37,2,"[0, 37]",96,"[4, 15, 15, 15, 15, 15, 15, 15, 15, 15, 15, 15, 15, 15, 15, 15, 15, 15, 15, 15, 15, 15, 15, 15, 15, 15, 15, 15, 15, 15, 15, 15, 15, 15, 15, 15, 15, 15, 36, 36, 36, 36, 36, 36, 36, 36, 36, 36, 36, 36, 36, 36, 36, 36, 36, 36, 36, 36, 36, 36, 36, 36, 36, 36, 36, 36, 36, 36, 36, 36, 36, 36, 36, 36, 36, 36, 36, 36, 36, 36, 36, 36, 36, 36, 36, 36, 36, 36, 36, 36, 36, 36, 36, 36, 36, 36]","[8.5, 7.0, 8.0, 8.0, 8.0]","[8.5, 7.0]","[8.0, 8.0, 8.0]",rgb/live/Synchro_017/9,96,192144.jpg,192239.jpg,rgb/replay1/Synchro_017/9,125,192364.jpg,192488.jpg,masks/live/Synchro_017/9,96,True,Trimmed_Diving_Video_Frames/TEMP_LIVE/Replay2/Synchro_017/9,131,True,unknown_existing_segmentation_output,[],masks/replay1/Synchro_017/9,predicted_input,True
2.0,Synchro_017/10,Synchro_017,10,validation,405b,58.5,3.0,190340,190435,15,54,2,"[15, 54]",96,"[4, 4, 4, 4, 4, 4, 4, 4, 4, 4, 4, 4, 4, 4, 4, 4, 15, 15, 15, 15, 15, 15, 15, 15, 15, 15, 15, 15, 15, 15, 15, 15, 15, 15, 15, 15, 15, 15, 15, 15, 15, 15, 15, 15, 15, 15, 15, 15, 15, 15, 15, 15, 15, 15, 15, 36, 36, 36, 36, 36, 36, 36, 36, 36, 36, 36, 36, 36, 36, 36, 36, 36, 36, 36, 36, 36, 36, 36, 36, 36, 36, 36, 36, 36, 36, 36, 36, 36, 36, 36, 36, 36, 36, 36, 36, 36]","[6.5, 6.5, 6.5, 6.5, 6.5]","[6.5, 6.5]","[6.5, 6.5, 6.5]",rgb/live/Synchro_017/10,96,190340.jpg,190435.jpg,rgb/replay1/Synchro_017/10,113,190538.jpg,190650.jpg,masks/live/Synchro_017/10,96,True,,0,False,unknown_existing_segmentation_output,[],masks/replay1/Synchro_017/10,predicted_input,True
2.0,Synchro_017/11,Synchro_017,11,train,5154b,73.44,3.4,188398,188519,42,89,4,"[42, 57, 79, 89]",122,"[1, 1, 1, 1, 1, 1, 1, 1, 1, 1, 1, 1, 1, 1, 1, 1, 1, 1, 1, 1, 1, 1, 1, 1, 1, 1, 1, 1, 1, 1, 1, 1, 1, 1, 1, 1, 1, 1, 1, 1, 1, 1, 1, 15, 15, 15, 15, 15, 15, 15, 15, 15, 15, 15, 15, 15, 15, 15, 32, 32, 32, 32, 32, 32, 32, 32, 32, 32, 32, 32, 32, 32, 32, 32, 32, 32, 32, 32, 32, 32, 15, 15, 15, 15, 15, 15, 15, 15, 15, 15, 36, 36, 36, 36, 36, 36, 36, 36, 36, 36, 36, 36, 36, 36, 36, 36, 36, 36, 36, 36, 36, 36, 36, 36, 36, 36, 36, 36, 36, 36, 36, 36]","[6.5, 6.5, 7.5, 7.5, 8.0]","[6.5, 6.5]","[7.5, 7.5, 8.0]",rgb/live/Synchro_017/11,122,188398.jpg,188519.jpg,rgb/replay1/Synchro_017/11,158,188715.jpg,188872.jpg,masks/live/Synchro_017/11,122,True,Trimmed_Diving_Video_Frames/TEMP_LIVE/Replay2/Synchro_017/11,159,True,unknown_existing_segmentation_output,[],masks/replay1/Synchro_017/11,predicted_input,True
2.0,Synchro_017/12,Synchro_017,12,validation,201b,43.2,2.0,51729,51837,36,71,2,"[36, 71]",109,"[2, 2, 2, 2, 2, 2, 2, 2, 2, 2, 2, 2, 2, 2, 2, 2, 2, 2, 2, 2, 2, 2, 2, 2, 2, 2, 2, 2, 2, 2, 2, 2, 2, 2, 2, 2, 2, 37, 37, 37, 37, 37, 37, 37, 37, 37, 37, 37, 37, 37, 37, 37, 37, 37, 37, 37, 37, 37, 37, 37, 37, 37, 37, 37, 37, 37, 37, 37, 37, 37, 37, 37, 36, 36, 36, 36, 36, 36, 36, 36, 36, 36, 36, 36, 36, 36, 36, 36, 36, 36, 36, 36, 36, 36, 36, 36, 36, 36, 36, 36, 36, 36, 36, 36, 36, 36, 36, 36, 36]","[7.0, 6.5, 7.5, 7.5, 7.5]","[7.0, 6.5]","[7.5, 7.5, 7.5]",rgb/live/Synchro_017/12,109,051729.jpg,051837.jpg,rgb/replay1/Synchro_017/12,104,052199.jpg,052302.jpg,masks/live/Synchro_017/12,109,True,,0,False,unknown_existing_segmentation_output,[],masks/replay1/Synchro_017/12,predicted_input,True
2.0,Synchro_017/13,Synchro_017,13,train,201b,49.8,2.0,55165,55268,36,70,2,"[36, 70]",104,"[2, 2, 2, 2, 2, 2, 2, 2, 2, 2, 2, 2, 2, 2, 2, 2, 2, 2, 2, 2, 2, 2, 2, 2, 2, 2, 2, 2, 2, 2, 2, 2, 2, 2, 2, 2, 2, 37, 37, 37, 37, 37, 37, 37, 37, 37, 37, 37, 37, 37, 37, 37, 37, 37, 37, 37, 37, 37, 37, 37, 37, 37, 37, 37, 37, 37, 37, 37, 37, 37, 37, 36, 36, 36, 36, 36, 36, 36, 36, 36, 36, 36, 36, 36, 36, 36, 36, 36, 36, 36, 36, 36, 36, 36, 36, 36, 36, 36, 36, 36, 36, 36, 36, 36]","[8.5, 7.0, 8.5, 8.5, 9.0]","[8.5, 7.0]","[8.5, 8.5, 9.0]",rgb/live/Synchro_017/13,104,055165.jpg,055268.jpg,rgb/replay1/Synchro_017/13,133,055498.jpg,055630.jpg,masks/live/Synchro_017/13,104,True,,0,False,unknown_existing_segmentation_output,[],masks/replay1/Synchro_017/13,predicted_input,True
2.0,Synchro_017/14,Synchro_017,14,test,103b,44.4,2.0,56891,57013,42,85,2,"[42, 85]",123,"[1, 1, 1, 1, 1, 1, 1, 1, 1, 1, 1, 1, 1, 1, 1, 1, 1, 1, 1, 1, 1, 1, 1, 1, 1, 1, 1, 1, 1, 1, 1, 1, 1, 1, 1, 1, 1, 1, 1, 1, 1, 1, 1, 13, 13, 13, 13, 13, 13, 13, 13, 13, 13, 13, 13, 13, 13, 13, 13, 13, 13, 13, 13, 13, 13, 13, 13, 13, 13, 13, 13, 13, 13, 13, 13, 13, 13, 13, 13, 13, 13, 13, 13, 13, 13, 13, 36, 36, 36, 36, 36, 36, 36, 36, 36, 36, 36, 36, 36, 36, 36, 36, 36, 36, 36, 36, 36, 36, 36, 36, 36, 36, 36, 36, 36, 36, 36, 36, 36, 36, 36, 36, 36]","[7.0, 7.0, 7.5, 7.5, 8.0]","[7.0, 7.0]","[7.5, 7.5, 8.0]",rgb/live/Synchro_017/14,123,056891.jpg,057013.jpg,rgb/replay1/Synchro_017/14,147,057454.jpg,057600.jpg,masks/live/Synchro_017/14,123,True,,0,False,unknown_existing_segmentation_output,[],masks/replay1/Synchro_017/14,predicted_input,True
2.0,Synchro_017/15,Synchro_017,15,validation,5154b,64.26,3.4,186488,186610,40,86,4,"[40, 56, 80, 86]",123,"[1, 1, 1, 1, 1, 1, 1, 1, 1, 1, 1, 1, 1, 1, 1, 1, 1, 1, 1, 1, 1, 1, 1, 1, 1, 1, 1, 1, 1, 1, 1, 1, 1, 1, 1, 1, 1, 1, 1, 1, 1, 15, 15, 15, 15, 15, 15, 15, 15, 15, 15, 15, 15, 15, 15, 15, 15, 32, 32, 32, 32, 32, 32, 32, 32, 32, 32, 32, 32, 32, 32, 32, 32, 32, 32, 32, 32, 32, 32, 32, 32, 15, 15, 15, 15, 15, 15, 36, 36, 36, 36, 36, 36, 36, 36, 36, 36, 36, 36, 36, 36, 36, 36, 36, 36, 36, 36, 36, 36, 36, 36, 36, 36, 36, 36, 36, 36, 36, 36, 36, 36, 36, 36]","[6.0, 6.0, 6.5, 6.5, 6.5]","[6.0, 6.0]","[6.5, 6.5, 6.5]",rgb/live/Synchro_017/15,123,186488.jpg,186610.jpg,rgb/replay1/Synchro_017/15,146,186743.jpg,186888.jpg,masks/live/Synchro_017/15,123,True,Trimmed_Diving_Video_Frames/TEMP_LIVE/Replay2/Synchro_017/15,110,True,unknown_existing_segmentation_output,[],masks/replay1/Synchro_017/15,predicted_input,True
2.0,Synchro_017/16,Synchro_017,16,train,5132d,28.98,2.1,184650,184757,34,72,4,"[34, 42, 59, 72]",108,"[1, 1, 1, 1, 1, 1, 1, 1, 1, 1, 1, 1, 1, 1, 1, 1, 1, 1, 1, 1, 1, 1, 1, 1, 1, 1, 1, 1, 1, 1, 1, 1, 1, 1, 1, 13, 13, 13, 13, 13, 13, 13, 13, 30, 30, 30, 30, 30, 30, 30, 30, 30, 30, 30, 30, 30, 30, 30, 30, 30, 13, 13, 13, 13, 13, 13, 13, 13, 13, 13, 13, 13, 13, 36, 36, 36, 36, 36, 36, 36, 36, 36, 36, 36, 36, 36, 36, 36, 36, 36, 36, 36, 36, 36, 36, 36, 36, 36, 36, 36, 36, 36, 36, 36, 36, 36, 36, 36]","[5.0, 5.0, 4.0, 4.5, 4.5]","[5.0, 5.0]","[4.0, 4.5, 4.5]",rgb/live/Synchro_017/16,108,184650.jpg,184757.jpg,rgb/replay1/Synchro_017/16,153,185075.jpg,185227.jpg,masks/live/Synchro_017/16,108,True,,0,False,unknown_existing_segmentation_output,[],masks/replay1/Synchro_017/16,predicted_input,True
2.0,Synchro_017/17,Synchro_017,17,test,301b,48.0,2.0,64801,64918,46,86,2,"[46, 86]",118,"[3, 3, 3, 3, 3, 3, 3, 3, 3, 3, 3, 3, 3, 3, 3, 3, 3, 3, 3, 3, 3, 3, 3, 3, 3, 3, 3, 3, 3, 3, 3, 3, 3, 3, 3, 3, 3, 3, 3, 3, 3, 3, 3, 3, 3, 3, 3, 37, 37, 37, 37, 37, 37, 37, 37, 37, 37, 37, 37, 37, 37, 37, 37, 37, 37, 37, 37, 37, 37, 37, 37, 37, 37, 37, 37, 37, 37, 37, 37, 37, 37, 37, 37, 37, 37, 37, 37, 36, 36, 36, 36, 36, 36, 36, 36, 36, 36, 36, 36, 36, 36, 36, 36, 36, 36, 36, 36, 36, 36, 36, 36, 36, 36, 36, 36, 36, 36, 36]","[8.0, 8.0, 8.0, 8.0, 8.0]","[8.0, 8.0]","[8.0, 8.0, 8.0]",rgb/live/Synchro_017/17,118,064801.jpg,064918.jpg,rgb/replay1/Synchro_017/17,144,065168.jpg,065317.jpg,masks/live/Synchro_017/17,118,True,,0,False,unknown_existing_segmentation_output,[],masks/replay1/Synchro_017/17,predicted_input,True
2.0,Synchro_017/18,Synchro_017,18,train,301b,45.0,2.0,66512,66629,45,84,2,"[45, 84]",118,"[3, 3, 3, 3, 3, 3, 3, 3, 3, 3, 3, 3, 3, 3, 3, 3, 3, 3, 3, 3, 3, 3, 3, 3, 3, 3, 3, 3, 3, 3, 3, 3, 3, 3, 3, 3, 3, 3, 3, 3, 3, 3, 3, 3, 3, 3, 37, 37, 37, 37, 37, 37, 37, 37, 37, 37, 37, 37, 37, 37, 37, 37, 37, 37, 37, 37, 37, 37, 37, 37, 37, 37, 37, 37, 37, 37, 37, 37, 37, 37, 37, 37, 37, 37, 37, 36, 36, 36, 36, 36, 36, 36, 36, 36, 36, 36, 36, 36, 36, 36, 36, 36, 36, 36, 36, 36, 36, 36, 36, 36, 36, 36, 36, 36, 36, 36, 36, 36]","[8.0, 7.5, 7.5, 7.5, 7.0]","[8.0, 7.5]","[7.5, 7.5, 7.0]",rgb/live/Synchro_017/18,118,066512.jpg,066629.jpg,rgb/replay1/Synchro_017/18,154,066911.jpg,067064.jpg,masks/live/Synchro_017/18,118,True,,0,False,unknown_existing_segmentation_output,[],masks/replay1/Synchro_017/18,predicted_input,True
2.0,Synchro_017/19,Synchro_017,19,test,103b,42.6,2.0,68234,68352,44,86,2,"[44, 86]",119,"[1, 1, 1, 1, 1, 1, 1, 1, 1, 1, 1, 1, 1, 1, 1, 1, 1, 1, 1, 1, 1, 1, 1, 1, 1, 1, 1, 1, 1, 1, 1, 1, 1, 1, 1, 1, 1, 1, 1, 1, 1, 1, 1, 1, 1, 12, 12, 12, 12, 12, 12, 12, 12, 12, 12, 12, 12, 12, 12, 12, 12, 12, 12, 12, 12, 12, 12, 12, 12, 12, 12, 12, 12, 12, 12, 12, 12, 12, 12, 12, 12, 12, 12, 12, 12, 12, 12, 36, 36, 36, 36, 36, 36, 36, 36, 36, 36, 36, 36, 36, 36, 36, 36, 36, 36, 36, 36, 36, 36, 36, 36, 36, 36, 36, 36, 36, 36, 36, 36]","[7.0, 7.0, 7.0, 7.0, 7.5]","[7.0, 7.0]","[7.0, 7.0, 7.5]",rgb/live/Synchro_017/19,119,068234.jpg,068352.jpg,rgb/replay1/Synchro_017/19,161,068746.jpg,068906.jpg,masks/live/Synchro_017/19,119,True,,0,False,unknown_existing_segmentation_output,[],masks/replay1/Synchro_017/19,predicted_input,True
2.0,Synchro_017/20,Synchro_017,20,train,301b,42.0,2.0,69866,69987,47,89,2,"[47, 89]",122,"[3, 3, 3, 3, 3, 3, 3, 3, 3, 3, 3, 3, 3, 3, 3, 3, 3, 3, 3, 3, 3, 3, 3, 3, 3, 3, 3, 3, 3, 3, 3, 3, 3, 3, 3, 3, 3, 3, 3, 3, 3, 3, 3, 3, 3, 3, 3, 3, 37, 37, 37, 37, 37, 37, 37, 37, 37, 37, 37, 37, 37, 37, 37, 37, 37, 37, 37, 37, 37, 37, 37, 37, 37, 37, 37, 37, 37, 37, 37, 37, 37, 37, 37, 37, 37, 37, 37, 37, 37, 37, 36, 36, 36, 36, 36, 36, 36, 36, 36, 36, 36, 36, 36, 36, 36, 36, 36, 36, 36, 36, 36, 36, 36, 36, 36, 36, 36, 36, 36, 36, 36, 36]","[8.0, 6.0, 7.0, 7.0, 7.0]","[8.0, 6.0]","[7.0, 7.0, 7.0]",rgb/live/Synchro_017/20,122,069866.jpg,069987.jpg,rgb/replay1/Synchro_017/20,142,070250.jpg,070391.jpg,masks/live/Synchro_017/20,122,True,,0,False,unknown_existing_segmentation_output,[],masks/replay1/Synchro_017/20,predicted_input,True
2.0,Synchro_017/21,Synchro_017,21,test,405c,50.22,2.7,182818,182913,8,49,2,"[8, 49]",96,"[4, 4, 4, 4, 4, 4, 4, 4, 4, 23, 23, 23, 23, 23, 23, 23, 23, 23, 23, 23, 23, 23, 23, 23, 23, 23, 23, 23, 23, 23, 23, 23, 23, 23, 23, 23, 23, 23, 23, 23, 23, 23, 23, 23, 23, 23, 23, 23, 23, 23, 36, 36, 36, 36, 36, 36, 36, 36, 36, 36, 36, 36, 36, 36, 36, 36, 36, 36, 36, 36, 36, 36, 36, 36, 36, 36, 36, 36, 36, 36, 36, 36, 36, 36, 36, 36, 36, 36, 36, 36, 36, 36, 36, 36, 36, 36]","[4.0, 7.5, 6.5, 6.5, 6.5]","[4.0, 7.5]","[6.5, 6.5, 6.5]",rgb/live/Synchro_017/21,96,182818.jpg,182913.jpg,rgb/replay1/Synchro_017/21,115,183048.jpg,183162.jpg,masks/live/Synchro_017/21,96,True,,0,False,unknown_existing_segmentation_output,[],masks/replay1/Synchro_017/21,predicted_input,True
2.0,Synchro_017/22,Synchro_017,22,train,5233d,47.52,2.4,178344,178439,2,39,3,"[2, 27, 39]",96,"[2, 2, 2, 31, 31, 31, 31, 31, 31, 31, 31, 31, 31, 31, 31, 31, 31, 31, 31, 31, 31, 31, 31, 31, 31, 31, 31, 31, 13, 13, 13, 13, 13, 13, 13, 13, 13, 13, 13, 13, 36, 36, 36, 36, 36, 36, 36, 36, 36, 36, 36, 36, 36, 36, 36, 36, 36, 36, 36, 36, 36, 36, 36, 36, 36, 36, 36, 36, 36, 36, 36, 36, 36, 36, 36, 36, 36, 36, 36, 36, 36, 36, 36, 36, 36, 36, 36, 36, 36, 36, 36, 36, 36, 36, 36, 36]","[5.5, 6.5, 7.0, 7.0, 7.0]","[5.5, 6.5]","[7.0, 7.0, 7.0]",rgb/live/Synchro_017/22,96,178344.jpg,178439.jpg,rgb/replay1/Synchro_017/22,121,178578.jpg,178698.jpg,masks/live/Synchro_017/22,96,True,,0,False,unknown_existing_segmentation_output,[],masks/replay1/Synchro_017/22,predicted_input,True
2.0,Synchro_017/23,Synchro_017,23,test,5154b,57.12,3.4,176425,176547,40,86,4,"[40, 52, 79, 86]",123,"[1, 1, 1, 1, 1, 1, 1, 1, 1, 1, 1, 1, 1, 1, 1, 1, 1, 1, 1, 1, 1, 1, 1, 1, 1, 1, 1, 1, 1, 1, 1, 1, 1, 1, 1, 1, 1, 1, 1, 1, 1, 15, 15, 15, 15, 15, 15, 15, 15, 15, 15, 15, 15, 32, 32, 32, 32, 32, 32, 32, 32, 32, 32, 32, 32, 32, 32, 32, 32, 32, 32, 32, 32, 32, 32, 32, 32, 32, 32, 32, 15, 15, 15, 15, 15, 15, 15, 36, 36, 36, 36, 36, 36, 36, 36, 36, 36, 36, 36, 36, 36, 36, 36, 36, 36, 36, 36, 36, 36, 36, 36, 36, 36, 36, 36, 36, 36, 36, 36, 36, 36, 36, 36]","[6.0, 4.0, 6.0, 6.0, 6.0]","[6.0, 4.0]","[6.0, 6.0, 6.0]",rgb/live/Synchro_017/23,123,176425.jpg,176547.jpg,rgb/replay1/Synchro_017/23,112,176932.jpg,177043.jpg,masks/live/Synchro_017/23,123,True,,0,False,unknown_existing_segmentation_output,[],masks/replay1/Synchro_017/23,predicted_input,True
2.0,Synchro_017/24,Synchro_017,24,train,5154b,73.44,3.4,174663,174782,40,87,4,"[40, 53, 75, 87]",120,"[1, 1, 1, 1, 1, 1, 1, 1, 1, 1, 1, 1, 1, 1, 1, 1, 1, 1, 1, 1, 1, 1, 1, 1, 1, 1, 1, 1, 1, 1, 1, 1, 1, 1, 1, 1, 1, 1, 1, 1, 1, 15, 15, 15, 15, 15, 15, 15, 15, 15, 15, 15, 15, 15, 32, 32, 32, 32, 32, 32, 32, 32, 32, 32, 32, 32, 32, 32, 32, 32, 32, 32, 32, 32, 32, 32, 15, 15, 15, 15, 15, 15, 15, 15, 15, 15, 15, 15, 36, 36, 36, 36, 36, 36, 36, 36, 36, 36, 36, 36, 36, 36, 36, 36, 36, 36, 36, 36, 36, 36, 36, 36, 36, 36, 36, 36, 36, 36, 36, 36]","[8.0, 6.5, 7.0, 7.0, 7.5]","[8.0, 6.5]","[7.0, 7.0, 7.5]",rgb/live/Synchro_017/24,120,174663.jpg,174782.jpg,rgb/replay1/Synchro_017/24,178,175126.jpg,175303.jpg,masks/live/Synchro_017/24,120,True,,0,False,unknown_existing_segmentation_output,[],masks/replay1/Synchro_017/24,predicted_input,True
2.0,Synchro_017/25,Synchro_017,25,test,401b,48.6,2.0,79318,79413,23,60,2,"[23, 60]",96,"[4, 4, 4, 4, 4, 4, 4, 4, 4, 4, 4, 4, 4, 4, 4, 4, 4, 4, 4, 4, 4, 4, 4, 4, 37, 37, 37, 37, 37, 37, 37, 37, 37, 37, 37, 37, 37, 37, 37, 37, 37, 37, 37, 37, 37, 37, 37, 37, 37, 37, 37, 37, 37, 37, 37, 37, 37, 37, 37, 37, 37, 36, 36, 36, 36, 36, 36, 36, 36, 36, 36, 36, 36, 36, 36, 36, 36, 36, 36, 36, 36, 36, 36, 36, 36, 36, 36, 36, 36, 36, 36, 36, 36, 36, 36, 36]","[8.0, 8.0, 8.0, 8.0, 8.5]","[8.0, 8.0]","[8.0, 8.0, 8.5]",rgb/live/Synchro_017/25,96,079318.jpg,079413.jpg,rgb/replay1/Synchro_017/25,129,079670.jpg,079798.jpg,masks/live/Synchro_017/25,96,True,,0,False,unknown_existing_segmentation_output,[],masks/replay1/Synchro_017/25,predicted_input,True
2.0,Synchro_017/26,Synchro_017,26,train,301b,29.4,2.0,80970,81087,40,78,2,"[40, 78]",118,"[3, 3, 3, 3, 3, 3, 3, 3, 3, 3, 3, 3, 3, 3, 3, 3, 3, 3, 3, 3, 3, 3, 3, 3, 3, 3, 3, 3, 3, 3, 3, 3, 3, 3, 3, 3, 3, 3, 3, 3, 3, 37, 37, 37, 37, 37, 37, 37, 37, 37, 37, 37, 37, 37, 37, 37, 37, 37, 37, 37, 37, 37, 37, 37, 37, 37, 37, 37, 37, 37, 37, 37, 37, 37, 37, 37, 37, 37, 37, 36, 36, 36, 36, 36, 36, 36, 36, 36, 36, 36, 36, 36, 36, 36, 36, 36, 36, 36, 36, 36, 36, 36, 36, 36, 36, 36, 36, 36, 36, 36, 36, 36, 36, 36, 36, 36, 36, 36]","[4.0, 5.0, 5.0, 5.0, 5.5]","[4.0, 5.0]","[5.0, 5.0, 5.5]",rgb/live/Synchro_017/26,118,080970.jpg,081087.jpg,rgb/replay1/Synchro_017/26,123,081404.jpg,081526.jpg,masks/live/Synchro_017/26,118,True,,0,False,unknown_existing_segmentation_output,[],masks/replay1/Synchro_017/26,predicted_input,True
2.0,Synchro_017/27,Synchro_017,27,test,201b,48.6,2.0,83005,83100,21,55,2,"[21, 55]",96,"[2, 2, 2, 2, 2, 2, 2, 2, 2, 2, 2, 2, 2, 2, 2, 2, 2, 2, 2, 2, 2, 2, 37, 37, 37, 37, 37, 37, 37, 37, 37, 37, 37, 37, 37, 37, 37, 37, 37, 37, 37, 37, 37, 37, 37, 37, 37, 37, 37, 37, 37, 37, 37, 37, 37, 37, 36, 36, 36, 36, 36, 36, 36, 36, 36, 36, 36, 36, 36, 36, 36, 36, 36, 36, 36, 36, 36, 36, 36, 36, 36, 36, 36, 36, 36, 36, 36, 36, 36, 36, 36, 36, 36, 36, 36, 36]","[8.0, 7.5, 8.0, 8.5, 8.5]","[8.0, 7.5]","[8.0, 8.5, 8.5]",rgb/live/Synchro_017/27,96,083005.jpg,083100.jpg,rgb/replay1/Synchro_017/27,119,083292.jpg,083410.jpg,masks/live/Synchro_017/27,96,True,,0,False,unknown_existing_segmentation_output,[],masks/replay1/Synchro_017/27,predicted_input,True
2.0,Synchro_017/28,Synchro_017,28,test,5132d,41.4,2.0,86451,86567,39,80,4,"[39, 48, 64, 80]",117,"[1, 1, 1, 1, 1, 1, 1, 1, 1, 1, 1, 1, 1, 1, 1, 1, 1, 1, 1, 1, 1, 1, 1, 1, 1, 1, 1, 1, 1, 1, 1, 1, 1, 1, 1, 1, 1, 1, 1, 1, 13, 13, 13, 13, 13, 13, 13, 13, 13, 30, 30, 30, 30, 30, 30, 30, 30, 30, 30, 30, 30, 30, 30, 30, 30, 13, 13, 13, 13, 13, 13, 13, 13, 13, 13, 13, 13, 13, 13, 13, 13, 36, 36, 36, 36, 36, 36, 36, 36, 36, 36, 36, 36, 36, 36, 36, 36, 36, 36, 36, 36, 36, 36, 36, 36, 36, 36, 36, 36, 36, 36, 36, 36, 36, 36, 36, 36]","[6.5, 6.5, 7.0, 7.0, 7.5]","[6.5, 6.5]","[7.0, 7.0, 7.5]",rgb/live/Synchro_017/28,117,086451.jpg,086567.jpg,rgb/replay1/Synchro_017/28,117,086929.jpg,087045.jpg,masks/live/Synchro_017/28,117,True,,0,False,unknown_existing_segmentation_output,[],masks/replay1/Synchro_017/28,predicted_input,True
2.0,Synchro_017/29,Synchro_017,29,train,403b,47.4,2.0,88341,88439,20,56,2,"[20, 56]",99,"[4, 4, 4, 4, 4, 4, 4, 4, 4, 4, 4, 4, 4, 4, 4, 4, 4, 4, 4, 4, 4, 13, 13, 13, 13, 13, 13, 13, 13, 13, 13, 13, 13, 13, 13, 13, 13, 13, 13, 13, 13, 13, 13, 13, 13, 13, 13, 13, 13, 13, 13, 13, 13, 13, 13, 13, 13, 36, 36, 36, 36, 36, 36, 36, 36, 36, 36, 36, 36, 36, 36, 36, 36, 36, 36, 36, 36, 36, 36, 36, 36, 36, 36, 36, 36, 36, 36, 36, 36, 36, 36, 36, 36, 36, 36, 36, 36, 36, 36]","[8.0, 7.5, 8.0, 8.0, 8.0]","[8.0, 7.5]","[8.0, 8.0, 8.0]",rgb/live/Synchro_017/29,99,088341.jpg,088439.jpg,rgb/replay1/Synchro_017/29,111,088595.jpg,088705.jpg,masks/live/Synchro_017/29,99,True,,0,False,unknown_existing_segmentation_output,[],masks/replay1/Synchro_017/29,predicted_input,True
2.0,Synchro_017/30,Synchro_017,30,train,403b,41.4,2.0,90311,90406,15,54,2,"[15, 54]",96,"[4, 4, 4, 4, 4, 4, 4, 4, 4, 4, 4, 4, 4, 4, 4, 4, 13, 13, 13, 13, 13, 13, 13, 13, 13, 13, 13, 13, 13, 13, 13, 13, 13, 13, 13, 13, 13, 13, 13, 13, 13, 13, 13, 13, 13, 13, 13, 13, 13, 13, 13, 13, 13, 13, 13, 36, 36, 36, 36, 36, 36, 36, 36, 36, 36, 36, 36, 36, 36, 36, 36, 36, 36, 36, 36, 36, 36, 36, 36, 36, 36, 36, 36, 36, 36, 36, 36, 36, 36, 36, 36, 36, 36, 36, 36, 36]","[6.5, 5.5, 7.5, 7.5, 7.5]","[6.5, 5.5]","[7.5, 7.5, 7.5]",rgb/live/Synchro_017/30,96,090311.jpg,090406.jpg,rgb/replay1/Synchro_017/30,128,090613.jpg,090740.jpg,masks/live/Synchro_017/30,96,True,,0,False,unknown_existing_segmentation_output,[],masks/replay1/Synchro_017/30,predicted_input,True
2.0,Synchro_017/31,Synchro_017,31,train,205c,56.28,2.8,95163,95258,2,41,2,"[2, 41]",96,"[2, 2, 2, 23, 23, 23, 23, 23, 23, 23, 23, 23, 23, 23, 23, 23, 23, 23, 23, 23, 23, 23, 23, 23, 23, 23, 23, 23, 23, 23, 23, 23, 23, 23, 23, 23, 23, 23, 23, 23, 23, 23, 36, 36, 36, 36, 36, 36, 36, 36, 36, 36, 36, 36, 36, 36, 36, 36, 36, 36, 36, 36, 36, 36, 36, 36, 36, 36, 36, 36, 36, 36, 36, 36, 36, 36, 36, 36, 36, 36, 36, 36, 36, 36, 36, 36, 36, 36, 36, 36, 36, 36, 36, 36, 36, 36]","[6.0, 6.5, 7.0, 7.0, 7.0]","[6.0, 6.5]","[7.0, 7.0, 7.0]",rgb/live/Synchro_017/31,96,095163.jpg,095258.jpg,rgb/replay1/Synchro_017/31,105,095582.jpg,095686.jpg,masks/live/Synchro_017/31,96,True,,0,False,unknown_existing_segmentation_output,[],masks/replay1/Synchro_017/31,predicted_input,True
2.0,Synchro_017/32,Synchro_017,32,train,5154b,64.26,3.4,170458,170585,42,89,4,"[42, 59, 83, 89]",128,"[1, 1, 1, 1, 1, 1, 1, 1, 1, 1, 1, 1, 1, 1, 1, 1, 1, 1, 1, 1, 1, 1, 1, 1, 1, 1, 1, 1, 1, 1, 1, 1, 1, 1, 1, 1, 1, 1, 1, 1, 1, 1, 1, 15, 15, 15, 15, 15, 15, 15, 15, 15, 15, 15, 15, 15, 15, 15, 15, 15, 32, 32, 32, 32, 32, 32, 32, 32, 32, 32, 32, 32, 32, 32, 32, 32, 32, 32, 32, 32, 32, 32, 32, 32, 15, 15, 15, 15, 15, 15, 36, 36, 36, 36, 36, 36, 36, 36, 36, 36, 36, 36, 36, 36, 36, 36, 36, 36, 36, 36, 36, 36, 36, 36, 36, 36, 36, 36, 36, 36, 36, 36, 36, 36, 36, 36, 36, 36]","[6.5, 4.5, 6.5, 6.5, 7.5]","[6.5, 4.5]","[6.5, 6.5, 7.5]",rgb/live/Synchro_017/32,128,170458.jpg,170585.jpg,rgb/replay1/Synchro_017/32,145,170774.jpg,170918.jpg,masks/live/Synchro_017/32,128,True,Trimmed_Diving_Video_Frames/TEMP_LIVE/Replay2/Synchro_017/32,130,True,unknown_existing_segmentation_output,[],masks/replay1/Synchro_017/32,predicted_input,True
2.0,Synchro_017/33,Synchro_017,33,train,5154b,56.1,3.4,166480,166605,38,85,4,"[38, 54, 76, 85]",126,"[1, 1, 1, 1, 1, 1, 1, 1, 1, 1, 1, 1, 1, 1, 1, 1, 1, 1, 1, 1, 1, 1, 1, 1, 1, 1, 1, 1, 1, 1, 1, 1, 1, 1, 1, 1, 1, 1, 1, 15, 15, 15, 15, 15, 15, 15, 15, 15, 15, 15, 15, 15, 15, 15, 15, 32, 32, 32, 32, 32, 32, 32, 32, 32, 32, 32, 32, 32, 32, 32, 32, 32, 32, 32, 32, 32, 32, 15, 15, 15, 15, 15, 15, 15, 15, 15, 36, 36, 36, 36, 36, 36, 36, 36, 36, 36, 36, 36, 36, 36, 36, 36, 36, 36, 36, 36, 36, 36, 36, 36, 36, 36, 36, 36, 36, 36, 36, 36, 36, 36, 36, 36, 36, 36, 36, 36]","[4.5, 5.0, 6.0, 6.0, 6.0]","[4.5, 5.0]","[6.0, 6.0, 6.0]",rgb/live/Synchro_017/33,126,166480.jpg,166605.jpg,rgb/replay1/Synchro_017/33,136,166762.jpg,166897.jpg,masks/live/Synchro_017/33,126,True,Trimmed_Diving_Video_Frames/TEMP_LIVE/Replay2/Synchro_017/33,126,True,unknown_existing_segmentation_output,[],masks/replay1/Synchro_017/33,predicted_input,True
2.0,Synchro_017/34,Synchro_017,34,train,107b,61.38,3.1,100585,100703,39,86,2,"[39, 86]",119,"[1, 1, 1, 1, 1, 1, 1, 1, 1, 1, 1, 1, 1, 1, 1, 1, 1, 1, 1, 1, 1, 1, 1, 1, 1, 1, 1, 1, 1, 1, 1, 1, 1, 1, 1, 1, 1, 1, 1, 1, 17, 17, 17, 17, 17, 17, 17, 17, 17, 17, 17, 17, 17, 17, 17, 17, 17, 17, 17, 17, 17, 17, 17, 17, 17, 17, 17, 17, 17, 17, 17, 17, 17, 17, 17, 17, 17, 17, 17, 17, 17, 17, 17, 17, 17, 17, 17, 36, 36, 36, 36, 36, 36, 36, 36, 36, 36, 36, 36, 36, 36, 36, 36, 36, 36, 36, 36, 36, 36, 36, 36, 36, 36, 36, 36, 36, 36, 36, 36]","[7.5, 4.5, 7.0, 7.0, 7.0]","[7.5, 4.5]","[7.0, 7.0, 7.0]",rgb/live/Synchro_017/34,119,100585.jpg,100703.jpg,rgb/replay1/Synchro_017/34,150,100972.jpg,101121.jpg,masks/live/Synchro_017/34,119,True,,0,False,unknown_existing_segmentation_output,[],masks/replay1/Synchro_017/34,predicted_input,True
2.0,Synchro_017/35,Synchro_017,35,validation,107c,57.96,2.8,163111,163222,36,82,2,"[36, 82]",112,"[1, 1, 1, 1, 1, 1, 1, 1, 1, 1, 1, 1, 1, 1, 1, 1, 1, 1, 1, 1, 1, 1, 1, 1, 1, 1, 1, 1, 1, 1, 1, 1, 1, 1, 1, 1, 1, 25, 25, 25, 25, 25, 25, 25, 25, 25, 25, 25, 25, 25, 25, 25, 25, 25, 25, 25, 25, 25, 25, 25, 25, 25, 25, 25, 25, 25, 25, 25, 25, 25, 25, 25, 25, 25, 25, 25, 25, 25, 25, 25, 25, 25, 25, 36, 36, 36, 36, 36, 36, 36, 36, 36, 36, 36, 36, 36, 36, 36, 36, 36, 36, 36, 36, 36, 36, 36, 36, 36, 36, 36, 36, 36]","[6.5, 6.5, 7.0, 7.0, 7.5]","[6.5, 6.5]","[7.0, 7.0, 7.5]",rgb/live/Synchro_017/35,112,163111.jpg,163222.jpg,rgb/replay1/Synchro_017/35,133,163362.jpg,163494.jpg,masks/live/Synchro_017/35,112,True,Trimmed_Diving_Video_Frames/TEMP_LIVE/Replay2/Synchro_017/35,154,True,unknown_existing_segmentation_output,[],masks/replay1/Synchro_017/35,predicted_input,True
2.0,Synchro_017/36,Synchro_017,36,test,405b,47.7,3.0,104199,104309,31,70,2,"[31, 70]",111,"[4, 4, 4, 4, 4, 4, 4, 4, 4, 4, 4, 4, 4, 4, 4, 4, 4, 4, 4, 4, 4, 4, 4, 4, 4, 4, 4, 4, 4, 4, 4, 4, 15, 15, 15, 15, 15, 15, 15, 15, 15, 15, 15, 15, 15, 15, 15, 15, 15, 15, 15, 15, 15, 15, 15, 15, 15, 15, 15, 15, 15, 15, 15, 15, 15, 15, 15, 15, 15, 15, 15, 36, 36, 36, 36, 36, 36, 36, 36, 36, 36, 36, 36, 36, 36, 36, 36, 36, 36, 36, 36, 36, 36, 36, 36, 36, 36, 36, 36, 36, 36, 36, 36, 36, 36, 36, 36, 36, 36, 36, 36]","[5.0, 3.5, 6.0, 6.0, 6.0]","[5.0, 3.5]","[6.0, 6.0, 6.0]",rgb/live/Synchro_017/36,111,104199.jpg,104309.jpg,rgb/replay1/Synchro_017/36,100,104544.jpg,104643.jpg,masks/live/Synchro_017/36,111,True,,0,False,unknown_existing_segmentation_output,[],masks/replay1/Synchro_017/36,predicted_input,True
2.0,Synchro_017/37,Synchro_017,37,train,107b,64.17,3.1,107729,107851,40,85,2,"[40, 85]",123,"[1, 1, 1, 1, 1, 1, 1, 1, 1, 1, 1, 1, 1, 1, 1, 1, 1, 1, 1, 1, 1, 1, 1, 1, 1, 1, 1, 1, 1, 1, 1, 1, 1, 1, 1, 1, 1, 1, 1, 1, 1, 17, 17, 17, 17, 17, 17, 17, 17, 17, 17, 17, 17, 17, 17, 17, 17, 17, 17, 17, 17, 17, 17, 17, 17, 17, 17, 17, 17, 17, 17, 17, 17, 17, 17, 17, 17, 17, 17, 17, 17, 17, 17, 17, 17, 17, 36, 36, 36, 36, 36, 36, 36, 36, 36, 36, 36, 36, 36, 36, 36, 36, 36, 36, 36, 36, 36, 36, 36, 36, 36, 36, 36, 36, 36, 36, 36, 36, 36, 36, 36, 36, 36]","[6.5, 6.5, 7.0, 7.0, 7.5]","[6.5, 6.5]","[7.0, 7.0, 7.5]",rgb/live/Synchro_017/37,123,107729.jpg,107851.jpg,rgb/replay1/Synchro_017/37,107,108151.jpg,108257.jpg,masks/live/Synchro_017/37,123,True,,0,False,unknown_existing_segmentation_output,[],masks/replay1/Synchro_017/37,predicted_input,True
2.0,Synchro_017/38,Synchro_017,38,test,5154b,58.14,3.4,161394,161520,41,86,4,"[41, 56, 81, 86]",127,"[1, 1, 1, 1, 1, 1, 1, 1, 1, 1, 1, 1, 1, 1, 1, 1, 1, 1, 1, 1, 1, 1, 1, 1, 1, 1, 1, 1, 1, 1, 1, 1, 1, 1, 1, 1, 1, 1, 1, 1, 1, 1, 15, 15, 15, 15, 15, 15, 15, 15, 15, 15, 15, 15, 15, 15, 15, 32, 32, 32, 32, 32, 32, 32, 32, 32, 32, 32, 32, 32, 32, 32, 32, 32, 32, 32, 32, 32, 32, 32, 32, 32, 15, 15, 15, 15, 15, 36, 36, 36, 36, 36, 36, 36, 36, 36, 36, 36, 36, 36, 36, 36, 36, 36, 36, 36, 36, 36, 36, 36, 36, 36, 36, 36, 36, 36, 36, 36, 36, 36, 36, 36, 36, 36, 36, 36, 36]","[5.5, 5.5, 5.5, 6.0, 6.0]","[5.5, 5.5]","[5.5, 6.0, 6.0]",rgb/live/Synchro_017/38,127,161394.jpg,161520.jpg,rgb/replay1/Synchro_017/38,146,161708.jpg,161853.jpg,masks/live/Synchro_017/38,127,True,Trimmed_Diving_Video_Frames/TEMP_LIVE/Replay2/Synchro_017/38,153,True,unknown_existing_segmentation_output,[],masks/replay1/Synchro_017/38,predicted_input,True
2.0,Synchro_017/39,Synchro_017,39,train,5152b,53.1,3.0,158183,158295,29,75,4,"[29, 43, 64, 75]",113,"[1, 1, 1, 1, 1, 1, 1, 1, 1, 1, 1, 1, 1, 1, 1, 1, 1, 1, 1, 1, 1, 1, 1, 1, 1, 1, 1, 1, 1, 1, 15, 15, 15, 15, 15, 15, 15, 15, 15, 15, 15, 15, 15, 15, 30, 30, 30, 30, 30, 30, 30, 30, 30, 30, 30, 30, 30, 30, 30, 30, 30, 30, 30, 30, 30, 15, 15, 15, 15, 15, 15, 15, 15, 15, 15, 15, 36, 36, 36, 36, 36, 36, 36, 36, 36, 36, 36, 36, 36, 36, 36, 36, 36, 36, 36, 36, 36, 36, 36, 36, 36, 36, 36, 36, 36, 36, 36, 36, 36, 36, 36, 36, 36]","[7.0, 5.0, 5.5, 6.0, 6.0]","[7.0, 5.0]","[5.5, 6.0, 6.0]",rgb/live/Synchro_017/39,113,158183.jpg,158295.jpg,rgb/replay1/Synchro_017/39,151,158450.jpg,158600.jpg,masks/live/Synchro_017/39,113,True,,0,False,unknown_existing_segmentation_output,[],masks/replay1/Synchro_017/39,predicted_input,True
2.0,Synchro_017/40,Synchro_017,40,train,5152b,62.1,3.0,113156,113268,38,83,4,"[38, 58, 73, 83]",113,"[1, 1, 1, 1, 1, 1, 1, 1, 1, 1, 1, 1, 1, 1, 1, 1, 1, 1, 1, 1, 1, 1, 1, 1, 1, 1, 1, 1, 1, 1, 1, 1, 1, 1, 1, 1, 1, 1, 1, 15, 15, 15, 15, 15, 15, 15, 15, 15, 15, 15, 15, 15, 15, 15, 15, 15, 15, 15, 15, 30, 30, 30, 30, 30, 30, 30, 30, 30, 30, 30, 30, 30, 30, 30, 15, 15, 15, 15, 15, 15, 15, 15, 15, 15, 36, 36, 36, 36, 36, 36, 36, 36, 36, 36, 36, 36, 36, 36, 36, 36, 36, 36, 36, 36, 36, 36, 36, 36, 36, 36, 36, 36, 36]","[7.0, 6.5, 7.0, 7.0, 7.0]","[7.0, 6.5]","[7.0, 7.0, 7.0]",rgb/live/Synchro_017/40,113,113156.jpg,113268.jpg,rgb/replay1/Synchro_017/40,116,113509.jpg,113624.jpg,masks/live/Synchro_017/40,113,True,,0,False,unknown_existing_segmentation_output,[],masks/replay1/Synchro_017/40,predicted_input,True
2.0,Synchro_017/41,Synchro_017,41,test,105b,40.32,2.4,114909,115025,36,77,2,"[36, 77]",117,"[1, 1, 1, 1, 1, 1, 1, 1, 1, 1, 1, 1, 1, 1, 1, 1, 1, 1, 1, 1, 1, 1, 1, 1, 1, 1, 1, 1, 1, 1, 1, 1, 1, 1, 1, 1, 1, 15, 15, 15, 15, 15, 15, 15, 15, 15, 15, 15, 15, 15, 15, 15, 15, 15, 15, 15, 15, 15, 15, 15, 15, 15, 15, 15, 15, 15, 15, 15, 15, 15, 15, 15, 15, 15, 15, 15, 15, 15, 36, 36, 36, 36, 36, 36, 36, 36, 36, 36, 36, 36, 36, 36, 36, 36, 36, 36, 36, 36, 36, 36, 36, 36, 36, 36, 36, 36, 36, 36, 36, 36, 36, 36, 36, 36, 36, 36, 36]","[4.5, 5.5, 6.0, 6.0, 6.0]","[4.5, 5.5]","[6.0, 6.0, 6.0]",rgb/live/Synchro_017/41,117,114909.jpg,115025.jpg,rgb/replay1/Synchro_017/41,163,115242.jpg,115404.jpg,masks/live/Synchro_017/41,117,True,,0,False,unknown_existing_segmentation_output,[],masks/replay1/Synchro_017/41,predicted_input,True
2.0,Synchro_017/42,Synchro_017,42,train,107b,64.17,3.1,118281,118403,41,87,2,"[41, 87]",123,"[1, 1, 1, 1, 1, 1, 1, 1, 1, 1, 1, 1, 1, 1, 1, 1, 1, 1, 1, 1, 1, 1, 1, 1, 1, 1, 1, 1, 1, 1, 1, 1, 1, 1, 1, 1, 1, 1, 1, 1, 1, 1, 17, 17, 17, 17, 17, 17, 17, 17, 17, 17, 17, 17, 17, 17, 17, 17, 17, 17, 17, 17, 17, 17, 17, 17, 17, 17, 17, 17, 17, 17, 17, 17, 17, 17, 17, 17, 17, 17, 17, 17, 17, 17, 17, 17, 17, 17, 36, 36, 36, 36, 36, 36, 36, 36, 36, 36, 36, 36, 36, 36, 36, 36, 36, 36, 36, 36, 36, 36, 36, 36, 36, 36, 36, 36, 36, 36, 36, 36, 36, 36, 36]","[7.5, 6.0, 7.0, 7.0, 7.0]","[7.5, 6.0]","[7.0, 7.0, 7.0]",rgb/live/Synchro_017/42,123,118281.jpg,118403.jpg,rgb/replay1/Synchro_017/42,136,118586.jpg,118721.jpg,masks/live/Synchro_017/42,123,True,,0,False,unknown_existing_segmentation_output,[],masks/replay1/Synchro_017/42,predicted_input,True
2.0,Synchro_017/43,Synchro_017,43,train,5154b,61.2,3.4,156233,156363,43,91,4,"[43, 58, 82, 91]",131,"[1, 1, 1, 1, 1, 1, 1, 1, 1, 1, 1, 1, 1, 1, 1, 1, 1, 1, 1, 1, 1, 1, 1, 1, 1, 1, 1, 1, 1, 1, 1, 1, 1, 1, 1, 1, 1, 1, 1, 1, 1, 1, 1, 1, 15, 15, 15, 15, 15, 15, 15, 15, 15, 15, 15, 15, 15, 15, 15, 32, 32, 32, 32, 32, 32, 32, 32, 32, 32, 32, 32, 32, 32, 32, 32, 32, 32, 32, 32, 32, 32, 32, 32, 15, 15, 15, 15, 15, 15, 15, 15, 15, 36, 36, 36, 36, 36, 36, 36, 36, 36, 36, 36, 36, 36, 36, 36, 36, 36, 36, 36, 36, 36, 36, 36, 36, 36, 36, 36, 36, 36, 36, 36, 36, 36, 36, 36, 36, 36, 36, 36]","[4.5, 6.0, 6.5, 6.5, 6.5]","[4.5, 6.0]","[6.5, 6.5, 6.5]",rgb/live/Synchro_017/43,131,156233.jpg,156363.jpg,rgb/replay1/Synchro_017/43,146,156478.jpg,156623.jpg,masks/live/Synchro_017/43,131,True,Trimmed_Diving_Video_Frames/TEMP_LIVE/Replay2/Synchro_017/43,139,True,unknown_existing_segmentation_output,[],masks/replay1/Synchro_017/43,predicted_input,True
2.0,Synchro_017/44,Synchro_017,44,test,107b,69.75,3.1,121655,121782,46,92,2,"[46, 92]",128,"[1, 1, 1, 1, 1, 1, 1, 1, 1, 1, 1, 1, 1, 1, 1, 1, 1, 1, 1, 1, 1, 1, 1, 1, 1, 1, 1, 1, 1, 1, 1, 1, 1, 1, 1, 1, 1, 1, 1, 1, 1, 1, 1, 1, 1, 1, 1, 17, 17, 17, 17, 17, 17, 17, 17, 17, 17, 17, 17, 17, 17, 17, 17, 17, 17, 17, 17, 17, 17, 17, 17, 17, 17, 17, 17, 17, 17, 17, 17, 17, 17, 17, 17, 17, 17, 17, 17, 17, 17, 17, 17, 17, 17, 36, 36, 36, 36, 36, 36, 36, 36, 36, 36, 36, 36, 36, 36, 36, 36, 36, 36, 36, 36, 36, 36, 36, 36, 36, 36, 36, 36, 36, 36, 36, 36, 36, 36, 36]","[8.0, 6.5, 7.5, 7.5, 8.0]","[8.0, 6.5]","[7.5, 7.5, 8.0]",rgb/live/Synchro_017/44,128,121655.jpg,121782.jpg,rgb/replay1/Synchro_017/44,151,122127.jpg,122277.jpg,masks/live/Synchro_017/44,128,True,,0,False,unknown_existing_segmentation_output,[],masks/replay1/Synchro_017/44,predicted_input,True
2.0,Synchro_017/45,Synchro_017,45,train,107b,61.38,3.1,123527,123642,36,84,2,"[36, 84]",116,"[1, 1, 1, 1, 1, 1, 1, 1, 1, 1, 1, 1, 1, 1, 1, 1, 1, 1, 1, 1, 1, 1, 1, 1, 1, 1, 1, 1, 1, 1, 1, 1, 1, 1, 1, 1, 1, 17, 17, 17, 17, 17, 17, 17, 17, 17, 17, 17, 17, 17, 17, 17, 17, 17, 17, 17, 17, 17, 17, 17, 17, 17, 17, 17, 17, 17, 17, 17, 17, 17, 17, 17, 17, 17, 17, 17, 17, 17, 17, 17, 17, 17, 17, 17, 17, 36, 36, 36, 36, 36, 36, 36, 36, 36, 36, 36, 36, 36, 36, 36, 36, 36, 36, 36, 36, 36, 36, 36, 36, 36, 36, 36, 36, 36, 36, 36]","[6.0, 6.0, 7.0, 7.0, 7.0]","[6.0, 6.0]","[7.0, 7.0, 7.0]",rgb/live/Synchro_017/45,116,123527.jpg,123642.jpg,rgb/replay1/Synchro_017/45,146,123826.jpg,123971.jpg,masks/live/Synchro_017/45,116,True,,0,False,unknown_existing_segmentation_output,[],masks/replay1/Synchro_017/45,predicted_input,True
2.0,Synchro_017/46,Synchro_017,46,test,5152b,62.1,3.0,126447,126562,40,86,4,"[40, 57, 74, 86]",116,"[1, 1, 1, 1, 1, 1, 1, 1, 1, 1, 1, 1, 1, 1, 1, 1, 1, 1, 1, 1, 1, 1, 1, 1, 1, 1, 1, 1, 1, 1, 1, 1, 1, 1, 1, 1, 1, 1, 1, 1, 1, 15, 15, 15, 15, 15, 15, 15, 15, 15, 15, 15, 15, 15, 15, 15, 15, 15, 30, 30, 30, 30, 30, 30, 30, 30, 30, 30, 30, 30, 30, 30, 30, 30, 30, 15, 15, 15, 15, 15, 15, 15, 15, 15, 15, 15, 15, 36, 36, 36, 36, 36, 36, 36, 36, 36, 36, 36, 36, 36, 36, 36, 36, 36, 36, 36, 36, 36, 36, 36, 36, 36, 36, 36, 36, 36]","[7.0, 6.5, 7.0, 7.0, 7.0]","[7.0, 6.5]","[7.0, 7.0, 7.0]",rgb/live/Synchro_017/46,116,126447.jpg,126562.jpg,rgb/replay1/Synchro_017/46,153,126861.jpg,127013.jpg,masks/live/Synchro_017/46,116,True,,0,False,unknown_existing_segmentation_output,[],masks/replay1/Synchro_017/46,predicted_input,True
2.0,Synchro_017/47,Synchro_017,47,train,405c,53.46,2.7,128373,128468,16,56,2,"[16, 56]",96,"[4, 4, 4, 4, 4, 4, 4, 4, 4, 4, 4, 4, 4, 4, 4, 4, 4, 23, 23, 23, 23, 23, 23, 23, 23, 23, 23, 23, 23, 23, 23, 23, 23, 23, 23, 23, 23, 23, 23, 23, 23, 23, 23, 23, 23, 23, 23, 23, 23, 23, 23, 23, 23, 23, 23, 23, 23, 36, 36, 36, 36, 36, 36, 36, 36, 36, 36, 36, 36, 36, 36, 36, 36, 36, 36, 36, 36, 36, 36, 36, 36, 36, 36, 36, 36, 36, 36, 36, 36, 36, 36, 36, 36, 36, 36, 36]","[6.5, 5.5, 7.0, 7.0, 7.0]","[6.5, 5.5]","[7.0, 7.0, 7.0]",rgb/live/Synchro_017/47,96,128373.jpg,128468.jpg,rgb/replay1/Synchro_017/47,101,128669.jpg,128769.jpg,masks/live/Synchro_017/47,96,True,,0,False,unknown_existing_segmentation_output,[],masks/replay1/Synchro_017/47,predicted_input,True
2.0,Synchro_017/48,Synchro_017,48,validation,405c,55.08,2.7,130124,130220,21,60,2,"[21, 60]",97,"[4, 4, 4, 4, 4, 4, 4, 4, 4, 4, 4, 4, 4, 4, 4, 4, 4, 4, 4, 4, 4, 4, 23, 23, 23, 23, 23, 23, 23, 23, 23, 23, 23, 23, 23, 23, 23, 23, 23, 23, 23, 23, 23, 23, 23, 23, 23, 23, 23, 23, 23, 23, 23, 23, 23, 23, 23, 23, 23, 23, 23, 36, 36, 36, 36, 36, 36, 36, 36, 36, 36, 36, 36, 36, 36, 36, 36, 36, 36, 36, 36, 36, 36, 36, 36, 36, 36, 36, 36, 36, 36, 36, 36, 36, 36, 36, 36]","[6.5, 6.5, 7.0, 7.0, 7.0]","[6.5, 6.5]","[7.0, 7.0, 7.0]",rgb/live/Synchro_017/48,97,130124.jpg,130220.jpg,rgb/replay1/Synchro_017/48,115,130380.jpg,130494.jpg,masks/live/Synchro_017/48,97,True,,0,False,unknown_existing_segmentation_output,[],masks/replay1/Synchro_017/48,predicted_input,True
2.0,Synchro_017/49,Synchro_017,49,train,107b,58.59,3.1,131891,132013,39,84,2,"[39, 84]",123,"[1, 1, 1, 1, 1, 1, 1, 1, 1, 1, 1, 1, 1, 1, 1, 1, 1, 1, 1, 1, 1, 1, 1, 1, 1, 1, 1, 1, 1, 1, 1, 1, 1, 1, 1, 1, 1, 1, 1, 1, 17, 17, 17, 17, 17, 17, 17, 17, 17, 17, 17, 17, 17, 17, 17, 17, 17, 17, 17, 17, 17, 17, 17, 17, 17, 17, 17, 17, 17, 17, 17, 17, 17, 17, 17, 17, 17, 17, 17, 17, 17, 17, 17, 17, 17, 36, 36, 36, 36, 36, 36, 36, 36, 36, 36, 36, 36, 36, 36, 36, 36, 36, 36, 36, 36, 36, 36, 36, 36, 36, 36, 36, 36, 36, 36, 36, 36, 36, 36, 36, 36, 36, 36]","[6.5, 6.5, 6.0, 6.0, 6.5]","[6.5, 6.5]","[6.0, 6.0, 6.5]",rgb/live/Synchro_017/49,123,131891.jpg,132013.jpg,rgb/replay1/Synchro_017/49,132,132177.jpg,132308.jpg,masks/live/Synchro_017/49,123,True,Trimmed_Diving_Video_Frames/TEMP_LIVE/Replay2/Synchro_017/49,152,True,unknown_existing_segmentation_output,[],masks/replay1/Synchro_017/49,predicted_input,True
2.0,Synchro_017/50,Synchro_017,50,train,5154b,67.32,3.4,134007,134131,40,87,4,"[40, 56, 80, 87]",125,"[1, 1, 1, 1, 1, 1, 1, 1, 1, 1, 1, 1, 1, 1, 1, 1, 1, 1, 1, 1, 1, 1, 1, 1, 1, 1, 1, 1, 1, 1, 1, 1, 1, 1, 1, 1, 1, 1, 1, 1, 1, 15, 15, 15, 15, 15, 15, 15, 15, 15, 15, 15, 15, 15, 15, 15, 15, 32, 32, 32, 32, 32, 32, 32, 32, 32, 32, 32, 32, 32, 32, 32, 32, 32, 32, 32, 32, 32, 32, 32, 32, 15, 15, 15, 15, 15, 15, 15, 36, 36, 36, 36, 36, 36, 36, 36, 36, 36, 36, 36, 36, 36, 36, 36, 36, 36, 36, 36, 36, 36, 36, 36, 36, 36, 36, 36, 36, 36, 36, 36, 36, 36, 36, 36, 36]","[7.0, 5.0, 7.0, 7.0, 7.0]","[7.0, 5.0]","[7.0, 7.0, 7.0]",rgb/live/Synchro_017/50,125,134007.jpg,134131.jpg,rgb/replay1/Synchro_017/50,132,134289.jpg,134420.jpg,masks/live/Synchro_017/50,125,True,,0,False,unknown_existing_segmentation_output,[],masks/replay1/Synchro_017/50,predicted_input,True
2.0,Synchro_017/51,Synchro_017,51,train,107b,67.89,3.1,135816,135939,41,88,2,"[41, 88]",124,"[1, 1, 1, 1, 1, 1, 1, 1, 1, 1, 1, 1, 1, 1, 1, 1, 1, 1, 1, 1, 1, 1, 1, 1, 1, 1, 1, 1, 1, 1, 1, 1, 1, 1, 1, 1, 1, 1, 1, 1, 1, 1, 17, 17, 17, 17, 17, 17, 17, 17, 17, 17, 17, 17, 17, 17, 17, 17, 17, 17, 17, 17, 17, 17, 17, 17, 17, 17, 17, 17, 17, 17, 17, 17, 17, 17, 17, 17, 17, 17, 17, 17, 17, 17, 17, 17, 17, 17, 17, 36, 36, 36, 36, 36, 36, 36, 36, 36, 36, 36, 36, 36, 36, 36, 36, 36, 36, 36, 36, 36, 36, 36, 36, 36, 36, 36, 36, 36, 36, 36, 36, 36, 36, 36]","[7.0, 7.0, 7.5, 7.5, 7.5]","[7.0, 7.0]","[7.5, 7.5, 7.5]",rgb/live/Synchro_017/51,124,135816.jpg,135939.jpg,rgb/replay1/Synchro_017/51,137,136280.jpg,136416.jpg,masks/live/Synchro_017/51,124,True,Trimmed_Diving_Video_Frames/TEMP_LIVE/Replay2/Synchro_017/51,106,True,unknown_existing_segmentation_output,[],masks/replay1/Synchro_017/51,predicted_input,True
2.0,Synchro_017/52,Synchro_017,52,train,107b,63.24,3.1,137558,137675,41,86,2,"[41, 86]",118,"[1, 1, 1, 1, 1, 1, 1, 1, 1, 1, 1, 1, 1, 1, 1, 1, 1, 1, 1, 1, 1, 1, 1, 1, 1, 1, 1, 1, 1, 1, 1, 1, 1, 1, 1, 1, 1, 1, 1, 1, 1, 1, 17, 17, 17, 17, 17, 17, 17, 17, 17, 17, 17, 17, 17, 17, 17, 17, 17, 17, 17, 17, 17, 17, 17, 17, 17, 17, 17, 17, 17, 17, 17, 17, 17, 17, 17, 17, 17, 17, 17, 17, 17, 17, 17, 17, 17, 36, 36, 36, 36, 36, 36, 36, 36, 36, 36, 36, 36, 36, 36, 36, 36, 36, 36, 36, 36, 36, 36, 36, 36, 36, 36, 36, 36, 36, 36, 36]","[6.5, 6.5, 7.0, 7.0, 7.0]","[6.5, 6.5]","[7.0, 7.0, 7.0]",rgb/live/Synchro_017/52,118,137558.jpg,137675.jpg,rgb/replay1/Synchro_017/52,111,137869.jpg,137979.jpg,masks/live/Synchro_017/52,118,True,,0,False,unknown_existing_segmentation_output,[],masks/replay1/Synchro_017/52,predicted_input,True
2.0,Synchro_017/53,Synchro_017,53,train,107b,56.73,3.1,139594,139713,38,84,2,"[38, 84]",120,"[1, 1, 1, 1, 1, 1, 1, 1, 1, 1, 1, 1, 1, 1, 1, 1, 1, 1, 1, 1, 1, 1, 1, 1, 1, 1, 1, 1, 1, 1, 1, 1, 1, 1, 1, 1, 1, 1, 1, 17, 17, 17, 17, 17, 17, 17, 17, 17, 17, 17, 17, 17, 17, 17, 17, 17, 17, 17, 17, 17, 17, 17, 17, 17, 17, 17, 17, 17, 17, 17, 17, 17, 17, 17, 17, 17, 17, 17, 17, 17, 17, 17, 17, 17, 17, 36, 36, 36, 36, 36, 36, 36, 36, 36, 36, 36, 36, 36, 36, 36, 36, 36, 36, 36, 36, 36, 36, 36, 36, 36, 36, 36, 36, 36, 36, 36, 36, 36, 36, 36]","[6.0, 6.5, 6.0, 6.0, 6.0]","[6.0, 6.5]","[6.0, 6.0, 6.0]",rgb/live/Synchro_017/53,120,139594.jpg,139713.jpg,rgb/replay1/Synchro_017/53,96,139859.jpg,139954.jpg,masks/live/Synchro_017/53,120,True,,0,False,unknown_existing_segmentation_output,[],masks/replay1/Synchro_017/53,predicted_input,True
2.0,Synchro_017/54,Synchro_017,54,train,405b,58.5,3.0,141349,141444,4,43,2,"[4, 43]",96,"[4, 4, 4, 4, 4, 15, 15, 15, 15, 15, 15, 15, 15, 15, 15, 15, 15, 15, 15, 15, 15, 15, 15, 15, 15, 15, 15, 15, 15, 15, 15, 15, 15, 15, 15, 15, 15, 15, 15, 15, 15, 15, 15, 15, 36, 36, 36, 36, 36, 36, 36, 36, 36, 36, 36, 36, 36, 36, 36, 36, 36, 36, 36, 36, 36, 36, 36, 36, 36, 36, 36, 36, 36, 36, 36, 36, 36, 36, 36, 36, 36, 36, 36, 36, 36, 36, 36, 36, 36, 36, 36, 36, 36, 36, 36, 36]","[6.0, 6.0, 6.5, 7.0, 7.0]","[6.0, 6.0]","[6.5, 7.0, 7.0]",rgb/live/Synchro_017/54,96,141349.jpg,141444.jpg,rgb/replay1/Synchro_017/54,116,141717.jpg,141832.jpg,masks/live/Synchro_017/54,96,True,,0,False,unknown_existing_segmentation_output,[],masks/replay1/Synchro_017/54,predicted_input,True
2.0,Synchro_017/55,Synchro_017,55,train,405c,51.03,2.7,143201,143315,42,80,2,"[42, 80]",115,"[4, 4, 4, 4, 4, 4, 4, 4, 4, 4, 4, 4, 4, 4, 4, 4, 4, 4, 4, 4, 4, 4, 4, 4, 4, 4, 4, 4, 4, 4, 4, 4, 4, 4, 4, 4, 4, 4, 4, 4, 4, 4, 4, 23, 23, 23, 23, 23, 23, 23, 23, 23, 23, 23, 23, 23, 23, 23, 23, 23, 23, 23, 23, 23, 23, 23, 23, 23, 23, 23, 23, 23, 23, 23, 23, 23, 23, 23, 23, 23, 23, 36, 36, 36, 36, 36, 36, 36, 36, 36, 36, 36, 36, 36, 36, 36, 36, 36, 36, 36, 36, 36, 36, 36, 36, 36, 36, 36, 36, 36, 36, 36, 36, 36, 36]","[6.0, 6.0, 6.5, 6.5, 6.5]","[6.0, 6.0]","[6.5, 6.5, 6.5]",rgb/live/Synchro_017/55,115,143201.jpg,143315.jpg,rgb/replay1/Synchro_017/55,122,143480.jpg,143601.jpg,masks/live/Synchro_017/55,115,True,,0,False,unknown_existing_segmentation_output,"[""alternate_replay1_conflict"", ""canonical_replay_mask_mismatch""]",masks/replay1/Synchro_017/55,predicted_input,False
2.0,Synchro_017/56,Synchro_017,56,train,107c,52.92,2.8,144928,145045,38,82,2,"[38, 82]",118,"[1, 1, 1, 1, 1, 1, 1, 1, 1, 1, 1, 1, 1, 1, 1, 1, 1, 1, 1, 1, 1, 1, 1, 1, 1, 1, 1, 1, 1, 1, 1, 1, 1, 1, 1, 1, 1, 1, 1, 25, 25, 25, 25, 25, 25, 25, 25, 25, 25, 25, 25, 25, 25, 25, 25, 25, 25, 25, 25, 25, 25, 25, 25, 25, 25, 25, 25, 25, 25, 25, 25, 25, 25, 25, 25, 25, 25, 25, 25, 25, 25, 25, 25, 36, 36, 36, 36, 36, 36, 36, 36, 36, 36, 36, 36, 36, 36, 36, 36, 36, 36, 36, 36, 36, 36, 36, 36, 36, 36, 36, 36, 36, 36, 36, 36, 36, 36, 36]","[5.0, 6.0, 6.5, 7.0, 7.0]","[5.0, 6.0]","[6.5, 7.0, 7.0]",rgb/live/Synchro_017/56,118,144928.jpg,145045.jpg,rgb/replay1/Synchro_017/56,111,145187.jpg,145297.jpg,masks/live/Synchro_017/56,118,True,Trimmed_Diving_Video_Frames/TEMP_LIVE/Replay2/Synchro_017/56,165,True,unknown_existing_segmentation_output,[],masks/replay1/Synchro_017/56,predicted_input,True
2.0,Synchro_017/57,Synchro_017,57,train,205b,59.4,3.0,147221,147318,18,60,2,"[18, 60]",98,"[2, 2, 2, 2, 2, 2, 2, 2, 2, 2, 2, 2, 2, 2, 2, 2, 2, 2, 2, 15, 15, 15, 15, 15, 15, 15, 15, 15, 15, 15, 15, 15, 15, 15, 15, 15, 15, 15, 15, 15, 15, 15, 15, 15, 15, 15, 15, 15, 15, 15, 15, 15, 15, 15, 15, 15, 15, 15, 15, 15, 15, 36, 36, 36, 36, 36, 36, 36, 36, 36, 36, 36, 36, 36, 36, 36, 36, 36, 36, 36, 36, 36, 36, 36, 36, 36, 36, 36, 36, 36, 36, 36, 36, 36, 36, 36, 36, 36]","[6.0, 6.0, 7.0, 7.0, 7.0]","[6.0, 6.0]","[7.0, 7.0, 7.0]",rgb/live/Synchro_017/57,98,147221.jpg,147318.jpg,rgb/replay1/Synchro_017/57,117,147600.jpg,147716.jpg,masks/live/Synchro_017/57,98,True,,0,False,unknown_existing_segmentation_output,[],masks/replay1/Synchro_017/57,predicted_input,True
2.0,Synchro_017/58,Synchro_017,58,train,203b,19.8,2.2,149286,149381,0,36,2,"[0, 36]",96,"[2, 13, 13, 13, 13, 13, 13, 13, 13, 13, 13, 13, 13, 13, 13, 13, 13, 13, 13, 13, 13, 13, 13, 13, 13, 13, 13, 13, 13, 13, 13, 13, 13, 13, 13, 13, 13, 36, 36, 36, 36, 36, 36, 36, 36, 36, 36, 36, 36, 36, 36, 36, 36, 36, 36, 36, 36, 36, 36, 36, 36, 36, 36, 36, 36, 36, 36, 36, 36, 36, 36, 36, 36, 36, 36, 36, 36, 36, 36, 36, 36, 36, 36, 36, 36, 36, 36, 36, 36, 36, 36, 36, 36, 36, 36, 36]","[4.5, 2.0, 2.0, 3.0, 3.5]","[4.5, 2.0]","[2.0, 3.0, 3.5]",rgb/live/Synchro_017/58,96,149286.jpg,149381.jpg,rgb/replay1/Synchro_017/58,115,149511.jpg,149625.jpg,masks/live/Synchro_017/58,96,True,,0,False,unknown_existing_segmentation_output,[],masks/replay1/Synchro_017/58,predicted_input,True
2.0,Synchro_017/59,Synchro_017,59,train,107b,67.89,3.1,151183,151301,40,86,2,"[40, 86]",119,"[1, 1, 1, 1, 1, 1, 1, 1, 1, 1, 1, 1, 1, 1, 1, 1, 1, 1, 1, 1, 1, 1, 1, 1, 1, 1, 1, 1, 1, 1, 1, 1, 1, 1, 1, 1, 1, 1, 1, 1, 1, 17, 17, 17, 17, 17, 17, 17, 17, 17, 17, 17, 17, 17, 17, 17, 17, 17, 17, 17, 17, 17, 17, 17, 17, 17, 17, 17, 17, 17, 17, 17, 17, 17, 17, 17, 17, 17, 17, 17, 17, 17, 17, 17, 17, 17, 17, 36, 36, 36, 36, 36, 36, 36, 36, 36, 36, 36, 36, 36, 36, 36, 36, 36, 36, 36, 36, 36, 36, 36, 36, 36, 36, 36, 36, 36, 36, 36, 36]","[7.0, 7.0, 7.5, 7.5, 7.5]","[7.0, 7.0]","[7.5, 7.5, 7.5]",rgb/live/Synchro_017/59,119,151183.jpg,151301.jpg,rgb/replay1/Synchro_017/59,105,151457.jpg,151561.jpg,masks/live/Synchro_017/59,119,True,Trimmed_Diving_Video_Frames/TEMP_LIVE/Replay2/Synchro_017/59,114,True,unknown_existing_segmentation_output,[],masks/replay1/Synchro_017/59,predicted_input,True
2.0,Synchro_017/60,Synchro_017,60,train,307c,63.0,3.5,152875,153003,44,91,2,"[44, 91]",129,"[3, 3, 3, 3, 3, 3, 3, 3, 3, 3, 3, 3, 3, 3, 3, 3, 3, 3, 3, 3, 3, 3, 3, 3, 3, 3, 3, 3, 3, 3, 3, 3, 3, 3, 3, 3, 3, 3, 3, 3, 3, 3, 3, 3, 3, 25, 25, 25, 25, 25, 25, 25, 25, 25, 25, 25, 25, 25, 25, 25, 25, 25, 25, 25, 25, 25, 25, 25, 25, 25, 25, 25, 25, 25, 25, 25, 25, 25, 25, 25, 25, 25, 25, 25, 25, 25, 25, 25, 25, 25, 25, 25, 36, 36, 36, 36, 36, 36, 36, 36, 36, 36, 36, 36, 36, 36, 36, 36, 36, 36, 36, 36, 36, 36, 36, 36, 36, 36, 36, 36, 36, 36, 36, 36, 36, 36, 36, 36, 36]","[6.0, 4.5, 6.5, 6.5, 6.5]","[6.0, 4.5]","[6.5, 6.5, 6.5]",rgb/live/Synchro_017/60,129,152875.jpg,153003.jpg,rgb/replay1/Synchro_017/60,154,153187.jpg,153340.jpg,masks/live/Synchro_017/60,129,True,,0,False,unknown_existing_segmentation_output,[],masks/replay1/Synchro_017/60,predicted_input,True
2.0,Synchro_017/61,Synchro_017,61,test,107b,52.08,3.1,154524,154645,38,83,2,"[38, 83]",122,"[1, 1, 1, 1, 1, 1, 1, 1, 1, 1, 1, 1, 1, 1, 1, 1, 1, 1, 1, 1, 1, 1, 1, 1, 1, 1, 1, 1, 1, 1, 1, 1, 1, 1, 1, 1, 1, 1, 1, 17, 17, 17, 17, 17, 17, 17, 17, 17, 17, 17, 17, 17, 17, 17, 17, 17, 17, 17, 17, 17, 17, 17, 17, 17, 17, 17, 17, 17, 17, 17, 17, 17, 17, 17, 17, 17, 17, 17, 17, 17, 17, 17, 17, 17, 36, 36, 36, 36, 36, 36, 36, 36, 36, 36, 36, 36, 36, 36, 36, 36, 36, 36, 36, 36, 36, 36, 36, 36, 36, 36, 36, 36, 36, 36, 36, 36, 36, 36, 36, 36, 36, 36]","[5.5, 4.5, 6.0, 6.0, 6.0]","[5.5, 4.5]","[6.0, 6.0, 6.0]",rgb/live/Synchro_017/61,122,154524.jpg,154645.jpg,rgb/replay1/Synchro_017/61,138,154764.jpg,154901.jpg,masks/live/Synchro_017/61,122,True,,0,False,unknown_existing_segmentation_output,[],masks/replay1/Synchro_017/61,predicted_input,True
2.0,Synchro_018/0,Synchro_018,0,test,401b,46.8,2.0,21923,22024,31,63,2,"[31, 63]",102,"[4, 4, 4, 4, 4, 4, 4, 4, 4, 4, 4, 4, 4, 4, 4, 4, 4, 4, 4, 4, 4, 4, 4, 4, 4, 4, 4, 4, 4, 4, 4, 4, 37, 37, 37, 37, 37, 37, 37, 37, 37, 37, 37, 37, 37, 37, 37, 37, 37, 37, 37, 37, 37, 37, 37, 37, 37, 37, 37, 37, 37, 37, 37, 37, 36, 36, 36, 36, 36, 36, 36, 36, 36, 36, 36, 36, 36, 36, 36, 36, 36, 36, 36, 36, 36, 36, 36, 36, 36, 36, 36, 36, 36, 36, 36, 36, 36, 36, 36, 36, 36, 36]","[7.5, 8.0, 7.5, 7.5, 8.5]","[7.5, 8.0]","[7.5, 7.5, 8.5]",rgb/live/Synchro_018/0,102,021923.jpg,022024.jpg,rgb/replay1/Synchro_018/0,110,022389.jpg,022498.jpg,masks/live/Synchro_018/0,102,True,,0,False,unknown_existing_segmentation_output,[],masks/replay1/Synchro_018/0,predicted_input,True
2.0,Synchro_018/1,Synchro_018,1,train,401b,43.2,2.0,23630,23725,20,52,2,"[20, 52]",96,"[4, 4, 4, 4, 4, 4, 4, 4, 4, 4, 4, 4, 4, 4, 4, 4, 4, 4, 4, 4, 4, 37, 37, 37, 37, 37, 37, 37, 37, 37, 37, 37, 37, 37, 37, 37, 37, 37, 37, 37, 37, 37, 37, 37, 37, 37, 37, 37, 37, 37, 37, 37, 37, 36, 36, 36, 36, 36, 36, 36, 36, 36, 36, 36, 36, 36, 36, 36, 36, 36, 36, 36, 36, 36, 36, 36, 36, 36, 36, 36, 36, 36, 36, 36, 36, 36, 36, 36, 36, 36, 36, 36, 36, 36, 36, 36]","[7.0, 7.0, 7.0, 7.5, 7.5]","[7.0, 7.0]","[7.0, 7.5, 7.5]",rgb/live/Synchro_018/1,96,023630.jpg,023725.jpg,rgb/replay1/Synchro_018/1,107,023914.jpg,024020.jpg,masks/live/Synchro_018/1,96,True,,0,False,unknown_existing_segmentation_output,[],masks/replay1/Synchro_018/1,predicted_input,True
2.0,Synchro_018/2,Synchro_018,2,validation,401b,44.4,2.0,28777,28888,37,68,2,"[37, 68]",112,"[4, 4, 4, 4, 4, 4, 4, 4, 4, 4, 4, 4, 4, 4, 4, 4, 4, 4, 4, 4, 4, 4, 4, 4, 4, 4, 4, 4, 4, 4, 4, 4, 4, 4, 4, 4, 4, 4, 37, 37, 37, 37, 37, 37, 37, 37, 37, 37, 37, 37, 37, 37, 37, 37, 37, 37, 37, 37, 37, 37, 37, 37, 37, 37, 37, 37, 37, 37, 37, 36, 36, 36, 36, 36, 36, 36, 36, 36, 36, 36, 36, 36, 36, 36, 36, 36, 36, 36, 36, 36, 36, 36, 36, 36, 36, 36, 36, 36, 36, 36, 36, 36, 36, 36, 36, 36, 36, 36, 36, 36, 36, 36]","[7.5, 7.0, 7.5, 7.5, 7.5]","[7.5, 7.0]","[7.5, 7.5, 7.5]",rgb/live/Synchro_018/2,112,028777.jpg,028888.jpg,rgb/replay1/Synchro_018/2,163,029258.jpg,029420.jpg,masks/live/Synchro_018/2,112,True,Trimmed_Diving_Video_Frames/TEMP_LIVE/Replay2/Synchro_018/2,114,True,unknown_existing_segmentation_output,[],masks/replay1/Synchro_018/2,predicted_input,True
2.0,Synchro_018/3,Synchro_018,3,test,401b,42.0,2.0,32554,32658,30,62,2,"[30, 62]",105,"[4, 4, 4, 4, 4, 4, 4, 4, 4, 4, 4, 4, 4, 4, 4, 4, 4, 4, 4, 4, 4, 4, 4, 4, 4, 4, 4, 4, 4, 4, 4, 37, 37, 37, 37, 37, 37, 37, 37, 37, 37, 37, 37, 37, 37, 37, 37, 37, 37, 37, 37, 37, 37, 37, 37, 37, 37, 37, 37, 37, 37, 37, 37, 36, 36, 36, 36, 36, 36, 36, 36, 36, 36, 36, 36, 36, 36, 36, 36, 36, 36, 36, 36, 36, 36, 36, 36, 36, 36, 36, 36, 36, 36, 36, 36, 36, 36, 36, 36, 36, 36, 36, 36, 36, 36]","[7.0, 6.5, 7.0, 7.0, 7.5]","[7.0, 6.5]","[7.0, 7.0, 7.5]",rgb/live/Synchro_018/3,105,032554.jpg,032658.jpg,rgb/replay1/Synchro_018/3,139,032896.jpg,033034.jpg,masks/live/Synchro_018/3,105,True,,0,False,unknown_existing_segmentation_output,[],masks/replay1/Synchro_018/3,predicted_input,True
2.0,Synchro_018/4,Synchro_018,4,train,103b,45.0,2.0,34067,34192,38,79,2,"[38, 79]",126,"[1, 1, 1, 1, 1, 1, 1, 1, 1, 1, 1, 1, 1, 1, 1, 1, 1, 1, 1, 1, 1, 1, 1, 1, 1, 1, 1, 1, 1, 1, 1, 1, 1, 1, 1, 1, 1, 1, 1, 13, 13, 13, 13, 13, 13, 13, 13, 13, 13, 13, 13, 13, 13, 13, 13, 13, 13, 13, 13, 13, 13, 13, 13, 13, 13, 13, 13, 13, 13, 13, 13, 13, 13, 13, 13, 13, 13, 13, 13, 13, 36, 36, 36, 36, 36, 36, 36, 36, 36, 36, 36, 36, 36, 36, 36, 36, 36, 36, 36, 36, 36, 36, 36, 36, 36, 36, 36, 36, 36, 36, 36, 36, 36, 36, 36, 36, 36, 36, 36, 36, 36, 36, 36, 36, 36, 36]","[6.5, 7.5, 7.5, 8.0, 8.0]","[6.5, 7.5]","[7.5, 8.0, 8.0]",rgb/live/Synchro_018/4,126,034067.jpg,034192.jpg,rgb/replay1/Synchro_018/4,147,034422.jpg,034568.jpg,masks/live/Synchro_018/4,126,True,Trimmed_Diving_Video_Frames/TEMP_LIVE/Replay2/Synchro_018/4,110,True,unknown_existing_segmentation_output,[],masks/replay1/Synchro_018/4,predicted_input,True
2.0,Synchro_018/5,Synchro_018,5,train,201b,42.0,2.0,36013,36120,31,63,2,"[31, 63]",108,"[2, 2, 2, 2, 2, 2, 2, 2, 2, 2, 2, 2, 2, 2, 2, 2, 2, 2, 2, 2, 2, 2, 2, 2, 2, 2, 2, 2, 2, 2, 2, 2, 37, 37, 37, 37, 37, 37, 37, 37, 37, 37, 37, 37, 37, 37, 37, 37, 37, 37, 37, 37, 37, 37, 37, 37, 37, 37, 37, 37, 37, 37, 37, 37, 36, 36, 36, 36, 36, 36, 36, 36, 36, 36, 36, 36, 36, 36, 36, 36, 36, 36, 36, 36, 36, 36, 36, 36, 36, 36, 36, 36, 36, 36, 36, 36, 36, 36, 36, 36, 36, 36, 36, 36, 36, 36, 36, 36]","[7.0, 7.0, 7.0, 7.0, 7.0]","[7.0, 7.0]","[7.0, 7.0, 7.0]",rgb/live/Synchro_018/5,108,036013.jpg,036120.jpg,rgb/replay1/Synchro_018/5,111,036372.jpg,036482.jpg,masks/live/Synchro_018/5,108,True,,0,False,unknown_existing_segmentation_output,[],masks/replay1/Synchro_018/5,predicted_input,True
2.0,Synchro_018/6,Synchro_018,6,train,201b,45.6,2.0,38355,38456,24,56,2,"[24, 56]",102,"[2, 2, 2, 2, 2, 2, 2, 2, 2, 2, 2, 2, 2, 2, 2, 2, 2, 2, 2, 2, 2, 2, 2, 2, 2, 37, 37, 37, 37, 37, 37, 37, 37, 37, 37, 37, 37, 37, 37, 37, 37, 37, 37, 37, 37, 37, 37, 37, 37, 37, 37, 37, 37, 37, 37, 37, 37, 36, 36, 36, 36, 36, 36, 36, 36, 36, 36, 36, 36, 36, 36, 36, 36, 36, 36, 36, 36, 36, 36, 36, 36, 36, 36, 36, 36, 36, 36, 36, 36, 36, 36, 36, 36, 36, 36, 36, 36, 36, 36, 36, 36, 36]","[7.5, 7.0, 7.5, 8.0, 8.0]","[7.5, 7.0]","[7.5, 8.0, 8.0]",rgb/live/Synchro_018/6,102,038355.jpg,038456.jpg,rgb/replay1/Synchro_018/6,105,038769.jpg,038873.jpg,masks/live/Synchro_018/6,102,True,,0,False,unknown_existing_segmentation_output,[],masks/replay1/Synchro_018/6,predicted_input,True
2.0,Synchro_018/7,Synchro_018,7,train,401b,36.0,2.0,42097,42207,35,63,2,"[35, 63]",111,"[4, 4, 4, 4, 4, 4, 4, 4, 4, 4, 4, 4, 4, 4, 4, 4, 4, 4, 4, 4, 4, 4, 4, 4, 4, 4, 4, 4, 4, 4, 4, 4, 4, 4, 4, 4, 37, 37, 37, 37, 37, 37, 37, 37, 37, 37, 37, 37, 37, 37, 37, 37, 37, 37, 37, 37, 37, 37, 37, 37, 37, 37, 37, 37, 36, 36, 36, 36, 36, 36, 36, 36, 36, 36, 36, 36, 36, 36, 36, 36, 36, 36, 36, 36, 36, 36, 36, 36, 36, 36, 36, 36, 36, 36, 36, 36, 36, 36, 36, 36, 36, 36, 36, 36, 36, 36, 36, 36, 36, 36, 36]","[6.0, 5.5, 6.0, 6.0, 6.5]","[6.0, 5.5]","[6.0, 6.0, 6.5]",rgb/live/Synchro_018/7,111,042097.jpg,042207.jpg,rgb/replay1/Synchro_018/7,99,042637.jpg,042735.jpg,masks/live/Synchro_018/7,111,True,,0,False,unknown_existing_segmentation_output,[],masks/replay1/Synchro_018/7,predicted_input,True
2.0,Synchro_018/8,Synchro_018,8,train,201b,41.4,2.0,45693,45805,33,64,2,"[33, 64]",113,"[2, 2, 2, 2, 2, 2, 2, 2, 2, 2, 2, 2, 2, 2, 2, 2, 2, 2, 2, 2, 2, 2, 2, 2, 2, 2, 2, 2, 2, 2, 2, 2, 2, 2, 37, 37, 37, 37, 37, 37, 37, 37, 37, 37, 37, 37, 37, 37, 37, 37, 37, 37, 37, 37, 37, 37, 37, 37, 37, 37, 37, 37, 37, 37, 37, 36, 36, 36, 36, 36, 36, 36, 36, 36, 36, 36, 36, 36, 36, 36, 36, 36, 36, 36, 36, 36, 36, 36, 36, 36, 36, 36, 36, 36, 36, 36, 36, 36, 36, 36, 36, 36, 36, 36, 36, 36, 36, 36, 36, 36, 36, 36, 36]","[6.5, 7.0, 7.0, 7.0, 7.0]","[6.5, 7.0]","[7.0, 7.0, 7.0]",rgb/live/Synchro_018/8,113,045693.jpg,045805.jpg,rgb/replay1/Synchro_018/8,137,046071.jpg,046207.jpg,masks/live/Synchro_018/8,113,True,,0,False,unknown_existing_segmentation_output,[],masks/replay1/Synchro_018/8,predicted_input,True
2.0,Synchro_018/9,Synchro_018,9,train,201b,46.2,2.0,49011,49106,0,34,2,"[0, 34]",96,"[2, 37, 37, 37, 37, 37, 37, 37, 37, 37, 37, 37, 37, 37, 37, 37, 37, 37, 37, 37, 37, 37, 37, 37, 37, 37, 37, 37, 37, 37, 37, 37, 37, 37, 37, 36, 36, 36, 36, 36, 36, 36, 36, 36, 36, 36, 36, 36, 36, 36, 36, 36, 36, 36, 36, 36, 36, 36, 36, 36, 36, 36, 36, 36, 36, 36, 36, 36, 36, 36, 36, 36, 36, 36, 36, 36, 36, 36, 36, 36, 36, 36, 36, 36, 36, 36, 36, 36, 36, 36, 36, 36, 36, 36, 36, 36]","[7.5, 7.0, 8.0, 8.0, 8.0]","[7.5, 7.0]","[8.0, 8.0, 8.0]",rgb/live/Synchro_018/9,96,049011.jpg,049106.jpg,rgb/replay1/Synchro_018/9,134,049304.jpg,049437.jpg,masks/live/Synchro_018/9,96,True,,0,False,unknown_existing_segmentation_output,[],masks/replay1/Synchro_018/9,predicted_input,True
2.0,Synchro_018/10,Synchro_018,10,train,5132d,33.6,2.0,52138,52233,1,38,4,"[1, 8, 25, 38]",96,"[1, 1, 13, 13, 13, 13, 13, 13, 13, 30, 30, 30, 30, 30, 30, 30, 30, 30, 30, 30, 30, 30, 30, 30, 30, 30, 13, 13, 13, 13, 13, 13, 13, 13, 13, 13, 13, 13, 13, 36, 36, 36, 36, 36, 36, 36, 36, 36, 36, 36, 36, 36, 36, 36, 36, 36, 36, 36, 36, 36, 36, 36, 36, 36, 36, 36, 36, 36, 36, 36, 36, 36, 36, 36, 36, 36, 36, 36, 36, 36, 36, 36, 36, 36, 36, 36, 36, 36, 36, 36, 36, 36, 36, 36, 36, 36]","[6.0, 4.5, 5.0, 6.0, 6.5]","[6.0, 4.5]","[5.0, 6.0, 6.5]",rgb/live/Synchro_018/10,96,052138.jpg,052233.jpg,rgb/replay1/Synchro_018/10,151,052478.jpg,052628.jpg,masks/live/Synchro_018/10,96,True,,0,False,unknown_existing_segmentation_output,[],masks/replay1/Synchro_018/10,predicted_input,True
2.0,Synchro_018/11,Synchro_018,11,validation,403b,39.0,2.0,54025,54132,27,60,2,"[27, 60]",108,"[4, 4, 4, 4, 4, 4, 4, 4, 4, 4, 4, 4, 4, 4, 4, 4, 4, 4, 4, 4, 4, 4, 4, 4, 4, 4, 4, 4, 13, 13, 13, 13, 13, 13, 13, 13, 13, 13, 13, 13, 13, 13, 13, 13, 13, 13, 13, 13, 13, 13, 13, 13, 13, 13, 13, 13, 13, 13, 13, 13, 13, 36, 36, 36, 36, 36, 36, 36, 36, 36, 36, 36, 36, 36, 36, 36, 36, 36, 36, 36, 36, 36, 36, 36, 36, 36, 36, 36, 36, 36, 36, 36, 36, 36, 36, 36, 36, 36, 36, 36, 36, 36, 36, 36, 36, 36, 36, 36]","[6.0, 6.5, 6.5, 6.5, 7.0]","[6.0, 6.5]","[6.5, 6.5, 7.0]",rgb/live/Synchro_018/11,108,054025.jpg,054132.jpg,rgb/replay1/Synchro_018/11,125,054507.jpg,054631.jpg,masks/live/Synchro_018/11,108,True,Trimmed_Diving_Video_Frames/TEMP_LIVE/Replay2/Synchro_018/11,121,True,unknown_existing_segmentation_output,[],masks/replay1/Synchro_018/11,predicted_input,True
2.0,Synchro_018/12,Synchro_018,12,train,103b,44.4,2.0,55903,56054,37,113,2,"[37, 113]",152,"[1, 1, 1, 1, 1, 1, 1, 1, 1, 1, 1, 1, 1, 1, 1, 1, 1, 1, 1, 1, 1, 1, 1, 1, 1, 1, 1, 1, 1, 1, 1, 1, 1, 1, 1, 1, 1, 1, 13, 13, 13, 13, 13, 13, 13, 13, 13, 13, 13, 13, 13, 13, 13, 13, 13, 13, 13, 13, 13, 13, 13, 13, 13, 13, 13, 13, 13, 13, 13, 13, 13, 13, 13, 13, 13, 13, 13, 13, 13, 13, 13, 13, 13, 13, 13, 13, 13, 13, 13, 13, 13, 13, 13, 13, 13, 13, 13, 13, 13, 13, 13, 13, 13, 13, 13, 13, 13, 13, 13, 13, 13, 13, 13, 13, 36, 36, 36, 36, 36, 36, 36, 36, 36, 36, 36, 36, 36, 36, 36, 36, 36, 36, 36, 36, 36, 36, 36, 36, 36, 36, 36, 36, 36, 36, 36, 36, 36, 36, 36, 36, 36, 36]","[7.5, 8.0, 7.0, 7.0, 7.5]","[7.5, 8.0]","[7.0, 7.0, 7.5]",rgb/live/Synchro_018/12,152,055903.jpg,056054.jpg,rgb/replay1/Synchro_018/12,139,056112.jpg,056250.jpg,masks/live/Synchro_018/12,152,True,,0,False,unknown_existing_segmentation_output,[],masks/replay1/Synchro_018/12,predicted_input,True
2.0,Synchro_018/13,Synchro_018,13,train,5231d,39.6,2.0,57475,57570,29,64,3,"[29, 43, 64]",96,"[2, 2, 2, 2, 2, 2, 2, 2, 2, 2, 2, 2, 2, 2, 2, 2, 2, 2, 2, 2, 2, 2, 2, 2, 2, 2, 2, 2, 2, 2, 29, 29, 29, 29, 29, 29, 29, 29, 29, 29, 29, 29, 29, 29, 13, 13, 13, 13, 13, 13, 13, 13, 13, 13, 13, 13, 13, 13, 13, 13, 13, 13, 13, 13, 13, 36, 36, 36, 36, 36, 36, 36, 36, 36, 36, 36, 36, 36, 36, 36, 36, 36, 36, 36, 36, 36, 36, 36, 36, 36, 36, 36, 36, 36, 36, 36]","[6.0, 6.0, 7.0, 7.0, 7.0]","[6.0, 6.0]","[7.0, 7.0, 7.0]",rgb/live/Synchro_018/13,96,057475.jpg,057570.jpg,rgb/replay1/Synchro_018/13,145,057896.jpg,058040.jpg,masks/live/Synchro_018/13,96,True,Trimmed_Diving_Video_Frames/TEMP_LIVE/Replay2/Synchro_018/13,135,True,unknown_existing_segmentation_output,[],masks/replay1/Synchro_018/13,predicted_input,True
2.0,Synchro_018/14,Synchro_018,14,train,401b,43.2,2.0,62981,63087,30,59,2,"[30, 59]",107,"[4, 4, 4, 4, 4, 4, 4, 4, 4, 4, 4, 4, 4, 4, 4, 4, 4, 4, 4, 4, 4, 4, 4, 4, 4, 4, 4, 4, 4, 4, 4, 37, 37, 37, 37, 37, 37, 37, 37, 37, 37, 37, 37, 37, 37, 37, 37, 37, 37, 37, 37, 37, 37, 37, 37, 37, 37, 37, 37, 37, 36, 36, 36, 36, 36, 36, 36, 36, 36, 36, 36, 36, 36, 36, 36, 36, 36, 36, 36, 36, 36, 36, 36, 36, 36, 36, 36, 36, 36, 36, 36, 36, 36, 36, 36, 36, 36, 36, 36, 36, 36, 36, 36, 36, 36, 36, 36]","[7.0, 7.0, 7.0, 7.5, 7.5]","[7.0, 7.0]","[7.0, 7.5, 7.5]",rgb/live/Synchro_018/14,107,062981.jpg,063087.jpg,rgb/replay1/Synchro_018/14,116,063506.jpg,063621.jpg,masks/live/Synchro_018/14,107,True,,0,False,unknown_existing_segmentation_output,[],masks/replay1/Synchro_018/14,predicted_input,True
2.0,Synchro_018/15,Synchro_018,15,test,103b,39.6,2.0,66174,66269,5,45,2,"[5, 45]",96,"[1, 1, 1, 1, 1, 1, 13, 13, 13, 13, 13, 13, 13, 13, 13, 13, 13, 13, 13, 13, 13, 13, 13, 13, 13, 13, 13, 13, 13, 13, 13, 13, 13, 13, 13, 13, 13, 13, 13, 13, 13, 13, 13, 13, 13, 13, 36, 36, 36, 36, 36, 36, 36, 36, 36, 36, 36, 36, 36, 36, 36, 36, 36, 36, 36, 36, 36, 36, 36, 36, 36, 36, 36, 36, 36, 36, 36, 36, 36, 36, 36, 36, 36, 36, 36, 36, 36, 36, 36, 36, 36, 36, 36, 36, 36, 36]","[6.5, 5.5, 7.0, 7.0, 7.0]","[6.5, 5.5]","[7.0, 7.0, 7.0]",rgb/live/Synchro_018/15,96,066174.jpg,066269.jpg,rgb/replay1/Synchro_018/15,137,066745.jpg,066881.jpg,masks/live/Synchro_018/15,96,True,Trimmed_Diving_Video_Frames/TEMP_LIVE/Replay2/Synchro_018/15,99,True,unknown_existing_segmentation_output,[],masks/replay1/Synchro_018/15,predicted_input,True
2.0,Synchro_018/16,Synchro_018,16,train,201c,37.8,2.0,68229,68333,32,64,2,"[32, 64]",105,"[2, 2, 2, 2, 2, 2, 2, 2, 2, 2, 2, 2, 2, 2, 2, 2, 2, 2, 2, 2, 2, 2, 2, 2, 2, 2, 2, 2, 2, 2, 2, 2, 2, 40, 40, 40, 40, 40, 40, 40, 40, 40, 40, 40, 40, 40, 40, 40, 40, 40, 40, 40, 40, 40, 40, 40, 40, 40, 40, 40, 40, 40, 40, 40, 40, 36, 36, 36, 36, 36, 36, 36, 36, 36, 36, 36, 36, 36, 36, 36, 36, 36, 36, 36, 36, 36, 36, 36, 36, 36, 36, 36, 36, 36, 36, 36, 36, 36, 36, 36, 36, 36, 36, 36, 36]","[5.5, 6.0, 6.5, 6.5, 7.0]","[5.5, 6.0]","[6.5, 6.5, 7.0]",rgb/live/Synchro_018/16,105,068229.jpg,068333.jpg,rgb/replay1/Synchro_018/16,108,068822.jpg,068929.jpg,masks/live/Synchro_018/16,105,True,,0,False,unknown_existing_segmentation_output,[],masks/replay1/Synchro_018/16,predicted_input,True
2.0,Synchro_018/17,Synchro_018,17,train,403b,40.2,2.0,70077,70180,26,60,2,"[26, 60]",104,"[4, 4, 4, 4, 4, 4, 4, 4, 4, 4, 4, 4, 4, 4, 4, 4, 4, 4, 4, 4, 4, 4, 4, 4, 4, 4, 4, 13, 13, 13, 13, 13, 13, 13, 13, 13, 13, 13, 13, 13, 13, 13, 13, 13, 13, 13, 13, 13, 13, 13, 13, 13, 13, 13, 13, 13, 13, 13, 13, 13, 13, 36, 36, 36, 36, 36, 36, 36, 36, 36, 36, 36, 36, 36, 36, 36, 36, 36, 36, 36, 36, 36, 36, 36, 36, 36, 36, 36, 36, 36, 36, 36, 36, 36, 36, 36, 36, 36, 36, 36, 36, 36, 36, 36]","[7.0, 6.0, 6.5, 7.0, 7.0]","[7.0, 6.0]","[6.5, 7.0, 7.0]",rgb/live/Synchro_018/17,104,070077.jpg,070180.jpg,rgb/replay1/Synchro_018/17,96,070481.jpg,070576.jpg,masks/live/Synchro_018/17,104,True,,0,False,unknown_existing_segmentation_output,[],masks/replay1/Synchro_018/17,predicted_input,True
2.0,Synchro_018/18,Synchro_018,18,validation,201b,35.64,1.8,76598,76699,25,58,2,"[25, 58]",102,"[2, 2, 2, 2, 2, 2, 2, 2, 2, 2, 2, 2, 2, 2, 2, 2, 2, 2, 2, 2, 2, 2, 2, 2, 2, 2, 37, 37, 37, 37, 37, 37, 37, 37, 37, 37, 37, 37, 37, 37, 37, 37, 37, 37, 37, 37, 37, 37, 37, 37, 37, 37, 37, 37, 37, 37, 37, 37, 37, 36, 36, 36, 36, 36, 36, 36, 36, 36, 36, 36, 36, 36, 36, 36, 36, 36, 36, 36, 36, 36, 36, 36, 36, 36, 36, 36, 36, 36, 36, 36, 36, 36, 36, 36, 36, 36, 36, 36, 36, 36, 36, 36]","[6.5, 5.5, 7.0, 7.0, 7.0]","[6.5, 5.5]","[7.0, 7.0, 7.0]",rgb/live/Synchro_018/18,102,076598.jpg,076699.jpg,rgb/replay1/Synchro_018/18,106,077131.jpg,077236.jpg,masks/live/Synchro_018/18,102,True,,0,False,unknown_existing_segmentation_output,[],masks/replay1/Synchro_018/18,predicted_input,True
2.0,Synchro_018/19,Synchro_018,19,train,405c,17.82,2.7,78375,78497,26,64,2,"[26, 64]",123,"[4, 4, 4, 4, 4, 4, 4, 4, 4, 4, 4, 4, 4, 4, 4, 4, 4, 4, 4, 4, 4, 4, 4, 4, 4, 4, 4, 23, 23, 23, 23, 23, 23, 23, 23, 23, 23, 23, 23, 23, 23, 23, 23, 23, 23, 23, 23, 23, 23, 23, 23, 23, 23, 23, 23, 23, 23, 23, 23, 23, 23, 23, 23, 23, 23, 36, 36, 36, 36, 36, 36, 36, 36, 36, 36, 36, 36, 36, 36, 36, 36, 36, 36, 36, 36, 36, 36, 36, 36, 36, 36, 36, 36, 36, 36, 36, 36, 36, 36, 36, 36, 36, 36, 36, 36, 36, 36, 36, 36, 36, 36, 36, 36, 36, 36, 36, 36, 36, 36, 36, 36, 36, 36]","[4.0, 3.0, 1.0, 1.5, 1.5]","[4.0, 3.0]","[1.0, 1.5, 1.5]",rgb/live/Synchro_018/19,123,078375.jpg,078497.jpg,rgb/replay1/Synchro_018/19,195,078772.jpg,078966.jpg,masks/live/Synchro_018/19,123,True,,0,False,unknown_existing_segmentation_output,[],masks/replay1/Synchro_018/19,predicted_input,True
2.0,Synchro_018/20,Synchro_018,20,train,105b,30.96,2.4,81468,81580,33,70,2,"[33, 70]",113,"[1, 1, 1, 1, 1, 1, 1, 1, 1, 1, 1, 1, 1, 1, 1, 1, 1, 1, 1, 1, 1, 1, 1, 1, 1, 1, 1, 1, 1, 1, 1, 1, 1, 1, 15, 15, 15, 15, 15, 15, 15, 15, 15, 15, 15, 15, 15, 15, 15, 15, 15, 15, 15, 15, 15, 15, 15, 15, 15, 15, 15, 15, 15, 15, 15, 15, 15, 15, 15, 15, 15, 36, 36, 36, 36, 36, 36, 36, 36, 36, 36, 36, 36, 36, 36, 36, 36, 36, 36, 36, 36, 36, 36, 36, 36, 36, 36, 36, 36, 36, 36, 36, 36, 36, 36, 36, 36, 36, 36, 36, 36, 36, 36]","[4.0, 3.5, 4.0, 5.0, 5.0]","[4.0, 3.5]","[4.0, 5.0, 5.0]",rgb/live/Synchro_018/20,113,081468.jpg,081580.jpg,rgb/replay1/Synchro_018/20,128,082055.jpg,082182.jpg,masks/live/Synchro_018/20,113,True,,0,False,unknown_existing_segmentation_output,[],masks/replay1/Synchro_018/20,predicted_input,True
2.0,Synchro_018/21,Synchro_018,21,validation,405c,36.45,2.7,90552,90656,28,63,2,"[28, 63]",105,"[4, 4, 4, 4, 4, 4, 4, 4, 4, 4, 4, 4, 4, 4, 4, 4, 4, 4, 4, 4, 4, 4, 4, 4, 4, 4, 4, 4, 4, 23, 23, 23, 23, 23, 23, 23, 23, 23, 23, 23, 23, 23, 23, 23, 23, 23, 23, 23, 23, 23, 23, 23, 23, 23, 23, 23, 23, 23, 23, 23, 23, 23, 23, 23, 36, 36, 36, 36, 36, 36, 36, 36, 36, 36, 36, 36, 36, 36, 36, 36, 36, 36, 36, 36, 36, 36, 36, 36, 36, 36, 36, 36, 36, 36, 36, 36, 36, 36, 36, 36, 36, 36, 36, 36, 36]","[2.5, 5.5, 4.5, 5.0, 5.0]","[2.5, 5.5]","[4.5, 5.0, 5.0]",rgb/live/Synchro_018/21,105,090552.jpg,090656.jpg,rgb/replay1/Synchro_018/21,125,091020.jpg,091144.jpg,masks/live/Synchro_018/21,105,True,,0,False,unknown_existing_segmentation_output,[],masks/replay1/Synchro_018/21,predicted_input,True
2.0,Synchro_018/22,Synchro_018,22,train,405c,55.08,2.7,99243,99345,32,67,2,"[32, 67]",103,"[4, 4, 4, 4, 4, 4, 4, 4, 4, 4, 4, 4, 4, 4, 4, 4, 4, 4, 4, 4, 4, 4, 4, 4, 4, 4, 4, 4, 4, 4, 4, 4, 4, 23, 23, 23, 23, 23, 23, 23, 23, 23, 23, 23, 23, 23, 23, 23, 23, 23, 23, 23, 23, 23, 23, 23, 23, 23, 23, 23, 23, 23, 23, 23, 23, 23, 23, 23, 36, 36, 36, 36, 36, 36, 36, 36, 36, 36, 36, 36, 36, 36, 36, 36, 36, 36, 36, 36, 36, 36, 36, 36, 36, 36, 36, 36, 36, 36, 36, 36, 36, 36, 36]","[6.0, 6.0, 7.0, 7.5, 7.5]","[6.0, 6.0]","[7.0, 7.5, 7.5]",rgb/live/Synchro_018/22,103,099243.jpg,099345.jpg,rgb/replay1/Synchro_018/22,120,099709.jpg,099828.jpg,masks/live/Synchro_018/22,103,True,Trimmed_Diving_Video_Frames/TEMP_LIVE/Replay2/Synchro_018/22,112,True,unknown_existing_segmentation_output,[],masks/replay1/Synchro_018/22,predicted_input,True
2.0,Synchro_018/23,Synchro_018,23,train,5233d,32.4,2.4,108063,108168,24,64,3,"[24, 52, 64]",106,"[2, 2, 2, 2, 2, 2, 2, 2, 2, 2, 2, 2, 2, 2, 2, 2, 2, 2, 2, 2, 2, 2, 2, 2, 2, 31, 31, 31, 31, 31, 31, 31, 31, 31, 31, 31, 31, 31, 31, 31, 31, 31, 31, 31, 31, 31, 31, 31, 31, 31, 31, 31, 31, 13, 13, 13, 13, 13, 13, 13, 13, 13, 13, 13, 13, 36, 36, 36, 36, 36, 36, 36, 36, 36, 36, 36, 36, 36, 36, 36, 36, 36, 36, 36, 36, 36, 36, 36, 36, 36, 36, 36, 36, 36, 36, 36, 36, 36, 36, 36, 36, 36, 36, 36, 36, 36]","[3.5, 4.5, 4.5, 5.0, 5.0]","[3.5, 4.5]","[4.5, 5.0, 5.0]",rgb/live/Synchro_018/23,106,108063.jpg,108168.jpg,rgb/replay1/Synchro_018/23,109,108612.jpg,108720.jpg,masks/live/Synchro_018/23,106,True,,0,False,unknown_existing_segmentation_output,[],masks/replay1/Synchro_018/23,predicted_input,True
2.0,Synchro_018/24,Synchro_018,24,train,205c,36.12,2.8,113821,113916,35,74,2,"[35, 74]",96,"[2, 2, 2, 2, 2, 2, 2, 2, 2, 2, 2, 2, 2, 2, 2, 2, 2, 2, 2, 2, 2, 2, 2, 2, 2, 2, 2, 2, 2, 2, 2, 2, 2, 2, 2, 2, 23, 23, 23, 23, 23, 23, 23, 23, 23, 23, 23, 23, 23, 23, 23, 23, 23, 23, 23, 23, 23, 23, 23, 23, 23, 23, 23, 23, 23, 23, 23, 23, 23, 23, 23, 23, 23, 23, 23, 36, 36, 36, 36, 36, 36, 36, 36, 36, 36, 36, 36, 36, 36, 36, 36, 36, 36, 36, 36, 36]","[3.5, 3.5, 4.5, 5.0, 5.0]","[3.5, 3.5]","[4.5, 5.0, 5.0]",rgb/live/Synchro_018/24,96,113821.jpg,113916.jpg,rgb/replay1/Synchro_018/24,117,114365.jpg,114481.jpg,masks/live/Synchro_018/24,96,True,,0,False,unknown_existing_segmentation_output,[],masks/replay1/Synchro_018/24,predicted_input,True
2.0,Synchro_018/25,Synchro_018,25,train,405c,49.41,2.7,119075,119175,27,64,2,"[27, 64]",101,"[4, 4, 4, 4, 4, 4, 4, 4, 4, 4, 4, 4, 4, 4, 4, 4, 4, 4, 4, 4, 4, 4, 4, 4, 4, 4, 4, 4, 23, 23, 23, 23, 23, 23, 23, 23, 23, 23, 23, 23, 23, 23, 23, 23, 23, 23, 23, 23, 23, 23, 23, 23, 23, 23, 23, 23, 23, 23, 23, 23, 23, 23, 23, 23, 23, 36, 36, 36, 36, 36, 36, 36, 36, 36, 36, 36, 36, 36, 36, 36, 36, 36, 36, 36, 36, 36, 36, 36, 36, 36, 36, 36, 36, 36, 36, 36, 36, 36, 36, 36, 36]","[5.5, 5.5, 6.5, 6.5, 6.5]","[5.5, 5.5]","[6.5, 6.5, 6.5]",rgb/live/Synchro_018/25,101,119075.jpg,119175.jpg,rgb/replay1/Synchro_018/25,134,119646.jpg,119779.jpg,masks/live/Synchro_018/25,101,True,,0,False,unknown_existing_segmentation_output,[],masks/replay1/Synchro_018/25,predicted_input,True
2.0,Synchro_018/26,Synchro_018,26,test,205b,61.2,3.0,121144,121241,30,70,2,"[30, 70]",98,"[2, 2, 2, 2, 2, 2, 2, 2, 2, 2, 2, 2, 2, 2, 2, 2, 2, 2, 2, 2, 2, 2, 2, 2, 2, 2, 2, 2, 2, 2, 2, 15, 15, 15, 15, 15, 15, 15, 15, 15, 15, 15, 15, 15, 15, 15, 15, 15, 15, 15, 15, 15, 15, 15, 15, 15, 15, 15, 15, 15, 15, 15, 15, 15, 15, 15, 15, 15, 15, 15, 15, 36, 36, 36, 36, 36, 36, 36, 36, 36, 36, 36, 36, 36, 36, 36, 36, 36, 36, 36, 36, 36, 36, 36, 36, 36, 36, 36]","[6.5, 6.5, 7.0, 7.0, 7.0]","[6.5, 6.5]","[7.0, 7.0, 7.0]",rgb/live/Synchro_018/26,98,121144.jpg,121241.jpg,rgb/replay1/Synchro_018/26,112,121727.jpg,121838.jpg,masks/live/Synchro_018/26,98,True,,0,False,unknown_existing_segmentation_output,[],masks/replay1/Synchro_018/26,predicted_input,True
2.0,Synchro_018/27,Synchro_018,27,train,405c,46.17,2.7,123306,123411,27,63,2,"[27, 63]",106,"[4, 4, 4, 4, 4, 4, 4, 4, 4, 4, 4, 4, 4, 4, 4, 4, 4, 4, 4, 4, 4, 4, 4, 4, 4, 4, 4, 4, 23, 23, 23, 23, 23, 23, 23, 23, 23, 23, 23, 23, 23, 23, 23, 23, 23, 23, 23, 23, 23, 23, 23, 23, 23, 23, 23, 23, 23, 23, 23, 23, 23, 23, 23, 23, 36, 36, 36, 36, 36, 36, 36, 36, 36, 36, 36, 36, 36, 36, 36, 36, 36, 36, 36, 36, 36, 36, 36, 36, 36, 36, 36, 36, 36, 36, 36, 36, 36, 36, 36, 36, 36, 36, 36, 36, 36, 36]","[5.5, 5.0, 6.0, 6.0, 6.0]","[5.5, 5.0]","[6.0, 6.0, 6.0]",rgb/live/Synchro_018/27,106,123306.jpg,123411.jpg,rgb/replay1/Synchro_018/27,128,123670.jpg,123797.jpg,masks/live/Synchro_018/27,106,True,,0,False,unknown_existing_segmentation_output,[],masks/replay1/Synchro_018/27,predicted_input,True
2.0,Synchro_018/28,Synchro_018,28,train,5152b,53.1,3.0,124907,125022,35,78,4,"[35, 52, 70, 78]",116,"[1, 1, 1, 1, 1, 1, 1, 1, 1, 1, 1, 1, 1, 1, 1, 1, 1, 1, 1, 1, 1, 1, 1, 1, 1, 1, 1, 1, 1, 1, 1, 1, 1, 1, 1, 1, 15, 15, 15, 15, 15, 15, 15, 15, 15, 15, 15, 15, 15, 15, 15, 15, 15, 30, 30, 30, 30, 30, 30, 30, 30, 30, 30, 30, 30, 30, 30, 30, 30, 30, 30, 15, 15, 15, 15, 15, 15, 15, 15, 36, 36, 36, 36, 36, 36, 36, 36, 36, 36, 36, 36, 36, 36, 36, 36, 36, 36, 36, 36, 36, 36, 36, 36, 36, 36, 36, 36, 36, 36, 36, 36, 36, 36, 36, 36, 36]","[4.5, 5.5, 6.5, 6.5, 6.5]","[4.5, 5.5]","[6.5, 6.5, 6.5]",rgb/live/Synchro_018/28,116,124907.jpg,125022.jpg,rgb/replay1/Synchro_018/28,111,125344.jpg,125454.jpg,masks/live/Synchro_018/28,116,True,Trimmed_Diving_Video_Frames/TEMP_LIVE/Replay2/Synchro_018/28,112,True,unknown_existing_segmentation_output,[],masks/replay1/Synchro_018/28,predicted_input,True
2.0,Synchro_018/29,Synchro_018,29,train,5152b,52.2,3.0,126624,126719,1,43,4,"[1, 19, 35, 43]",96,"[1, 1, 15, 15, 15, 15, 15, 15, 15, 15, 15, 15, 15, 15, 15, 15, 15, 15, 15, 15, 30, 30, 30, 30, 30, 30, 30, 30, 30, 30, 30, 30, 30, 30, 30, 30, 15, 15, 15, 15, 15, 15, 15, 15, 36, 36, 36, 36, 36, 36, 36, 36, 36, 36, 36, 36, 36, 36, 36, 36, 36, 36, 36, 36, 36, 36, 36, 36, 36, 36, 36, 36, 36, 36, 36, 36, 36, 36, 36, 36, 36, 36, 36, 36, 36, 36, 36, 36, 36, 36, 36, 36, 36, 36, 36, 36]","[4.5, 6.0, 6.0, 6.0, 6.5]","[4.5, 6.0]","[6.0, 6.0, 6.5]",rgb/live/Synchro_018/29,96,126624.jpg,126719.jpg,rgb/replay1/Synchro_018/29,124,127087.jpg,127210.jpg,masks/live/Synchro_018/29,96,True,Trimmed_Diving_Video_Frames/TEMP_LIVE/Replay2/Synchro_018/29,105,True,unknown_existing_segmentation_output,[],masks/replay1/Synchro_018/29,predicted_input,True
2.0,Synchro_018/30,Synchro_018,30,test,405c,41.31,2.7,134702,134805,26,63,2,"[26, 63]",104,"[4, 4, 4, 4, 4, 4, 4, 4, 4, 4, 4, 4, 4, 4, 4, 4, 4, 4, 4, 4, 4, 4, 4, 4, 4, 4, 4, 23, 23, 23, 23, 23, 23, 23, 23, 23, 23, 23, 23, 23, 23, 23, 23, 23, 23, 23, 23, 23, 23, 23, 23, 23, 23, 23, 23, 23, 23, 23, 23, 23, 23, 23, 23, 23, 36, 36, 36, 36, 36, 36, 36, 36, 36, 36, 36, 36, 36, 36, 36, 36, 36, 36, 36, 36, 36, 36, 36, 36, 36, 36, 36, 36, 36, 36, 36, 36, 36, 36, 36, 36, 36, 36, 36, 36]","[4.5, 4.5, 5.0, 5.5, 6.0]","[4.5, 4.5]","[5.0, 5.5, 6.0]",rgb/live/Synchro_018/30,104,134702.jpg,134805.jpg,rgb/replay1/Synchro_018/30,125,135263.jpg,135387.jpg,masks/live/Synchro_018/30,104,True,,0,False,unknown_existing_segmentation_output,[],masks/replay1/Synchro_018/30,predicted_input,True
2.0,Synchro_018/31,Synchro_018,31,train,205c,63.84,2.8,136628,136735,34,73,2,"[34, 73]",108,"[2, 2, 2, 2, 2, 2, 2, 2, 2, 2, 2, 2, 2, 2, 2, 2, 2, 2, 2, 2, 2, 2, 2, 2, 2, 2, 2, 2, 2, 2, 2, 2, 2, 2, 2, 23, 23, 23, 23, 23, 23, 23, 23, 23, 23, 23, 23, 23, 23, 23, 23, 23, 23, 23, 23, 23, 23, 23, 23, 23, 23, 23, 23, 23, 23, 23, 23, 23, 23, 23, 23, 23, 23, 23, 36, 36, 36, 36, 36, 36, 36, 36, 36, 36, 36, 36, 36, 36, 36, 36, 36, 36, 36, 36, 36, 36, 36, 36, 36, 36, 36, 36, 36, 36, 36, 36, 36, 36]","[7.5, 8.0, 7.5, 7.5, 7.5]","[7.5, 8.0]","[7.5, 7.5, 7.5]",rgb/live/Synchro_018/31,108,136628.jpg,136735.jpg,rgb/replay1/Synchro_018/31,134,137131.jpg,137264.jpg,masks/live/Synchro_018/31,108,True,,0,False,unknown_existing_segmentation_output,[],masks/replay1/Synchro_018/31,predicted_input,True
2.0,Synchro_018/32,Synchro_018,32,train,5235d,53.76,2.8,141018,141114,30,67,3,"[30, 59, 67]",97,"[4, 4, 4, 4, 4, 4, 4, 4, 4, 4, 4, 4, 4, 4, 4, 4, 4, 4, 4, 4, 4, 4, 4, 4, 4, 4, 4, 4, 4, 4, 4, 33, 33, 33, 33, 33, 33, 33, 33, 33, 33, 33, 33, 33, 33, 33, 33, 33, 33, 33, 33, 33, 33, 33, 33, 33, 33, 33, 33, 33, 13, 13, 13, 13, 13, 13, 13, 13, 36, 36, 36, 36, 36, 36, 36, 36, 36, 36, 36, 36, 36, 36, 36, 36, 36, 36, 36, 36, 36, 36, 36, 36, 36, 36, 36, 36, 36]","[6.5, 5.0, 6.5, 7.0, 7.0]","[6.5, 5.0]","[6.5, 7.0, 7.0]",rgb/live/Synchro_018/32,97,141018.jpg,141114.jpg,rgb/replay1/Synchro_018/32,120,141500.jpg,141619.jpg,masks/live/Synchro_018/32,97,True,,0,False,unknown_existing_segmentation_output,[],masks/replay1/Synchro_018/32,predicted_input,True
2.0,Synchro_018/33,Synchro_018,33,train,405c,52.65,2.7,142829,142930,28,66,2,"[28, 66]",102,"[4, 4, 4, 4, 4, 4, 4, 4, 4, 4, 4, 4, 4, 4, 4, 4, 4, 4, 4, 4, 4, 4, 4, 4, 4, 4, 4, 4, 4, 23, 23, 23, 23, 23, 23, 23, 23, 23, 23, 23, 23, 23, 23, 23, 23, 23, 23, 23, 23, 23, 23, 23, 23, 23, 23, 23, 23, 23, 23, 23, 23, 23, 23, 23, 23, 23, 23, 36, 36, 36, 36, 36, 36, 36, 36, 36, 36, 36, 36, 36, 36, 36, 36, 36, 36, 36, 36, 36, 36, 36, 36, 36, 36, 36, 36, 36, 36, 36, 36, 36, 36, 36]","[6.0, 5.5, 7.0, 7.0, 7.0]","[6.0, 5.5]","[7.0, 7.0, 7.0]",rgb/live/Synchro_018/33,102,142829.jpg,142930.jpg,rgb/replay1/Synchro_018/33,105,143337.jpg,143441.jpg,masks/live/Synchro_018/33,102,True,,0,False,unknown_existing_segmentation_output,[],masks/replay1/Synchro_018/33,predicted_input,True
2.0,Synchro_018/34,Synchro_018,34,test,205c,48.72,2.8,146733,146833,27,67,2,"[27, 67]",101,"[2, 2, 2, 2, 2, 2, 2, 2, 2, 2, 2, 2, 2, 2, 2, 2, 2, 2, 2, 2, 2, 2, 2, 2, 2, 2, 2, 2, 23, 23, 23, 23, 23, 23, 23, 23, 23, 23, 23, 23, 23, 23, 23, 23, 23, 23, 23, 23, 23, 23, 23, 23, 23, 23, 23, 23, 23, 23, 23, 23, 23, 23, 23, 23, 23, 23, 23, 23, 36, 36, 36, 36, 36, 36, 36, 36, 36, 36, 36, 36, 36, 36, 36, 36, 36, 36, 36, 36, 36, 36, 36, 36, 36, 36, 36, 36, 36, 36, 36, 36, 36]","[6.0, 4.0, 6.0, 6.0, 7.0]","[6.0, 4.0]","[6.0, 6.0, 7.0]",rgb/live/Synchro_018/34,101,146733.jpg,146833.jpg,rgb/replay1/Synchro_018/34,147,147124.jpg,147270.jpg,masks/live/Synchro_018/34,101,True,,0,False,unknown_existing_segmentation_output,[],masks/replay1/Synchro_018/34,predicted_input,True
2.0,Synchro_018/35,Synchro_018,35,train,205c,49.56,2.8,152476,152587,28,67,2,"[28, 67]",112,"[2, 2, 2, 2, 2, 2, 2, 2, 2, 2, 2, 2, 2, 2, 2, 2, 2, 2, 2, 2, 2, 2, 2, 2, 2, 2, 2, 2, 2, 23, 23, 23, 23, 23, 23, 23, 23, 23, 23, 23, 23, 23, 23, 23, 23, 23, 23, 23, 23, 23, 23, 23, 23, 23, 23, 23, 23, 23, 23, 23, 23, 23, 23, 23, 23, 23, 23, 23, 36, 36, 36, 36, 36, 36, 36, 36, 36, 36, 36, 36, 36, 36, 36, 36, 36, 36, 36, 36, 36, 36, 36, 36, 36, 36, 36, 36, 36, 36, 36, 36, 36, 36, 36, 36, 36, 36, 36, 36, 36, 36, 36, 36]","[6.0, 4.5, 6.0, 6.5, 6.5]","[6.0, 4.5]","[6.0, 6.5, 6.5]",rgb/live/Synchro_018/35,112,152476.jpg,152587.jpg,rgb/replay1/Synchro_018/35,148,152978.jpg,153125.jpg,masks/live/Synchro_018/35,112,True,,0,False,unknown_existing_segmentation_output,[],masks/replay1/Synchro_018/35,predicted_input,True
2.0,Synchro_018/36,Synchro_018,36,train,205b,56.7,3.0,154501,154598,32,73,2,"[32, 73]",98,"[2, 2, 2, 2, 2, 2, 2, 2, 2, 2, 2, 2, 2, 2, 2, 2, 2, 2, 2, 2, 2, 2, 2, 2, 2, 2, 2, 2, 2, 2, 2, 2, 2, 15, 15, 15, 15, 15, 15, 15, 15, 15, 15, 15, 15, 15, 15, 15, 15, 15, 15, 15, 15, 15, 15, 15, 15, 15, 15, 15, 15, 15, 15, 15, 15, 15, 15, 15, 15, 15, 15, 15, 15, 15, 36, 36, 36, 36, 36, 36, 36, 36, 36, 36, 36, 36, 36, 36, 36, 36, 36, 36, 36, 36, 36, 36, 36, 36]","[5.5, 5.0, 7.0, 7.0, 7.0]","[5.5, 5.0]","[7.0, 7.0, 7.0]",rgb/live/Synchro_018/36,98,154501.jpg,154598.jpg,rgb/replay1/Synchro_018/36,136,155018.jpg,155153.jpg,masks/live/Synchro_018/36,98,True,,0,False,unknown_existing_segmentation_output,[],masks/replay1/Synchro_018/36,predicted_input,True
2.0,Synchro_019/0,Synchro_019,0,test,401b,42.0,2.0,26319,26419,18,59,2,"[18, 59]",101,"[4, 4, 4, 4, 4, 4, 4, 4, 4, 4, 4, 4, 4, 4, 4, 4, 4, 4, 4, 37, 37, 37, 37, 37, 37, 37, 37, 37, 37, 37, 37, 37, 37, 37, 37, 37, 37, 37, 37, 37, 37, 37, 37, 37, 37, 37, 37, 37, 37, 37, 37, 37, 37, 37, 37, 37, 37, 37, 37, 37, 36, 36, 36, 36, 36, 36, 36, 36, 36, 36, 36, 36, 36, 36, 36, 36, 36, 36, 36, 36, 36, 36, 36, 36, 36, 36, 36, 36, 36, 36, 36, 36, 36, 36, 36, 36, 36, 36, 36, 36, 36]","[7.0, 7.0, 6.5, 7.0, 7.5]","[7.0, 7.0]","[6.5, 7.0, 7.5]",rgb/live/Synchro_019/0,101,026319.jpg,026419.jpg,rgb/replay1/Synchro_019/0,109,026811.jpg,026919.jpg,masks/live/Synchro_019/0,101,True,Trimmed_Diving_Video_Frames/TEMP_LIVE/Replay2/Synchro_019/0,121,True,unknown_existing_segmentation_output,[],masks/replay1/Synchro_019/0,predicted_input,True
2.0,Synchro_019/1,Synchro_019,1,test,201b,41.4,2.0,28135,28238,27,68,2,"[27, 68]",104,"[2, 2, 2, 2, 2, 2, 2, 2, 2, 2, 2, 2, 2, 2, 2, 2, 2, 2, 2, 2, 2, 2, 2, 2, 2, 2, 2, 2, 37, 37, 37, 37, 37, 37, 37, 37, 37, 37, 37, 37, 37, 37, 37, 37, 37, 37, 37, 37, 37, 37, 37, 37, 37, 37, 37, 37, 37, 37, 37, 37, 37, 37, 37, 37, 37, 37, 37, 37, 37, 36, 36, 36, 36, 36, 36, 36, 36, 36, 36, 36, 36, 36, 36, 36, 36, 36, 36, 36, 36, 36, 36, 36, 36, 36, 36, 36, 36, 36, 36, 36, 36, 36, 36, 36]","[6.5, 6.5, 7.0, 7.0, 7.5]","[6.5, 6.5]","[7.0, 7.0, 7.5]",rgb/live/Synchro_019/1,104,028135.jpg,028238.jpg,rgb/replay1/Synchro_019/1,154,028467.jpg,028620.jpg,masks/live/Synchro_019/1,104,True,Trimmed_Diving_Video_Frames/TEMP_LIVE/Replay2/Synchro_019/1,127,True,unknown_existing_segmentation_output,[],masks/replay1/Synchro_019/1,predicted_input,True
2.0,Synchro_019/2,Synchro_019,2,train,103b,40.2,2.0,29715,29811,15,59,2,"[15, 59]",97,"[1, 1, 1, 1, 1, 1, 1, 1, 1, 1, 1, 1, 1, 1, 1, 1, 13, 13, 13, 13, 13, 13, 13, 13, 13, 13, 13, 13, 13, 13, 13, 13, 13, 13, 13, 13, 13, 13, 13, 13, 13, 13, 13, 13, 13, 13, 13, 13, 13, 13, 13, 13, 13, 13, 13, 13, 13, 13, 13, 13, 36, 36, 36, 36, 36, 36, 36, 36, 36, 36, 36, 36, 36, 36, 36, 36, 36, 36, 36, 36, 36, 36, 36, 36, 36, 36, 36, 36, 36, 36, 36, 36, 36, 36, 36, 36, 36]","[7.0, 6.5, 6.5, 6.5, 7.0]","[7.0, 6.5]","[6.5, 6.5, 7.0]",rgb/live/Synchro_019/2,97,029715.jpg,029811.jpg,rgb/replay1/Synchro_019/2,125,030031.jpg,030155.jpg,masks/live/Synchro_019/2,97,True,Trimmed_Diving_Video_Frames/TEMP_LIVE/Replay2/Synchro_019/2,113,True,unknown_existing_segmentation_output,[],masks/replay1/Synchro_019/2,predicted_input,True
2.0,Synchro_019/3,Synchro_019,3,train,103b,48.0,2.0,31368,31477,17,60,2,"[17, 60]",110,"[1, 1, 1, 1, 1, 1, 1, 1, 1, 1, 1, 1, 1, 1, 1, 1, 1, 1, 13, 13, 13, 13, 13, 13, 13, 13, 13, 13, 13, 13, 13, 13, 13, 13, 13, 13, 13, 13, 13, 13, 13, 13, 13, 13, 13, 13, 13, 13, 13, 13, 13, 13, 13, 13, 13, 13, 13, 13, 13, 13, 13, 36, 36, 36, 36, 36, 36, 36, 36, 36, 36, 36, 36, 36, 36, 36, 36, 36, 36, 36, 36, 36, 36, 36, 36, 36, 36, 36, 36, 36, 36, 36, 36, 36, 36, 36, 36, 36, 36, 36, 36, 36, 36, 36, 36, 36, 36, 36, 36, 36]","[7.5, 8.0, 8.0, 8.0, 8.5]","[7.5, 8.0]","[8.0, 8.0, 8.5]",rgb/live/Synchro_019/3,110,031368.jpg,031477.jpg,rgb/replay1/Synchro_019/3,128,031808.jpg,031935.jpg,masks/live/Synchro_019/3,110,True,,0,False,unknown_existing_segmentation_output,[],masks/replay1/Synchro_019/3,predicted_input,True
2.0,Synchro_019/4,Synchro_019,4,test,403b,49.8,2.0,33144,33239,15,59,2,"[15, 59]",96,"[4, 4, 4, 4, 4, 4, 4, 4, 4, 4, 4, 4, 4, 4, 4, 4, 13, 13, 13, 13, 13, 13, 13, 13, 13, 13, 13, 13, 13, 13, 13, 13, 13, 13, 13, 13, 13, 13, 13, 13, 13, 13, 13, 13, 13, 13, 13, 13, 13, 13, 13, 13, 13, 13, 13, 13, 13, 13, 13, 13, 36, 36, 36, 36, 36, 36, 36, 36, 36, 36, 36, 36, 36, 36, 36, 36, 36, 36, 36, 36, 36, 36, 36, 36, 36, 36, 36, 36, 36, 36, 36, 36, 36, 36, 36, 36]","[8.0, 8.0, 8.5, 8.5, 8.5]","[8.0, 8.0]","[8.5, 8.5, 8.5]",rgb/live/Synchro_019/4,96,033144.jpg,033239.jpg,rgb/replay1/Synchro_019/4,124,033458.jpg,033581.jpg,masks/live/Synchro_019/4,96,True,Trimmed_Diving_Video_Frames/TEMP_LIVE/Replay2/Synchro_019/4,111,True,unknown_existing_segmentation_output,[],masks/replay1/Synchro_019/4,predicted_input,True
2.0,Synchro_019/5,Synchro_019,5,test,103b,47.4,2.0,35149,35288,17,97,2,"[17, 97]",140,"[1, 1, 1, 1, 1, 1, 1, 1, 1, 1, 1, 1, 1, 1, 1, 1, 1, 1, 13, 13, 13, 13, 13, 13, 13, 13, 13, 13, 13, 13, 13, 13, 13, 13, 13, 13, 13, 13, 13, 13, 13, 13, 13, 13, 13, 13, 13, 13, 13, 13, 13, 13, 13, 13, 13, 13, 13, 13, 13, 13, 13, 13, 13, 13, 13, 13, 13, 13, 13, 13, 13, 13, 13, 13, 13, 13, 13, 13, 13, 13, 13, 13, 13, 13, 13, 13, 13, 13, 13, 13, 13, 13, 13, 13, 13, 13, 13, 13, 36, 36, 36, 36, 36, 36, 36, 36, 36, 36, 36, 36, 36, 36, 36, 36, 36, 36, 36, 36, 36, 36, 36, 36, 36, 36, 36, 36, 36, 36, 36, 36, 36, 36, 36, 36, 36, 36, 36, 36, 36, 36]","[8.0, 8.0, 7.5, 8.0, 8.0]","[8.0, 8.0]","[7.5, 8.0, 8.0]",rgb/live/Synchro_019/5,140,035149.jpg,035288.jpg,rgb/replay1/Synchro_019/5,113,035319.jpg,035431.jpg,masks/live/Synchro_019/5,140,True,,0,False,unknown_existing_segmentation_output,[],masks/replay1/Synchro_019/5,predicted_input,True
2.0,Synchro_019/6,Synchro_019,6,train,201b,48.6,2.0,36341,36436,10,50,2,"[10, 50]",96,"[2, 2, 2, 2, 2, 2, 2, 2, 2, 2, 2, 37, 37, 37, 37, 37, 37, 37, 37, 37, 37, 37, 37, 37, 37, 37, 37, 37, 37, 37, 37, 37, 37, 37, 37, 37, 37, 37, 37, 37, 37, 37, 37, 37, 37, 37, 37, 37, 37, 37, 37, 36, 36, 36, 36, 36, 36, 36, 36, 36, 36, 36, 36, 36, 36, 36, 36, 36, 36, 36, 36, 36, 36, 36, 36, 36, 36, 36, 36, 36, 36, 36, 36, 36, 36, 36, 36, 36, 36, 36, 36, 36, 36, 36, 36, 36]","[6.0, 9.0, 8.5, 8.5, 8.5]","[6.0, 9.0]","[8.5, 8.5, 8.5]",rgb/live/Synchro_019/6,96,036341.jpg,036436.jpg,rgb/replay1/Synchro_019/6,135,036647.jpg,036781.jpg,masks/live/Synchro_019/6,96,True,Trimmed_Diving_Video_Frames/TEMP_LIVE/Replay2/Synchro_019/6,96,True,unknown_existing_segmentation_output,[],masks/replay1/Synchro_019/6,predicted_input,True
2.0,Synchro_019/7,Synchro_019,7,train,103b,49.2,2.0,37986,38088,18,63,2,"[18, 63]",103,"[1, 1, 1, 1, 1, 1, 1, 1, 1, 1, 1, 1, 1, 1, 1, 1, 1, 1, 1, 13, 13, 13, 13, 13, 13, 13, 13, 13, 13, 13, 13, 13, 13, 13, 13, 13, 13, 13, 13, 13, 13, 13, 13, 13, 13, 13, 13, 13, 13, 13, 13, 13, 13, 13, 13, 13, 13, 13, 13, 13, 13, 13, 13, 13, 36, 36, 36, 36, 36, 36, 36, 36, 36, 36, 36, 36, 36, 36, 36, 36, 36, 36, 36, 36, 36, 36, 36, 36, 36, 36, 36, 36, 36, 36, 36, 36, 36, 36, 36, 36, 36, 36, 36]","[7.5, 7.5, 8.0, 9.0, 9.0]","[7.5, 7.5]","[8.0, 9.0, 9.0]",rgb/live/Synchro_019/7,103,037986.jpg,038088.jpg,rgb/replay1/Synchro_019/7,129,038312.jpg,038440.jpg,masks/live/Synchro_019/7,103,True,Trimmed_Diving_Video_Frames/TEMP_LIVE/Replay2/Synchro_019/7,97,True,unknown_existing_segmentation_output,[],masks/replay1/Synchro_019/7,predicted_input,True
2.0,Synchro_019/8,Synchro_019,8,test,103b,45.6,2.0,39766,39864,14,56,2,"[14, 56]",99,"[1, 1, 1, 1, 1, 1, 1, 1, 1, 1, 1, 1, 1, 1, 1, 13, 13, 13, 13, 13, 13, 13, 13, 13, 13, 13, 13, 13, 13, 13, 13, 13, 13, 13, 13, 13, 13, 13, 13, 13, 13, 13, 13, 13, 13, 13, 13, 13, 13, 13, 13, 13, 13, 13, 13, 13, 13, 36, 36, 36, 36, 36, 36, 36, 36, 36, 36, 36, 36, 36, 36, 36, 36, 36, 36, 36, 36, 36, 36, 36, 36, 36, 36, 36, 36, 36, 36, 36, 36, 36, 36, 36, 36, 36, 36, 36, 36, 36, 36]","[7.0, 7.0, 8.0, 8.0, 8.0]","[7.0, 7.0]","[8.0, 8.0, 8.0]",rgb/live/Synchro_019/8,99,039766.jpg,039864.jpg,rgb/replay1/Synchro_019/8,136,040132.jpg,040267.jpg,masks/live/Synchro_019/8,99,True,Trimmed_Diving_Video_Frames/TEMP_LIVE/Replay2/Synchro_019/8,111,True,unknown_existing_segmentation_output,[],masks/replay1/Synchro_019/8,predicted_input,True
2.0,Synchro_019/9,Synchro_019,9,train,401b,42.0,2.0,41381,41476,19,49,2,"[19, 49]",96,"[4, 4, 4, 4, 4, 4, 4, 4, 4, 4, 4, 4, 4, 4, 4, 4, 4, 4, 4, 4, 37, 37, 37, 37, 37, 37, 37, 37, 37, 37, 37, 37, 37, 37, 37, 37, 37, 37, 37, 37, 37, 37, 37, 37, 37, 37, 37, 37, 37, 37, 36, 36, 36, 36, 36, 36, 36, 36, 36, 36, 36, 36, 36, 36, 36, 36, 36, 36, 36, 36, 36, 36, 36, 36, 36, 36, 36, 36, 36, 36, 36, 36, 36, 36, 36, 36, 36, 36, 36, 36, 36, 36, 36, 36, 36, 36]","[6.0, 6.0, 7.5, 7.5, 8.0]","[6.0, 6.0]","[7.5, 7.5, 8.0]",rgb/live/Synchro_019/9,96,041381.jpg,041476.jpg,rgb/replay1/Synchro_019/9,120,041684.jpg,041803.jpg,masks/live/Synchro_019/9,96,True,Trimmed_Diving_Video_Frames/TEMP_LIVE/Replay2/Synchro_019/9,108,True,unknown_existing_segmentation_output,[],masks/replay1/Synchro_019/9,predicted_input,True
2.0,Synchro_019/10,Synchro_019,10,train,201b,52.2,2.0,43008,43118,33,76,2,"[33, 76]",111,"[2, 2, 2, 2, 2, 2, 2, 2, 2, 2, 2, 2, 2, 2, 2, 2, 2, 2, 2, 2, 2, 2, 2, 2, 2, 2, 2, 2, 2, 2, 2, 2, 2, 2, 37, 37, 37, 37, 37, 37, 37, 37, 37, 37, 37, 37, 37, 37, 37, 37, 37, 37, 37, 37, 37, 37, 37, 37, 37, 37, 37, 37, 37, 37, 37, 37, 37, 37, 37, 37, 37, 37, 37, 37, 37, 37, 37, 36, 36, 36, 36, 36, 36, 36, 36, 36, 36, 36, 36, 36, 36, 36, 36, 36, 36, 36, 36, 36, 36, 36, 36, 36, 36, 36, 36, 36, 36, 36, 36, 36, 36]","[9.0, 8.0, 8.5, 9.0, 9.0]","[9.0, 8.0]","[8.5, 9.0, 9.0]",rgb/live/Synchro_019/10,111,043008.jpg,043118.jpg,rgb/replay1/Synchro_019/10,112,043514.jpg,043625.jpg,masks/live/Synchro_019/10,111,True,Trimmed_Diving_Video_Frames/TEMP_LIVE/Replay2/Synchro_019/10,148,True,unknown_existing_segmentation_output,[],masks/replay1/Synchro_019/10,predicted_input,True
2.0,Synchro_019/11,Synchro_019,11,train,401b,37.8,2.0,44821,44916,19,48,2,"[19, 48]",96,"[4, 4, 4, 4, 4, 4, 4, 4, 4, 4, 4, 4, 4, 4, 4, 4, 4, 4, 4, 4, 37, 37, 37, 37, 37, 37, 37, 37, 37, 37, 37, 37, 37, 37, 37, 37, 37, 37, 37, 37, 37, 37, 37, 37, 37, 37, 37, 37, 37, 36, 36, 36, 36, 36, 36, 36, 36, 36, 36, 36, 36, 36, 36, 36, 36, 36, 36, 36, 36, 36, 36, 36, 36, 36, 36, 36, 36, 36, 36, 36, 36, 36, 36, 36, 36, 36, 36, 36, 36, 36, 36, 36, 36, 36, 36, 36]","[5.5, 6.0, 6.5, 6.5, 7.0]","[5.5, 6.0]","[6.5, 6.5, 7.0]",rgb/live/Synchro_019/11,96,044821.jpg,044916.jpg,rgb/replay1/Synchro_019/11,113,045153.jpg,045265.jpg,masks/live/Synchro_019/11,96,True,,0,False,unknown_existing_segmentation_output,[],masks/replay1/Synchro_019/11,predicted_input,True
2.0,Synchro_019/12,Synchro_019,12,train,103b,46.2,2.0,46496,46594,14,57,2,"[14, 57]",99,"[1, 1, 1, 1, 1, 1, 1, 1, 1, 1, 1, 1, 1, 1, 1, 13, 13, 13, 13, 13, 13, 13, 13, 13, 13, 13, 13, 13, 13, 13, 13, 13, 13, 13, 13, 13, 13, 13, 13, 13, 13, 13, 13, 13, 13, 13, 13, 13, 13, 13, 13, 13, 13, 13, 13, 13, 13, 13, 36, 36, 36, 36, 36, 36, 36, 36, 36, 36, 36, 36, 36, 36, 36, 36, 36, 36, 36, 36, 36, 36, 36, 36, 36, 36, 36, 36, 36, 36, 36, 36, 36, 36, 36, 36, 36, 36, 36, 36, 36]","[7.5, 8.0, 7.5, 7.5, 8.0]","[7.5, 8.0]","[7.5, 7.5, 8.0]",rgb/live/Synchro_019/12,99,046496.jpg,046594.jpg,rgb/replay1/Synchro_019/12,149,046875.jpg,047023.jpg,masks/live/Synchro_019/12,99,True,,0,False,unknown_existing_segmentation_output,[],masks/replay1/Synchro_019/12,predicted_input,True
2.0,Synchro_019/13,Synchro_019,13,test,101b,48.6,2.0,48177,48272,20,59,2,"[20, 59]",96,"[1, 1, 1, 1, 1, 1, 1, 1, 1, 1, 1, 1, 1, 1, 1, 1, 1, 1, 1, 1, 1, 37, 37, 37, 37, 37, 37, 37, 37, 37, 37, 37, 37, 37, 37, 37, 37, 37, 37, 37, 37, 37, 37, 37, 37, 37, 37, 37, 37, 37, 37, 37, 37, 37, 37, 37, 37, 37, 37, 37, 36, 36, 36, 36, 36, 36, 36, 36, 36, 36, 36, 36, 36, 36, 36, 36, 36, 36, 36, 36, 36, 36, 36, 36, 36, 36, 36, 36, 36, 36, 36, 36, 36, 36, 36, 36]","[8.0, 7.0, 8.0, 8.5, 9.0]","[8.0, 7.0]","[8.0, 8.5, 9.0]",rgb/live/Synchro_019/13,96,048177.jpg,048272.jpg,rgb/replay1/Synchro_019/13,111,048505.jpg,048615.jpg,masks/live/Synchro_019/13,96,True,,0,False,unknown_existing_segmentation_output,[],masks/replay1/Synchro_019/13,predicted_input,True
2.0,Synchro_019/14,Synchro_019,14,train,301c,36.6,2.0,50870,50985,30,75,2,"[30, 75]",116,"[3, 3, 3, 3, 3, 3, 3, 3, 3, 3, 3, 3, 3, 3, 3, 3, 3, 3, 3, 3, 3, 3, 3, 3, 3, 3, 3, 3, 3, 3, 3, 40, 40, 40, 40, 40, 40, 40, 40, 40, 40, 40, 40, 40, 40, 40, 40, 40, 40, 40, 40, 40, 40, 40, 40, 40, 40, 40, 40, 40, 40, 40, 40, 40, 40, 40, 40, 40, 40, 40, 40, 40, 40, 40, 40, 40, 36, 36, 36, 36, 36, 36, 36, 36, 36, 36, 36, 36, 36, 36, 36, 36, 36, 36, 36, 36, 36, 36, 36, 36, 36, 36, 36, 36, 36, 36, 36, 36, 36, 36, 36, 36, 36, 36, 36, 36]","[5.0, 6.0, 6.0, 6.5, 7.0]","[5.0, 6.0]","[6.0, 6.5, 7.0]",rgb/live/Synchro_019/14,116,050870.jpg,050985.jpg,rgb/replay1/Synchro_019/14,156,051361.jpg,051516.jpg,masks/live/Synchro_019/14,116,True,Trimmed_Diving_Video_Frames/TEMP_LIVE/Replay2/Synchro_019/14,147,True,unknown_existing_segmentation_output,[],masks/replay1/Synchro_019/14,predicted_input,True
2.0,Synchro_019/15,Synchro_019,15,train,301b,41.4,2.0,52856,52972,29,74,2,"[29, 74]",117,"[3, 3, 3, 3, 3, 3, 3, 3, 3, 3, 3, 3, 3, 3, 3, 3, 3, 3, 3, 3, 3, 3, 3, 3, 3, 3, 3, 3, 3, 3, 37, 37, 37, 37, 37, 37, 37, 37, 37, 37, 37, 37, 37, 37, 37, 37, 37, 37, 37, 37, 37, 37, 37, 37, 37, 37, 37, 37, 37, 37, 37, 37, 37, 37, 37, 37, 37, 37, 37, 37, 37, 37, 37, 37, 37, 36, 36, 36, 36, 36, 36, 36, 36, 36, 36, 36, 36, 36, 36, 36, 36, 36, 36, 36, 36, 36, 36, 36, 36, 36, 36, 36, 36, 36, 36, 36, 36, 36, 36, 36, 36, 36, 36, 36, 36, 36, 36]","[7.5, 5.5, 7.0, 7.0, 7.5]","[7.5, 5.5]","[7.0, 7.0, 7.5]",rgb/live/Synchro_019/15,117,052856.jpg,052972.jpg,rgb/replay1/Synchro_019/15,120,053192.jpg,053311.jpg,masks/live/Synchro_019/15,117,True,Trimmed_Diving_Video_Frames/TEMP_LIVE/Replay2/Synchro_019/15,126,True,unknown_existing_segmentation_output,[],masks/replay1/Synchro_019/15,predicted_input,True
2.0,Synchro_019/16,Synchro_019,16,test,301b,43.2,2.0,54552,54653,15,55,2,"[15, 55]",102,"[3, 3, 3, 3, 3, 3, 3, 3, 3, 3, 3, 3, 3, 3, 3, 3, 37, 37, 37, 37, 37, 37, 37, 37, 37, 37, 37, 37, 37, 37, 37, 37, 37, 37, 37, 37, 37, 37, 37, 37, 37, 37, 37, 37, 37, 37, 37, 37, 37, 37, 37, 37, 37, 37, 37, 37, 36, 36, 36, 36, 36, 36, 36, 36, 36, 36, 36, 36, 36, 36, 36, 36, 36, 36, 36, 36, 36, 36, 36, 36, 36, 36, 36, 36, 36, 36, 36, 36, 36, 36, 36, 36, 36, 36, 36, 36, 36, 36, 36, 36, 36, 36]","[6.5, 6.5, 7.5, 7.5, 8.0]","[6.5, 6.5]","[7.5, 7.5, 8.0]",rgb/live/Synchro_019/16,102,054552.jpg,054653.jpg,rgb/replay1/Synchro_019/16,135,055082.jpg,055216.jpg,masks/live/Synchro_019/16,102,True,,0,False,unknown_existing_segmentation_output,[],masks/replay1/Synchro_019/16,predicted_input,True
2.0,Synchro_019/17,Synchro_019,17,train,301b,40.2,2.0,58116,58234,25,67,2,"[25, 67]",119,"[3, 3, 3, 3, 3, 3, 3, 3, 3, 3, 3, 3, 3, 3, 3, 3, 3, 3, 3, 3, 3, 3, 3, 3, 3, 3, 37, 37, 37, 37, 37, 37, 37, 37, 37, 37, 37, 37, 37, 37, 37, 37, 37, 37, 37, 37, 37, 37, 37, 37, 37, 37, 37, 37, 37, 37, 37, 37, 37, 37, 37, 37, 37, 37, 37, 37, 37, 37, 36, 36, 36, 36, 36, 36, 36, 36, 36, 36, 36, 36, 36, 36, 36, 36, 36, 36, 36, 36, 36, 36, 36, 36, 36, 36, 36, 36, 36, 36, 36, 36, 36, 36, 36, 36, 36, 36, 36, 36, 36, 36, 36, 36, 36, 36, 36, 36, 36, 36, 36]","[6.5, 6.5, 6.5, 7.0, 7.0]","[6.5, 6.5]","[6.5, 7.0, 7.0]",rgb/live/Synchro_019/17,119,058116.jpg,058234.jpg,rgb/replay1/Synchro_019/17,124,058666.jpg,058789.jpg,masks/live/Synchro_019/17,119,True,,0,False,unknown_existing_segmentation_output,[],masks/replay1/Synchro_019/17,predicted_input,True
2.0,Synchro_019/18,Synchro_019,18,train,301b,44.4,2.0,60066,60169,24,64,2,"[24, 64]",104,"[3, 3, 3, 3, 3, 3, 3, 3, 3, 3, 3, 3, 3, 3, 3, 3, 3, 3, 3, 3, 3, 3, 3, 3, 3, 37, 37, 37, 37, 37, 37, 37, 37, 37, 37, 37, 37, 37, 37, 37, 37, 37, 37, 37, 37, 37, 37, 37, 37, 37, 37, 37, 37, 37, 37, 37, 37, 37, 37, 37, 37, 37, 37, 37, 37, 36, 36, 36, 36, 36, 36, 36, 36, 36, 36, 36, 36, 36, 36, 36, 36, 36, 36, 36, 36, 36, 36, 36, 36, 36, 36, 36, 36, 36, 36, 36, 36, 36, 36, 36, 36, 36, 36, 36]","[7.5, 8.0, 6.5, 7.0, 8.0]","[7.5, 8.0]","[6.5, 7.0, 8.0]",rgb/live/Synchro_019/18,104,060066.jpg,060169.jpg,rgb/replay1/Synchro_019/18,143,060426.jpg,060568.jpg,masks/live/Synchro_019/18,104,True,Trimmed_Diving_Video_Frames/TEMP_LIVE/Replay2/Synchro_019/18,120,True,unknown_existing_segmentation_output,[],masks/replay1/Synchro_019/18,predicted_input,True
2.0,Synchro_019/19,Synchro_019,19,train,201b,52.8,2.0,61735,61830,6,45,2,"[6, 45]",96,"[2, 2, 2, 2, 2, 2, 2, 37, 37, 37, 37, 37, 37, 37, 37, 37, 37, 37, 37, 37, 37, 37, 37, 37, 37, 37, 37, 37, 37, 37, 37, 37, 37, 37, 37, 37, 37, 37, 37, 37, 37, 37, 37, 37, 37, 37, 36, 36, 36, 36, 36, 36, 36, 36, 36, 36, 36, 36, 36, 36, 36, 36, 36, 36, 36, 36, 36, 36, 36, 36, 36, 36, 36, 36, 36, 36, 36, 36, 36, 36, 36, 36, 36, 36, 36, 36, 36, 36, 36, 36, 36, 36, 36, 36, 36, 36]","[8.0, 8.5, 9.0, 9.0, 9.5]","[8.0, 8.5]","[9.0, 9.0, 9.5]",rgb/live/Synchro_019/19,96,061735.jpg,061830.jpg,rgb/replay1/Synchro_019/19,154,062089.jpg,062242.jpg,masks/live/Synchro_019/19,96,True,,0,False,unknown_existing_segmentation_output,[],masks/replay1/Synchro_019/19,predicted_input,True
2.0,Synchro_019/20,Synchro_019,20,train,5231d,44.4,2.0,65207,65321,30,73,3,"[30, 49, 73]",115,"[2, 2, 2, 2, 2, 2, 2, 2, 2, 2, 2, 2, 2, 2, 2, 2, 2, 2, 2, 2, 2, 2, 2, 2, 2, 2, 2, 2, 2, 2, 2, 29, 29, 29, 29, 29, 29, 29, 29, 29, 29, 29, 29, 29, 29, 29, 29, 29, 29, 29, 13, 13, 13, 13, 13, 13, 13, 13, 13, 13, 13, 13, 13, 13, 13, 13, 13, 13, 13, 13, 13, 13, 13, 13, 36, 36, 36, 36, 36, 36, 36, 36, 36, 36, 36, 36, 36, 36, 36, 36, 36, 36, 36, 36, 36, 36, 36, 36, 36, 36, 36, 36, 36, 36, 36, 36, 36, 36, 36, 36, 36, 36, 36, 36, 36]","[6.0, 7.5, 7.5, 8.0, 8.0]","[6.0, 7.5]","[7.5, 8.0, 8.0]",rgb/live/Synchro_019/20,115,065207.jpg,065321.jpg,rgb/replay1/Synchro_019/20,170,065581.jpg,065750.jpg,masks/live/Synchro_019/20,115,True,Trimmed_Diving_Video_Frames/TEMP_LIVE/Replay2/Synchro_019/20,108,True,unknown_existing_segmentation_output,[],masks/replay1/Synchro_019/20,predicted_input,True
2.0,Synchro_019/21,Synchro_019,21,train,301b,45.0,2.0,67102,67197,8,49,2,"[8, 49]",96,"[3, 3, 3, 3, 3, 3, 3, 3, 3, 37, 37, 37, 37, 37, 37, 37, 37, 37, 37, 37, 37, 37, 37, 37, 37, 37, 37, 37, 37, 37, 37, 37, 37, 37, 37, 37, 37, 37, 37, 37, 37, 37, 37, 37, 37, 37, 37, 37, 37, 37, 36, 36, 36, 36, 36, 36, 36, 36, 36, 36, 36, 36, 36, 36, 36, 36, 36, 36, 36, 36, 36, 36, 36, 36, 36, 36, 36, 36, 36, 36, 36, 36, 36, 36, 36, 36, 36, 36, 36, 36, 36, 36, 36, 36, 36, 36]","[7.0, 6.5, 8.0, 8.0, 8.0]","[7.0, 6.5]","[8.0, 8.0, 8.0]",rgb/live/Synchro_019/21,96,067102.jpg,067197.jpg,rgb/replay1/Synchro_019/21,144,067611.jpg,067754.jpg,masks/live/Synchro_019/21,96,True,,0,False,unknown_existing_segmentation_output,[],masks/replay1/Synchro_019/21,predicted_input,True
2.0,Synchro_019/22,Synchro_019,22,validation,103b,32.4,2.0,68811,68905,16,48,2,"[16, 48]",95,"[1, 1, 1, 1, 1, 1, 1, 1, 1, 1, 1, 1, 1, 1, 1, 1, 1, 13, 13, 13, 13, 13, 13, 13, 13, 13, 13, 13, 13, 13, 13, 13, 13, 13, 13, 13, 13, 13, 13, 13, 13, 13, 13, 13, 13, 13, 13, 13, 13, 36, 36, 36, 36, 36, 36, 36, 36, 36, 36, 36, 36, 36, 36, 36, 36, 36, 36, 36, 36, 36, 36, 36, 36, 36, 36, 36, 36, 36, 36, 36, 36, 36, 36, 36, 36, 36, 36, 36, 36, 36, 36, 36, 36, 36, 36]","[4.0, 6.0, 5.0, 6.0, 6.0]","[4.0, 6.0]","[5.0, 6.0, 6.0]",rgb/live/Synchro_019/22,95,068811.jpg,068905.jpg,rgb/replay1/Synchro_019/22,111,069369.jpg,069479.jpg,masks/live/Synchro_019/22,95,True,Trimmed_Diving_Video_Frames/TEMP_LIVE/Replay2/Synchro_019/22,104,True,unknown_existing_segmentation_output,[],masks/replay1/Synchro_019/22,predicted_input,True
2.0,Synchro_019/23,Synchro_019,23,train,301b,19.2,2.0,72919,73018,28,61,2,"[28, 61]",100,"[3, 3, 3, 3, 3, 3, 3, 3, 3, 3, 3, 3, 3, 3, 3, 3, 3, 3, 3, 3, 3, 3, 3, 3, 3, 3, 3, 3, 3, 37, 37, 37, 37, 37, 37, 37, 37, 37, 37, 37, 37, 37, 37, 37, 37, 37, 37, 37, 37, 37, 37, 37, 37, 37, 37, 37, 37, 37, 37, 37, 37, 37, 36, 36, 36, 36, 36, 36, 36, 36, 36, 36, 36, 36, 36, 36, 36, 36, 36, 36, 36, 36, 36, 36, 36, 36, 36, 36, 36, 36, 36, 36, 36, 36, 36, 36, 36, 36, 36, 36]","[4.0, 6.0, 5.5, 5.5, 5.0]","[4.0, 6.0]","[5.5, 5.5, 5.0]",rgb/live/Synchro_019/23,100,072919.jpg,073018.jpg,rgb/replay1/Synchro_019/23,119,073513.jpg,073631.jpg,masks/live/Synchro_019/23,100,True,,0,False,unknown_existing_segmentation_output,[],masks/replay1/Synchro_019/23,predicted_input,True
2.0,Synchro_019/24,Synchro_019,24,train,301b,50.4,2.0,74857,74957,28,66,2,"[28, 66]",101,"[3, 3, 3, 3, 3, 3, 3, 3, 3, 3, 3, 3, 3, 3, 3, 3, 3, 3, 3, 3, 3, 3, 3, 3, 3, 3, 3, 3, 3, 37, 37, 37, 37, 37, 37, 37, 37, 37, 37, 37, 37, 37, 37, 37, 37, 37, 37, 37, 37, 37, 37, 37, 37, 37, 37, 37, 37, 37, 37, 37, 37, 37, 37, 37, 37, 37, 37, 36, 36, 36, 36, 36, 36, 36, 36, 36, 36, 36, 36, 36, 36, 36, 36, 36, 36, 36, 36, 36, 36, 36, 36, 36, 36, 36, 36, 36, 36, 36, 36, 36, 36]","[7.5, 8.0, 8.5, 9.0, 9.0]","[7.5, 8.0]","[8.5, 9.0, 9.0]",rgb/live/Synchro_019/24,101,074857.jpg,074957.jpg,rgb/replay1/Synchro_019/24,136,075248.jpg,075383.jpg,masks/live/Synchro_019/24,101,True,,0,False,unknown_existing_segmentation_output,[],masks/replay1/Synchro_019/24,predicted_input,True
2.0,Synchro_019/25,Synchro_019,25,train,207c,58.41,3.3,79800,79913,24,74,2,"[24, 74]",114,"[2, 2, 2, 2, 2, 2, 2, 2, 2, 2, 2, 2, 2, 2, 2, 2, 2, 2, 2, 2, 2, 2, 2, 2, 2, 25, 25, 25, 25, 25, 25, 25, 25, 25, 25, 25, 25, 25, 25, 25, 25, 25, 25, 25, 25, 25, 25, 25, 25, 25, 25, 25, 25, 25, 25, 25, 25, 25, 25, 25, 25, 25, 25, 25, 25, 25, 25, 25, 25, 25, 25, 25, 25, 25, 25, 36, 36, 36, 36, 36, 36, 36, 36, 36, 36, 36, 36, 36, 36, 36, 36, 36, 36, 36, 36, 36, 36, 36, 36, 36, 36, 36, 36, 36, 36, 36, 36, 36, 36, 36, 36, 36, 36, 36]","[4.5, 6.0, 6.0, 6.5, 6.5]","[4.5, 6.0]","[6.0, 6.5, 6.5]",rgb/live/Synchro_019/25,114,079800.jpg,079913.jpg,rgb/replay1/Synchro_019/25,147,080193.jpg,080339.jpg,masks/live/Synchro_019/25,114,True,,0,False,unknown_existing_segmentation_output,[],masks/replay1/Synchro_019/25,predicted_input,True
2.0,Synchro_019/26,Synchro_019,26,train,305c,60.48,2.8,85141,85243,17,64,2,"[17, 64]",103,"[3, 3, 3, 3, 3, 3, 3, 3, 3, 3, 3, 3, 3, 3, 3, 3, 3, 3, 23, 23, 23, 23, 23, 23, 23, 23, 23, 23, 23, 23, 23, 23, 23, 23, 23, 23, 23, 23, 23, 23, 23, 23, 23, 23, 23, 23, 23, 23, 23, 23, 23, 23, 23, 23, 23, 23, 23, 23, 23, 23, 23, 23, 23, 23, 23, 36, 36, 36, 36, 36, 36, 36, 36, 36, 36, 36, 36, 36, 36, 36, 36, 36, 36, 36, 36, 36, 36, 36, 36, 36, 36, 36, 36, 36, 36, 36, 36, 36, 36, 36, 36, 36, 36]","[7.0, 6.0, 7.5, 7.5, 8.0]","[7.0, 6.0]","[7.5, 7.5, 8.0]",rgb/live/Synchro_019/26,103,085141.jpg,085243.jpg,rgb/replay1/Synchro_019/26,120,085673.jpg,085792.jpg,masks/live/Synchro_019/26,103,True,Trimmed_Diving_Video_Frames/TEMP_LIVE/Replay2/Synchro_019/26,123,True,unknown_existing_segmentation_output,[],masks/replay1/Synchro_019/26,predicted_input,True
2.0,Synchro_019/27,Synchro_019,27,train,5253b,55.68,3.2,87078,87197,20,69,3,"[20, 42, 69]",120,"[2, 2, 2, 2, 2, 2, 2, 2, 2, 2, 2, 2, 2, 2, 2, 2, 2, 2, 2, 2, 2, 31, 31, 31, 31, 31, 31, 31, 31, 31, 31, 31, 31, 31, 31, 31, 31, 31, 31, 31, 31, 31, 31, 15, 15, 15, 15, 15, 15, 15, 15, 15, 15, 15, 15, 15, 15, 15, 15, 15, 15, 15, 15, 15, 15, 15, 15, 15, 15, 15, 36, 36, 36, 36, 36, 36, 36, 36, 36, 36, 36, 36, 36, 36, 36, 36, 36, 36, 36, 36, 36, 36, 36, 36, 36, 36, 36, 36, 36, 36, 36, 36, 36, 36, 36, 36, 36, 36, 36, 36, 36, 36, 36, 36, 36, 36, 36, 36, 36, 36]","[3.5, 6.5, 6.0, 6.5, 6.5]","[3.5, 6.5]","[6.0, 6.5, 6.5]",rgb/live/Synchro_019/27,120,087078.jpg,087197.jpg,rgb/replay1/Synchro_019/27,130,087486.jpg,087615.jpg,masks/live/Synchro_019/27,120,True,,0,False,unknown_existing_segmentation_output,[],masks/replay1/Synchro_019/27,predicted_input,True
2.0,Synchro_019/28,Synchro_019,28,test,107b,60.3,3.0,90914,91019,13,60,2,"[13, 60]",106,"[1, 1, 1, 1, 1, 1, 1, 1, 1, 1, 1, 1, 1, 1, 17, 17, 17, 17, 17, 17, 17, 17, 17, 17, 17, 17, 17, 17, 17, 17, 17, 17, 17, 17, 17, 17, 17, 17, 17, 17, 17, 17, 17, 17, 17, 17, 17, 17, 17, 17, 17, 17, 17, 17, 17, 17, 17, 17, 17, 17, 17, 36, 36, 36, 36, 36, 36, 36, 36, 36, 36, 36, 36, 36, 36, 36, 36, 36, 36, 36, 36, 36, 36, 36, 36, 36, 36, 36, 36, 36, 36, 36, 36, 36, 36, 36, 36, 36, 36, 36, 36, 36, 36, 36, 36, 36]","[5.0, 7.0, 7.0, 7.0, 7.5]","[5.0, 7.0]","[7.0, 7.0, 7.5]",rgb/live/Synchro_019/28,106,090914.jpg,091019.jpg,rgb/replay1/Synchro_019/28,144,091494.jpg,091637.jpg,masks/live/Synchro_019/28,106,True,,0,False,unknown_existing_segmentation_output,[],masks/replay1/Synchro_019/28,predicted_input,True
2.0,Synchro_019/29,Synchro_019,29,train,107b,62.1,3.0,92488,92591,19,63,2,"[19, 63]",104,"[1, 1, 1, 1, 1, 1, 1, 1, 1, 1, 1, 1, 1, 1, 1, 1, 1, 1, 1, 1, 17, 17, 17, 17, 17, 17, 17, 17, 17, 17, 17, 17, 17, 17, 17, 17, 17, 17, 17, 17, 17, 17, 17, 17, 17, 17, 17, 17, 17, 17, 17, 17, 17, 17, 17, 17, 17, 17, 17, 17, 17, 17, 17, 17, 36, 36, 36, 36, 36, 36, 36, 36, 36, 36, 36, 36, 36, 36, 36, 36, 36, 36, 36, 36, 36, 36, 36, 36, 36, 36, 36, 36, 36, 36, 36, 36, 36, 36, 36, 36, 36, 36, 36, 36]","[5.5, 7.0, 7.0, 7.5, 7.5]","[5.5, 7.0]","[7.0, 7.5, 7.5]",rgb/live/Synchro_019/29,104,092488.jpg,092591.jpg,rgb/replay1/Synchro_019/29,147,093002.jpg,093148.jpg,masks/live/Synchro_019/29,104,True,,0,False,unknown_existing_segmentation_output,[],masks/replay1/Synchro_019/29,predicted_input,True
2.0,Synchro_019/30,Synchro_019,30,train,107b,67.5,3.0,94210,94305,16,63,2,"[16, 63]",96,"[1, 1, 1, 1, 1, 1, 1, 1, 1, 1, 1, 1, 1, 1, 1, 1, 1, 17, 17, 17, 17, 17, 17, 17, 17, 17, 17, 17, 17, 17, 17, 17, 17, 17, 17, 17, 17, 17, 17, 17, 17, 17, 17, 17, 17, 17, 17, 17, 17, 17, 17, 17, 17, 17, 17, 17, 17, 17, 17, 17, 17, 17, 17, 17, 36, 36, 36, 36, 36, 36, 36, 36, 36, 36, 36, 36, 36, 36, 36, 36, 36, 36, 36, 36, 36, 36, 36, 36, 36, 36, 36, 36, 36, 36, 36, 36]","[6.5, 8.0, 7.5, 7.5, 8.0]","[6.5, 8.0]","[7.5, 7.5, 8.0]",rgb/live/Synchro_019/30,96,094210.jpg,094305.jpg,rgb/replay1/Synchro_019/30,111,094776.jpg,094886.jpg,masks/live/Synchro_019/30,96,True,,0,False,unknown_existing_segmentation_output,[],masks/replay1/Synchro_019/30,predicted_input,True
2.0,Synchro_019/31,Synchro_019,31,test,407c,74.88,3.2,96283,96380,13,58,2,"[13, 58]",98,"[4, 4, 4, 4, 4, 4, 4, 4, 4, 4, 4, 4, 4, 4, 25, 25, 25, 25, 25, 25, 25, 25, 25, 25, 25, 25, 25, 25, 25, 25, 25, 25, 25, 25, 25, 25, 25, 25, 25, 25, 25, 25, 25, 25, 25, 25, 25, 25, 25, 25, 25, 25, 25, 25, 25, 25, 25, 25, 25, 36, 36, 36, 36, 36, 36, 36, 36, 36, 36, 36, 36, 36, 36, 36, 36, 36, 36, 36, 36, 36, 36, 36, 36, 36, 36, 36, 36, 36, 36, 36, 36, 36, 36, 36, 36, 36, 36, 36]","[7.0, 8.0, 8.0, 8.0, 8.0]","[7.0, 8.0]","[8.0, 8.0, 8.0]",rgb/live/Synchro_019/31,98,096283.jpg,096380.jpg,rgb/replay1/Synchro_019/31,120,096717.jpg,096836.jpg,masks/live/Synchro_019/31,98,True,,0,False,unknown_existing_segmentation_output,[],masks/replay1/Synchro_019/31,predicted_input,True
2.0,Synchro_019/32,Synchro_019,32,train,107c,51.84,2.7,99529,99635,17,64,2,"[17, 64]",107,"[1, 1, 1, 1, 1, 1, 1, 1, 1, 1, 1, 1, 1, 1, 1, 1, 1, 1, 25, 25, 25, 25, 25, 25, 25, 25, 25, 25, 25, 25, 25, 25, 25, 25, 25, 25, 25, 25, 25, 25, 25, 25, 25, 25, 25, 25, 25, 25, 25, 25, 25, 25, 25, 25, 25, 25, 25, 25, 25, 25, 25, 25, 25, 25, 25, 36, 36, 36, 36, 36, 36, 36, 36, 36, 36, 36, 36, 36, 36, 36, 36, 36, 36, 36, 36, 36, 36, 36, 36, 36, 36, 36, 36, 36, 36, 36, 36, 36, 36, 36, 36, 36, 36, 36, 36, 36, 36]","[5.5, 5.5, 6.5, 7.0, 7.5]","[5.5, 5.5]","[6.5, 7.0, 7.5]",rgb/live/Synchro_019/32,107,099529.jpg,099635.jpg,rgb/replay1/Synchro_019/32,113,100076.jpg,100188.jpg,masks/live/Synchro_019/32,107,True,,0,False,unknown_existing_segmentation_output,[],masks/replay1/Synchro_019/32,predicted_input,True
2.0,Synchro_019/33,Synchro_019,33,train,105c,46.8,2.4,101297,101392,19,54,2,"[19, 54]",96,"[1, 1, 1, 1, 1, 1, 1, 1, 1, 1, 1, 1, 1, 1, 1, 1, 1, 1, 1, 1, 23, 23, 23, 23, 23, 23, 23, 23, 23, 23, 23, 23, 23, 23, 23, 23, 23, 23, 23, 23, 23, 23, 23, 23, 23, 23, 23, 23, 23, 23, 23, 23, 23, 23, 23, 36, 36, 36, 36, 36, 36, 36, 36, 36, 36, 36, 36, 36, 36, 36, 36, 36, 36, 36, 36, 36, 36, 36, 36, 36, 36, 36, 36, 36, 36, 36, 36, 36, 36, 36, 36, 36, 36, 36, 36, 36]","[5.0, 6.0, 6.5, 7.0, 8.0]","[5.0, 6.0]","[6.5, 7.0, 8.0]",rgb/live/Synchro_019/33,96,101297.jpg,101392.jpg,rgb/replay1/Synchro_019/33,125,101789.jpg,101913.jpg,masks/live/Synchro_019/33,96,True,Trimmed_Diving_Video_Frames/TEMP_LIVE/Replay2/Synchro_019/33,109,True,unknown_existing_segmentation_output,[],masks/replay1/Synchro_019/33,predicted_input,True
2.0,Synchro_019/34,Synchro_019,34,train,407c,48.0,3.2,107743,107843,10,58,2,"[10, 58]",101,"[4, 4, 4, 4, 4, 4, 4, 4, 4, 4, 4, 25, 25, 25, 25, 25, 25, 25, 25, 25, 25, 25, 25, 25, 25, 25, 25, 25, 25, 25, 25, 25, 25, 25, 25, 25, 25, 25, 25, 25, 25, 25, 25, 25, 25, 25, 25, 25, 25, 25, 25, 25, 25, 25, 25, 25, 25, 25, 25, 36, 36, 36, 36, 36, 36, 36, 36, 36, 36, 36, 36, 36, 36, 36, 36, 36, 36, 36, 36, 36, 36, 36, 36, 36, 36, 36, 36, 36, 36, 36, 36, 36, 36, 36, 36, 36, 36, 36, 36, 36, 36]","[5.5, 3.0, 5.5, 5.5, 5.5]","[5.5, 3.0]","[5.5, 5.5, 5.5]",rgb/live/Synchro_019/34,101,107743.jpg,107843.jpg,rgb/replay1/Synchro_019/34,144,108097.jpg,108240.jpg,masks/live/Synchro_019/34,101,True,Trimmed_Diving_Video_Frames/TEMP_LIVE/Replay2/Synchro_019/34,122,True,unknown_existing_segmentation_output,[],masks/replay1/Synchro_019/34,predicted_input,True
2.0,Synchro_019/35,Synchro_019,35,train,407c,50.88,3.2,109812,109917,16,62,2,"[16, 62]",106,"[4, 4, 4, 4, 4, 4, 4, 4, 4, 4, 4, 4, 4, 4, 4, 4, 4, 25, 25, 25, 25, 25, 25, 25, 25, 25, 25, 25, 25, 25, 25, 25, 25, 25, 25, 25, 25, 25, 25, 25, 25, 25, 25, 25, 25, 25, 25, 25, 25, 25, 25, 25, 25, 25, 25, 25, 25, 25, 25, 25, 25, 25, 25, 36, 36, 36, 36, 36, 36, 36, 36, 36, 36, 36, 36, 36, 36, 36, 36, 36, 36, 36, 36, 36, 36, 36, 36, 36, 36, 36, 36, 36, 36, 36, 36, 36, 36, 36, 36, 36, 36, 36, 36, 36, 36, 36]","[6.5, 5.0, 4.5, 5.0, 5.5]","[6.5, 5.0]","[4.5, 5.0, 5.5]",rgb/live/Synchro_019/35,106,109812.jpg,109917.jpg,rgb/replay1/Synchro_019/35,113,110155.jpg,110267.jpg,masks/live/Synchro_019/35,106,True,Trimmed_Diving_Video_Frames/TEMP_LIVE/Replay2/Synchro_019/35,118,True,unknown_existing_segmentation_output,[],masks/replay1/Synchro_019/35,predicted_input,True
2.0,Synchro_019/36,Synchro_019,36,train,405b,57.96,2.8,111593,111695,13,56,2,"[13, 56]",103,"[4, 4, 4, 4, 4, 4, 4, 4, 4, 4, 4, 4, 4, 4, 15, 15, 15, 15, 15, 15, 15, 15, 15, 15, 15, 15, 15, 15, 15, 15, 15, 15, 15, 15, 15, 15, 15, 15, 15, 15, 15, 15, 15, 15, 15, 15, 15, 15, 15, 15, 15, 15, 15, 15, 15, 15, 15, 36, 36, 36, 36, 36, 36, 36, 36, 36, 36, 36, 36, 36, 36, 36, 36, 36, 36, 36, 36, 36, 36, 36, 36, 36, 36, 36, 36, 36, 36, 36, 36, 36, 36, 36, 36, 36, 36, 36, 36, 36, 36, 36, 36, 36, 36]","[5.5, 7.0, 7.0, 7.5, 7.5]","[5.5, 7.0]","[7.0, 7.5, 7.5]",rgb/live/Synchro_019/36,103,111593.jpg,111695.jpg,rgb/replay1/Synchro_019/36,144,111928.jpg,112071.jpg,masks/live/Synchro_019/36,103,True,Trimmed_Diving_Video_Frames/TEMP_LIVE/Replay2/Synchro_019/36,118,True,unknown_existing_segmentation_output,[],masks/replay1/Synchro_019/36,predicted_input,True
2.0,Synchro_019/37,Synchro_019,37,train,305c,43.68,2.8,115536,115647,26,73,2,"[26, 73]",112,"[3, 3, 3, 3, 3, 3, 3, 3, 3, 3, 3, 3, 3, 3, 3, 3, 3, 3, 3, 3, 3, 3, 3, 3, 3, 3, 3, 23, 23, 23, 23, 23, 23, 23, 23, 23, 23, 23, 23, 23, 23, 23, 23, 23, 23, 23, 23, 23, 23, 23, 23, 23, 23, 23, 23, 23, 23, 23, 23, 23, 23, 23, 23, 23, 23, 23, 23, 23, 23, 23, 23, 23, 23, 23, 36, 36, 36, 36, 36, 36, 36, 36, 36, 36, 36, 36, 36, 36, 36, 36, 36, 36, 36, 36, 36, 36, 36, 36, 36, 36, 36, 36, 36, 36, 36, 36, 36, 36, 36, 36, 36, 36]","[6.5, 3.0, 5.0, 5.5, 6.0]","[6.5, 3.0]","[5.0, 5.5, 6.0]",rgb/live/Synchro_019/37,112,115536.jpg,115647.jpg,rgb/replay1/Synchro_019/37,147,115916.jpg,116062.jpg,masks/live/Synchro_019/37,112,True,Trimmed_Diving_Video_Frames/TEMP_LIVE/Replay2/Synchro_019/37,155,True,unknown_existing_segmentation_output,[],masks/replay1/Synchro_019/37,predicted_input,True
2.0,Synchro_019/38,Synchro_019,38,test,407c,80.64,3.2,117953,118048,14,60,2,"[14, 60]",96,"[4, 4, 4, 4, 4, 4, 4, 4, 4, 4, 4, 4, 4, 4, 4, 25, 25, 25, 25, 25, 25, 25, 25, 25, 25, 25, 25, 25, 25, 25, 25, 25, 25, 25, 25, 25, 25, 25, 25, 25, 25, 25, 25, 25, 25, 25, 25, 25, 25, 25, 25, 25, 25, 25, 25, 25, 25, 25, 25, 25, 25, 36, 36, 36, 36, 36, 36, 36, 36, 36, 36, 36, 36, 36, 36, 36, 36, 36, 36, 36, 36, 36, 36, 36, 36, 36, 36, 36, 36, 36, 36, 36, 36, 36, 36, 36]","[8.0, 8.0, 8.5, 8.5, 9.0]","[8.0, 8.0]","[8.5, 8.5, 9.0]",rgb/live/Synchro_019/38,96,117953.jpg,118048.jpg,rgb/replay1/Synchro_019/38,144,118338.jpg,118481.jpg,masks/live/Synchro_019/38,96,True,,0,False,unknown_existing_segmentation_output,[],masks/replay1/Synchro_019/38,predicted_input,True
2.0,Synchro_019/39,Synchro_019,39,train,407c,66.24,3.2,119813,119915,12,59,2,"[12, 59]",103,"[4, 4, 4, 4, 4, 4, 4, 4, 4, 4, 4, 4, 4, 25, 25, 25, 25, 25, 25, 25, 25, 25, 25, 25, 25, 25, 25, 25, 25, 25, 25, 25, 25, 25, 25, 25, 25, 25, 25, 25, 25, 25, 25, 25, 25, 25, 25, 25, 25, 25, 25, 25, 25, 25, 25, 25, 25, 25, 25, 25, 36, 36, 36, 36, 36, 36, 36, 36, 36, 36, 36, 36, 36, 36, 36, 36, 36, 36, 36, 36, 36, 36, 36, 36, 36, 36, 36, 36, 36, 36, 36, 36, 36, 36, 36, 36, 36, 36, 36, 36, 36, 36, 36]","[6.0, 6.0, 7.5, 7.5, 7.5]","[6.0, 6.0]","[7.5, 7.5, 7.5]",rgb/live/Synchro_019/39,103,119813.jpg,119915.jpg,rgb/replay1/Synchro_019/39,121,120191.jpg,120311.jpg,masks/live/Synchro_019/39,103,True,,0,False,unknown_existing_segmentation_output,[],masks/replay1/Synchro_019/39,predicted_input,True
2.0,Synchro_019/40,Synchro_019,40,test,5253b,67.2,3.2,125942,126055,28,74,3,"[28, 48, 74]",114,"[2, 2, 2, 2, 2, 2, 2, 2, 2, 2, 2, 2, 2, 2, 2, 2, 2, 2, 2, 2, 2, 2, 2, 2, 2, 2, 2, 2, 2, 31, 31, 31, 31, 31, 31, 31, 31, 31, 31, 31, 31, 31, 31, 31, 31, 31, 31, 31, 31, 15, 15, 15, 15, 15, 15, 15, 15, 15, 15, 15, 15, 15, 15, 15, 15, 15, 15, 15, 15, 15, 15, 15, 15, 15, 15, 36, 36, 36, 36, 36, 36, 36, 36, 36, 36, 36, 36, 36, 36, 36, 36, 36, 36, 36, 36, 36, 36, 36, 36, 36, 36, 36, 36, 36, 36, 36, 36, 36, 36, 36, 36, 36, 36, 36]","[5.5, 7.0, 7.5, 7.5, 7.5]","[5.5, 7.0]","[7.5, 7.5, 7.5]",rgb/live/Synchro_019/40,114,125942.jpg,126055.jpg,rgb/replay1/Synchro_019/40,148,126346.jpg,126493.jpg,masks/live/Synchro_019/40,114,True,,0,False,unknown_existing_segmentation_output,[],masks/replay1/Synchro_019/40,predicted_input,True
2.0,Synchro_019/41,Synchro_019,41,train,5231d,36.54,2.1,127825,127922,20,58,3,"[20, 36, 58]",98,"[2, 2, 2, 2, 2, 2, 2, 2, 2, 2, 2, 2, 2, 2, 2, 2, 2, 2, 2, 2, 2, 29, 29, 29, 29, 29, 29, 29, 29, 29, 29, 29, 29, 29, 29, 29, 29, 13, 13, 13, 13, 13, 13, 13, 13, 13, 13, 13, 13, 13, 13, 13, 13, 13, 13, 13, 13, 13, 13, 36, 36, 36, 36, 36, 36, 36, 36, 36, 36, 36, 36, 36, 36, 36, 36, 36, 36, 36, 36, 36, 36, 36, 36, 36, 36, 36, 36, 36, 36, 36, 36, 36, 36, 36, 36, 36, 36, 36]","[4.5, 6.0, 6.0, 6.0, 6.5]","[4.5, 6.0]","[6.0, 6.0, 6.5]",rgb/live/Synchro_019/41,98,127825.jpg,127922.jpg,rgb/replay1/Synchro_019/41,102,128309.jpg,128410.jpg,masks/live/Synchro_019/41,98,True,,0,False,unknown_existing_segmentation_output,[],masks/replay1/Synchro_019/41,predicted_input,True
2.0,Synchro_019/42,Synchro_019,42,test,203b,27.6,2.3,131567,131671,24,60,2,"[24, 60]",105,"[2, 2, 2, 2, 2, 2, 2, 2, 2, 2, 2, 2, 2, 2, 2, 2, 2, 2, 2, 2, 2, 2, 2, 2, 2, 13, 13, 13, 13, 13, 13, 13, 13, 13, 13, 13, 13, 13, 13, 13, 13, 13, 13, 13, 13, 13, 13, 13, 13, 13, 13, 13, 13, 13, 13, 13, 13, 13, 13, 13, 13, 36, 36, 36, 36, 36, 36, 36, 36, 36, 36, 36, 36, 36, 36, 36, 36, 36, 36, 36, 36, 36, 36, 36, 36, 36, 36, 36, 36, 36, 36, 36, 36, 36, 36, 36, 36, 36, 36, 36, 36, 36, 36, 36, 36]","[4.0, 3.5, 4.0, 4.0, 4.5]","[4.0, 3.5]","[4.0, 4.0, 4.5]",rgb/live/Synchro_019/42,105,131567.jpg,131671.jpg,rgb/replay1/Synchro_019/42,132,131957.jpg,132088.jpg,masks/live/Synchro_019/42,105,True,,0,False,unknown_existing_segmentation_output,[],masks/replay1/Synchro_019/42,predicted_input,True
2.0,Synchro_019/43,Synchro_019,43,train,5233d,54.0,2.5,135050,135145,23,59,3,"[23, 44, 59]",96,"[2, 2, 2, 2, 2, 2, 2, 2, 2, 2, 2, 2, 2, 2, 2, 2, 2, 2, 2, 2, 2, 2, 2, 2, 31, 31, 31, 31, 31, 31, 31, 31, 31, 31, 31, 31, 31, 31, 31, 31, 31, 31, 31, 31, 31, 13, 13, 13, 13, 13, 13, 13, 13, 13, 13, 13, 13, 13, 13, 13, 36, 36, 36, 36, 36, 36, 36, 36, 36, 36, 36, 36, 36, 36, 36, 36, 36, 36, 36, 36, 36, 36, 36, 36, 36, 36, 36, 36, 36, 36, 36, 36, 36, 36, 36, 36]","[6.5, 6.5, 7.5, 7.5, 8.0]","[6.5, 6.5]","[7.5, 7.5, 8.0]",rgb/live/Synchro_019/43,96,135050.jpg,135145.jpg,rgb/replay1/Synchro_019/43,113,135393.jpg,135505.jpg,masks/live/Synchro_019/43,96,True,Trimmed_Diving_Video_Frames/TEMP_LIVE/Replay2/Synchro_019/43,108,True,unknown_existing_segmentation_output,[],masks/replay1/Synchro_019/43,predicted_input,True
2.0,Synchro_019/44,Synchro_019,44,train,5253b,61.44,3.2,140592,140707,26,75,3,"[26, 47, 75]",116,"[2, 2, 2, 2, 2, 2, 2, 2, 2, 2, 2, 2, 2, 2, 2, 2, 2, 2, 2, 2, 2, 2, 2, 2, 2, 2, 2, 31, 31, 31, 31, 31, 31, 31, 31, 31, 31, 31, 31, 31, 31, 31, 31, 31, 31, 31, 31, 31, 15, 15, 15, 15, 15, 15, 15, 15, 15, 15, 15, 15, 15, 15, 15, 15, 15, 15, 15, 15, 15, 15, 15, 15, 15, 15, 15, 15, 36, 36, 36, 36, 36, 36, 36, 36, 36, 36, 36, 36, 36, 36, 36, 36, 36, 36, 36, 36, 36, 36, 36, 36, 36, 36, 36, 36, 36, 36, 36, 36, 36, 36, 36, 36, 36, 36, 36, 36]","[7.0, 5.5, 6.0, 6.5, 7.0]","[7.0, 5.5]","[6.0, 6.5, 7.0]",rgb/live/Synchro_019/44,116,140592.jpg,140707.jpg,rgb/replay1/Synchro_019/44,156,141180.jpg,141335.jpg,masks/live/Synchro_019/44,116,True,,0,False,unknown_existing_segmentation_output,[],masks/replay1/Synchro_019/44,predicted_input,True
2.0,Synchro_019/45,Synchro_019,45,train,5253b,68.16,3.2,142551,142646,2,49,3,"[2, 22, 49]",96,"[2, 2, 2, 31, 31, 31, 31, 31, 31, 31, 31, 31, 31, 31, 31, 31, 31, 31, 31, 31, 31, 31, 31, 15, 15, 15, 15, 15, 15, 15, 15, 15, 15, 15, 15, 15, 15, 15, 15, 15, 15, 15, 15, 15, 15, 15, 15, 15, 15, 15, 36, 36, 36, 36, 36, 36, 36, 36, 36, 36, 36, 36, 36, 36, 36, 36, 36, 36, 36, 36, 36, 36, 36, 36, 36, 36, 36, 36, 36, 36, 36, 36, 36, 36, 36, 36, 36, 36, 36, 36, 36, 36, 36, 36, 36, 36]","[6.0, 6.5, 7.5, 7.5, 8.0]","[6.0, 6.5]","[7.5, 7.5, 8.0]",rgb/live/Synchro_019/45,96,142551.jpg,142646.jpg,rgb/replay1/Synchro_019/45,132,143089.jpg,143220.jpg,masks/live/Synchro_019/45,96,True,,0,False,unknown_existing_segmentation_output,[],masks/replay1/Synchro_019/45,predicted_input,True
2.0,Synchro_019/46,Synchro_019,46,test,207c,47.52,3.3,144434,144556,27,77,2,"[27, 77]",123,"[2, 2, 2, 2, 2, 2, 2, 2, 2, 2, 2, 2, 2, 2, 2, 2, 2, 2, 2, 2, 2, 2, 2, 2, 2, 2, 2, 2, 25, 25, 25, 25, 25, 25, 25, 25, 25, 25, 25, 25, 25, 25, 25, 25, 25, 25, 25, 25, 25, 25, 25, 25, 25, 25, 25, 25, 25, 25, 25, 25, 25, 25, 25, 25, 25, 25, 25, 25, 25, 25, 25, 25, 25, 25, 25, 25, 25, 25, 36, 36, 36, 36, 36, 36, 36, 36, 36, 36, 36, 36, 36, 36, 36, 36, 36, 36, 36, 36, 36, 36, 36, 36, 36, 36, 36, 36, 36, 36, 36, 36, 36, 36, 36, 36, 36, 36, 36, 36, 36, 36, 36, 36, 36]","[3.5, 4.0, 5.0, 5.5, 6.0]","[3.5, 4.0]","[5.0, 5.5, 6.0]",rgb/live/Synchro_019/46,123,144434.jpg,144556.jpg,rgb/replay1/Synchro_019/46,144,144819.jpg,144962.jpg,masks/live/Synchro_019/46,123,True,Trimmed_Diving_Video_Frames/TEMP_LIVE/Replay2/Synchro_019/46,139,True,unknown_existing_segmentation_output,[],masks/replay1/Synchro_019/46,predicted_input,True
2.0,Synchro_019/47,Synchro_019,47,train,407c,52.8,3.2,146548,146648,14,61,2,"[14, 61]",101,"[4, 4, 4, 4, 4, 4, 4, 4, 4, 4, 4, 4, 4, 4, 4, 25, 25, 25, 25, 25, 25, 25, 25, 25, 25, 25, 25, 25, 25, 25, 25, 25, 25, 25, 25, 25, 25, 25, 25, 25, 25, 25, 25, 25, 25, 25, 25, 25, 25, 25, 25, 25, 25, 25, 25, 25, 25, 25, 25, 25, 25, 25, 36, 36, 36, 36, 36, 36, 36, 36, 36, 36, 36, 36, 36, 36, 36, 36, 36, 36, 36, 36, 36, 36, 36, 36, 36, 36, 36, 36, 36, 36, 36, 36, 36, 36, 36, 36, 36, 36, 36]","[4.0, 5.0, 6.0, 6.0, 6.5]","[4.0, 5.0]","[6.0, 6.0, 6.5]",rgb/live/Synchro_019/47,101,146548.jpg,146648.jpg,rgb/replay1/Synchro_019/47,120,146917.jpg,147036.jpg,masks/live/Synchro_019/47,101,True,,0,False,unknown_existing_segmentation_output,[],masks/replay1/Synchro_019/47,predicted_input,True
2.0,Synchro_019/48,Synchro_019,48,test,205c,44.1,3.0,148884,148988,21,59,2,"[21, 59]",105,"[2, 2, 2, 2, 2, 2, 2, 2, 2, 2, 2, 2, 2, 2, 2, 2, 2, 2, 2, 2, 2, 2, 23, 23, 23, 23, 23, 23, 23, 23, 23, 23, 23, 23, 23, 23, 23, 23, 23, 23, 23, 23, 23, 23, 23, 23, 23, 23, 23, 23, 23, 23, 23, 23, 23, 23, 23, 23, 23, 23, 36, 36, 36, 36, 36, 36, 36, 36, 36, 36, 36, 36, 36, 36, 36, 36, 36, 36, 36, 36, 36, 36, 36, 36, 36, 36, 36, 36, 36, 36, 36, 36, 36, 36, 36, 36, 36, 36, 36, 36, 36, 36, 36, 36, 36]","[4.5, 3.0, 5.5, 5.5, 6.0]","[4.5, 3.0]","[5.5, 5.5, 6.0]",rgb/live/Synchro_019/48,105,148884.jpg,148988.jpg,rgb/replay1/Synchro_019/48,152,149267.jpg,149418.jpg,masks/live/Synchro_019/48,105,True,,0,False,unknown_existing_segmentation_output,[],masks/replay1/Synchro_019/48,predicted_input,True
2.0,Synchro_019/49,Synchro_019,49,train,5253b,72.0,3.2,150703,150803,10,57,3,"[10, 30, 57]",101,"[2, 2, 2, 2, 2, 2, 2, 2, 2, 2, 2, 31, 31, 31, 31, 31, 31, 31, 31, 31, 31, 31, 31, 31, 31, 31, 31, 31, 31, 31, 31, 15, 15, 15, 15, 15, 15, 15, 15, 15, 15, 15, 15, 15, 15, 15, 15, 15, 15, 15, 15, 15, 15, 15, 15, 15, 15, 15, 36, 36, 36, 36, 36, 36, 36, 36, 36, 36, 36, 36, 36, 36, 36, 36, 36, 36, 36, 36, 36, 36, 36, 36, 36, 36, 36, 36, 36, 36, 36, 36, 36, 36, 36, 36, 36, 36, 36, 36, 36, 36, 36]","[6.5, 7.0, 8.0, 8.0, 8.0]","[6.5, 7.0]","[8.0, 8.0, 8.0]",rgb/live/Synchro_019/49,101,150703.jpg,150803.jpg,rgb/replay1/Synchro_019/49,145,151296.jpg,151440.jpg,masks/live/Synchro_019/49,101,True,,0,False,unknown_existing_segmentation_output,[],masks/replay1/Synchro_019/49,predicted_input,True
2.0,Synchro_019/50,Synchro_019,50,train,5253b,63.36,3.2,152761,152856,11,56,3,"[11, 31, 56]",96,"[2, 2, 2, 2, 2, 2, 2, 2, 2, 2, 2, 2, 31, 31, 31, 31, 31, 31, 31, 31, 31, 31, 31, 31, 31, 31, 31, 31, 31, 31, 31, 31, 15, 15, 15, 15, 15, 15, 15, 15, 15, 15, 15, 15, 15, 15, 15, 15, 15, 15, 15, 15, 15, 15, 15, 15, 15, 36, 36, 36, 36, 36, 36, 36, 36, 36, 36, 36, 36, 36, 36, 36, 36, 36, 36, 36, 36, 36, 36, 36, 36, 36, 36, 36, 36, 36, 36, 36, 36, 36, 36, 36, 36, 36, 36, 36]","[5.5, 6.5, 7.0, 7.0, 7.0]","[5.5, 6.5]","[7.0, 7.0, 7.0]",rgb/live/Synchro_019/50,96,152761.jpg,152856.jpg,rgb/replay1/Synchro_019/50,137,153099.jpg,153235.jpg,masks/live/Synchro_019/50,96,True,,0,False,unknown_existing_segmentation_output,[],masks/replay1/Synchro_019/50,predicted_input,True
2.0,Synchro_019/51,Synchro_019,51,train,207c,65.34,3.3,154649,154761,27,75,2,"[27, 75]",113,"[2, 2, 2, 2, 2, 2, 2, 2, 2, 2, 2, 2, 2, 2, 2, 2, 2, 2, 2, 2, 2, 2, 2, 2, 2, 2, 2, 2, 25, 25, 25, 25, 25, 25, 25, 25, 25, 25, 25, 25, 25, 25, 25, 25, 25, 25, 25, 25, 25, 25, 25, 25, 25, 25, 25, 25, 25, 25, 25, 25, 25, 25, 25, 25, 25, 25, 25, 25, 25, 25, 25, 25, 25, 25, 25, 25, 36, 36, 36, 36, 36, 36, 36, 36, 36, 36, 36, 36, 36, 36, 36, 36, 36, 36, 36, 36, 36, 36, 36, 36, 36, 36, 36, 36, 36, 36, 36, 36, 36, 36, 36, 36, 36]","[4.5, 7.0, 7.0, 7.0, 7.5]","[4.5, 7.0]","[7.0, 7.0, 7.5]",rgb/live/Synchro_019/51,113,154649.jpg,154761.jpg,rgb/replay1/Synchro_019/51,108,155187.jpg,155294.jpg,masks/live/Synchro_019/51,113,True,,0,False,unknown_existing_segmentation_output,[],masks/replay1/Synchro_019/51,predicted_input,True
2.0,Synchro_019/52,Synchro_019,52,train,105b,35.1,2.6,158820,158915,18,52,2,"[18, 52]",96,"[1, 1, 1, 1, 1, 1, 1, 1, 1, 1, 1, 1, 1, 1, 1, 1, 1, 1, 1, 15, 15, 15, 15, 15, 15, 15, 15, 15, 15, 15, 15, 15, 15, 15, 15, 15, 15, 15, 15, 15, 15, 15, 15, 15, 15, 15, 15, 15, 15, 15, 15, 15, 15, 36, 36, 36, 36, 36, 36, 36, 36, 36, 36, 36, 36, 36, 36, 36, 36, 36, 36, 36, 36, 36, 36, 36, 36, 36, 36, 36, 36, 36, 36, 36, 36, 36, 36, 36, 36, 36, 36, 36, 36, 36, 36, 36]","[2.5, 5.0, 5.0, 5.0, 5.0]","[2.5, 5.0]","[5.0, 5.0, 5.0]",rgb/live/Synchro_019/52,96,158820.jpg,158915.jpg,rgb/replay1/Synchro_019/52,120,159361.jpg,159480.jpg,masks/live/Synchro_019/52,96,True,,0,False,unknown_existing_segmentation_output,[],masks/replay1/Synchro_019/52,predicted_input,True
2.0,Synchro_019/53,Synchro_019,53,train,5251b,61.62,2.6,160719,160827,24,71,3,"[24, 36, 71]",109,"[2, 2, 2, 2, 2, 2, 2, 2, 2, 2, 2, 2, 2, 2, 2, 2, 2, 2, 2, 2, 2, 2, 2, 2, 2, 29, 29, 29, 29, 29, 29, 29, 29, 29, 29, 29, 29, 15, 15, 15, 15, 15, 15, 15, 15, 15, 15, 15, 15, 15, 15, 15, 15, 15, 15, 15, 15, 15, 15, 15, 15, 15, 15, 15, 15, 15, 15, 15, 15, 15, 15, 15, 36, 36, 36, 36, 36, 36, 36, 36, 36, 36, 36, 36, 36, 36, 36, 36, 36, 36, 36, 36, 36, 36, 36, 36, 36, 36, 36, 36, 36, 36, 36, 36, 36, 36, 36, 36, 36]","[8.5, 6.5, 8.0, 8.0, 8.5]","[8.5, 6.5]","[8.0, 8.0, 8.5]",rgb/live/Synchro_019/53,109,160719.jpg,160827.jpg,rgb/replay1/Synchro_019/53,123,161316.jpg,161438.jpg,masks/live/Synchro_019/53,109,True,,0,False,unknown_existing_segmentation_output,[],masks/replay1/Synchro_019/53,predicted_input,True
2.0,Synchro_019/54,Synchro_019,54,train,5132d,27.72,2.2,162523,162618,14,50,4,"[14, 20, 36, 50]",96,"[1, 1, 1, 1, 1, 1, 1, 1, 1, 1, 1, 1, 1, 1, 1, 13, 13, 13, 13, 13, 13, 30, 30, 30, 30, 30, 30, 30, 30, 30, 30, 30, 30, 30, 30, 30, 30, 13, 13, 13, 13, 13, 13, 13, 13, 13, 13, 13, 13, 13, 13, 36, 36, 36, 36, 36, 36, 36, 36, 36, 36, 36, 36, 36, 36, 36, 36, 36, 36, 36, 36, 36, 36, 36, 36, 36, 36, 36, 36, 36, 36, 36, 36, 36, 36, 36, 36, 36, 36, 36, 36, 36, 36, 36, 36, 36]","[3.5, 3.0, 4.5, 5.0, 5.0]","[3.5, 3.0]","[4.5, 5.0, 5.0]",rgb/live/Synchro_019/54,96,162523.jpg,162618.jpg,rgb/replay1/Synchro_019/54,131,163137.jpg,163267.jpg,masks/live/Synchro_019/54,96,True,,0,False,unknown_existing_segmentation_output,[],masks/replay1/Synchro_019/54,predicted_input,True
2.0,Synchro_019/55,Synchro_019,55,test,407c,45.12,3.2,164712,164812,13,58,2,"[13, 58]",101,"[4, 4, 4, 4, 4, 4, 4, 4, 4, 4, 4, 4, 4, 4, 25, 25, 25, 25, 25, 25, 25, 25, 25, 25, 25, 25, 25, 25, 25, 25, 25, 25, 25, 25, 25, 25, 25, 25, 25, 25, 25, 25, 25, 25, 25, 25, 25, 25, 25, 25, 25, 25, 25, 25, 25, 25, 25, 25, 25, 36, 36, 36, 36, 36, 36, 36, 36, 36, 36, 36, 36, 36, 36, 36, 36, 36, 36, 36, 36, 36, 36, 36, 36, 36, 36, 36, 36, 36, 36, 36, 36, 36, 36, 36, 36, 36, 36, 36, 36, 36, 36]","[3.5, 4.0, 5.0, 5.5, 5.5]","[3.5, 4.0]","[5.0, 5.5, 5.5]",rgb/live/Synchro_019/55,101,164712.jpg,164812.jpg,rgb/replay1/Synchro_019/55,130,165160.jpg,165289.jpg,masks/live/Synchro_019/55,101,True,,0,False,unknown_existing_segmentation_output,[],masks/replay1/Synchro_019/55,predicted_input,True
2.0,Synchro_019/56,Synchro_019,56,train,305c,59.64,2.8,166788,166894,21,67,2,"[21, 67]",107,"[3, 3, 3, 3, 3, 3, 3, 3, 3, 3, 3, 3, 3, 3, 3, 3, 3, 3, 3, 3, 3, 3, 23, 23, 23, 23, 23, 23, 23, 23, 23, 23, 23, 23, 23, 23, 23, 23, 23, 23, 23, 23, 23, 23, 23, 23, 23, 23, 23, 23, 23, 23, 23, 23, 23, 23, 23, 23, 23, 23, 23, 23, 23, 23, 23, 23, 23, 23, 36, 36, 36, 36, 36, 36, 36, 36, 36, 36, 36, 36, 36, 36, 36, 36, 36, 36, 36, 36, 36, 36, 36, 36, 36, 36, 36, 36, 36, 36, 36, 36, 36, 36, 36, 36, 36, 36, 36]","[8.5, 6.0, 7.0, 7.0, 7.0]","[8.5, 6.0]","[7.0, 7.0, 7.0]",rgb/live/Synchro_019/56,107,166788.jpg,166894.jpg,rgb/replay1/Synchro_019/56,153,167132.jpg,167284.jpg,masks/live/Synchro_019/56,107,True,,0,False,unknown_existing_segmentation_output,[],masks/replay1/Synchro_019/56,predicted_input,True
2.0,Synchro_020/0,Synchro_020,0,train,103b,39.6,2.0,26029,26124,16,49,2,"[16, 49]",96,"[1, 1, 1, 1, 1, 1, 1, 1, 1, 1, 1, 1, 1, 1, 1, 1, 1, 13, 13, 13, 13, 13, 13, 13, 13, 13, 13, 13, 13, 13, 13, 13, 13, 13, 13, 13, 13, 13, 13, 13, 13, 13, 13, 13, 13, 13, 13, 13, 13, 13, 36, 36, 36, 36, 36, 36, 36, 36, 36, 36, 36, 36, 36, 36, 36, 36, 36, 36, 36, 36, 36, 36, 36, 36, 36, 36, 36, 36, 36, 36, 36, 36, 36, 36, 36, 36, 36, 36, 36, 36, 36, 36, 36, 36, 36, 36]","[6.0, 6.5, 6.5, 7.0, 7.0]","[6.0, 6.5]","[6.5, 7.0, 7.0]",rgb/live/Synchro_020/0,96,026029.jpg,026124.jpg,rgb/replay1/Synchro_020/0,99,026286.jpg,026384.jpg,masks/live/Synchro_020/0,96,True,,0,False,unknown_existing_segmentation_output,[],masks/replay1/Synchro_020/0,predicted_input,True
2.0,Synchro_020/1,Synchro_020,1,validation,201b,40.8,2.0,31194,31306,25,65,2,"[25, 65]",113,"[2, 2, 2, 2, 2, 2, 2, 2, 2, 2, 2, 2, 2, 2, 2, 2, 2, 2, 2, 2, 2, 2, 2, 2, 2, 2, 37, 37, 37, 37, 37, 37, 37, 37, 37, 37, 37, 37, 37, 37, 37, 37, 37, 37, 37, 37, 37, 37, 37, 37, 37, 37, 37, 37, 37, 37, 37, 37, 37, 37, 37, 37, 37, 37, 37, 37, 36, 36, 36, 36, 36, 36, 36, 36, 36, 36, 36, 36, 36, 36, 36, 36, 36, 36, 36, 36, 36, 36, 36, 36, 36, 36, 36, 36, 36, 36, 36, 36, 36, 36, 36, 36, 36, 36, 36, 36, 36, 36, 36, 36, 36, 36, 36]","[6.5, 6.0, 7.0, 7.0, 7.5]","[6.5, 6.0]","[7.0, 7.0, 7.5]",rgb/live/Synchro_020/1,113,031194.jpg,031306.jpg,rgb/replay1/Synchro_020/1,111,031580.jpg,031690.jpg,masks/live/Synchro_020/1,113,True,,0,False,unknown_existing_segmentation_output,[],masks/replay1/Synchro_020/1,predicted_input,True
2.0,Synchro_020/2,Synchro_020,2,test,401b,40.2,2.0,33227,33325,15,53,2,"[15, 53]",99,"[4, 4, 4, 4, 4, 4, 4, 4, 4, 4, 4, 4, 4, 4, 4, 4, 37, 37, 37, 37, 37, 37, 37, 37, 37, 37, 37, 37, 37, 37, 37, 37, 37, 37, 37, 37, 37, 37, 37, 37, 37, 37, 37, 37, 37, 37, 37, 37, 37, 37, 37, 37, 37, 37, 36, 36, 36, 36, 36, 36, 36, 36, 36, 36, 36, 36, 36, 36, 36, 36, 36, 36, 36, 36, 36, 36, 36, 36, 36, 36, 36, 36, 36, 36, 36, 36, 36, 36, 36, 36, 36, 36, 36, 36, 36, 36, 36, 36, 36]","[6.5, 6.0, 6.5, 7.0, 7.5]","[6.5, 6.0]","[6.5, 7.0, 7.5]",rgb/live/Synchro_020/2,99,033227.jpg,033325.jpg,rgb/replay1/Synchro_020/2,102,033504.jpg,033605.jpg,masks/live/Synchro_020/2,99,True,,0,False,unknown_existing_segmentation_output,[],masks/replay1/Synchro_020/2,predicted_input,True
2.0,Synchro_020/3,Synchro_020,3,train,401b,34.8,2.0,35021,35116,19,43,2,"[19, 43]",96,"[4, 4, 4, 4, 4, 4, 4, 4, 4, 4, 4, 4, 4, 4, 4, 4, 4, 4, 4, 4, 37, 37, 37, 37, 37, 37, 37, 37, 37, 37, 37, 37, 37, 37, 37, 37, 37, 37, 37, 37, 37, 37, 37, 37, 36, 36, 36, 36, 36, 36, 36, 36, 36, 36, 36, 36, 36, 36, 36, 36, 36, 36, 36, 36, 36, 36, 36, 36, 36, 36, 36, 36, 36, 36, 36, 36, 36, 36, 36, 36, 36, 36, 36, 36, 36, 36, 36, 36, 36, 36, 36, 36, 36, 36, 36, 36]","[5.0, 6.5, 5.5, 6.0, 6.0]","[5.0, 6.5]","[5.5, 6.0, 6.0]",rgb/live/Synchro_020/3,96,035021.jpg,035116.jpg,rgb/replay1/Synchro_020/3,102,035277.jpg,035378.jpg,masks/live/Synchro_020/3,96,True,,0,False,unknown_existing_segmentation_output,[],masks/replay1/Synchro_020/3,predicted_input,True
2.0,Synchro_020/4,Synchro_020,4,train,401b,44.4,2.0,37257,37362,18,50,2,"[18, 50]",106,"[4, 4, 4, 4, 4, 4, 4, 4, 4, 4, 4, 4, 4, 4, 4, 4, 4, 4, 4, 37, 37, 37, 37, 37, 37, 37, 37, 37, 37, 37, 37, 37, 37, 37, 37, 37, 37, 37, 37, 37, 37, 37, 37, 37, 37, 37, 37, 37, 37, 37, 37, 36, 36, 36, 36, 36, 36, 36, 36, 36, 36, 36, 36, 36, 36, 36, 36, 36, 36, 36, 36, 36, 36, 36, 36, 36, 36, 36, 36, 36, 36, 36, 36, 36, 36, 36, 36, 36, 36, 36, 36, 36, 36, 36, 36, 36, 36, 36, 36, 36, 36, 36, 36, 36, 36, 36]","[7.0, 7.0, 7.5, 7.5, 8.0]","[7.0, 7.0]","[7.5, 7.5, 8.0]",rgb/live/Synchro_020/4,106,037257.jpg,037362.jpg,rgb/replay1/Synchro_020/4,99,037606.jpg,037704.jpg,masks/live/Synchro_020/4,106,True,,0,False,unknown_existing_segmentation_output,[],masks/replay1/Synchro_020/4,predicted_input,True
2.0,Synchro_020/5,Synchro_020,5,test,301b,34.8,2.0,39931,40033,9,48,2,"[9, 48]",103,"[3, 3, 3, 3, 3, 3, 3, 3, 3, 3, 37, 37, 37, 37, 37, 37, 37, 37, 37, 37, 37, 37, 37, 37, 37, 37, 37, 37, 37, 37, 37, 37, 37, 37, 37, 37, 37, 37, 37, 37, 37, 37, 37, 37, 37, 37, 37, 37, 37, 36, 36, 36, 36, 36, 36, 36, 36, 36, 36, 36, 36, 36, 36, 36, 36, 36, 36, 36, 36, 36, 36, 36, 36, 36, 36, 36, 36, 36, 36, 36, 36, 36, 36, 36, 36, 36, 36, 36, 36, 36, 36, 36, 36, 36, 36, 36, 36, 36, 36, 36, 36, 36, 36]","[5.0, 5.0, 6.0, 6.5, 6.5]","[5.0, 5.0]","[6.0, 6.5, 6.5]",rgb/live/Synchro_020/5,103,039931.jpg,040033.jpg,rgb/replay1/Synchro_020/5,111,040054.jpg,040164.jpg,masks/live/Synchro_020/5,103,True,,0,False,unknown_existing_segmentation_output,[],masks/replay1/Synchro_020/5,predicted_input,True
2.0,Synchro_020/6,Synchro_020,6,train,301b,41.4,2.0,41682,41789,23,60,2,"[23, 60]",108,"[3, 3, 3, 3, 3, 3, 3, 3, 3, 3, 3, 3, 3, 3, 3, 3, 3, 3, 3, 3, 3, 3, 3, 3, 37, 37, 37, 37, 37, 37, 37, 37, 37, 37, 37, 37, 37, 37, 37, 37, 37, 37, 37, 37, 37, 37, 37, 37, 37, 37, 37, 37, 37, 37, 37, 37, 37, 37, 37, 37, 37, 36, 36, 36, 36, 36, 36, 36, 36, 36, 36, 36, 36, 36, 36, 36, 36, 36, 36, 36, 36, 36, 36, 36, 36, 36, 36, 36, 36, 36, 36, 36, 36, 36, 36, 36, 36, 36, 36, 36, 36, 36, 36, 36, 36, 36, 36, 36]","[8.0, 6.0, 6.5, 7.0, 7.0]","[8.0, 6.0]","[6.5, 7.0, 7.0]",rgb/live/Synchro_020/6,108,041682.jpg,041789.jpg,rgb/replay1/Synchro_020/6,111,042029.jpg,042139.jpg,masks/live/Synchro_020/6,108,True,Trimmed_Diving_Video_Frames/TEMP_LIVE/Replay2/Synchro_020/6,126,True,unknown_existing_segmentation_output,[],masks/replay1/Synchro_020/6,predicted_input,True
2.0,Synchro_020/7,Synchro_020,7,train,301b,36.0,2.0,43662,43777,32,68,2,"[32, 68]",116,"[3, 3, 3, 3, 3, 3, 3, 3, 3, 3, 3, 3, 3, 3, 3, 3, 3, 3, 3, 3, 3, 3, 3, 3, 3, 3, 3, 3, 3, 3, 3, 3, 3, 37, 37, 37, 37, 37, 37, 37, 37, 37, 37, 37, 37, 37, 37, 37, 37, 37, 37, 37, 37, 37, 37, 37, 37, 37, 37, 37, 37, 37, 37, 37, 37, 37, 37, 37, 37, 36, 36, 36, 36, 36, 36, 36, 36, 36, 36, 36, 36, 36, 36, 36, 36, 36, 36, 36, 36, 36, 36, 36, 36, 36, 36, 36, 36, 36, 36, 36, 36, 36, 36, 36, 36, 36, 36, 36, 36, 36, 36, 36, 36, 36, 36, 36]","[5.0, 6.0, 6.0, 6.5, 6.5]","[5.0, 6.0]","[6.0, 6.5, 6.5]",rgb/live/Synchro_020/7,116,043662.jpg,043777.jpg,rgb/replay1/Synchro_020/7,115,044026.jpg,044140.jpg,masks/live/Synchro_020/7,116,True,Trimmed_Diving_Video_Frames/TEMP_LIVE/Replay2/Synchro_020/7,112,True,unknown_existing_segmentation_output,[],masks/replay1/Synchro_020/7,predicted_input,True
2.0,Synchro_020/8,Synchro_020,8,train,103b,37.8,2.0,45461,45560,21,53,2,"[21, 53]",100,"[1, 1, 1, 1, 1, 1, 1, 1, 1, 1, 1, 1, 1, 1, 1, 1, 1, 1, 1, 1, 1, 1, 13, 13, 13, 13, 13, 13, 13, 13, 13, 13, 13, 13, 13, 13, 13, 13, 13, 13, 13, 13, 13, 13, 13, 13, 13, 13, 13, 13, 13, 13, 13, 13, 36, 36, 36, 36, 36, 36, 36, 36, 36, 36, 36, 36, 36, 36, 36, 36, 36, 36, 36, 36, 36, 36, 36, 36, 36, 36, 36, 36, 36, 36, 36, 36, 36, 36, 36, 36, 36, 36, 36, 36, 36, 36, 36, 36, 36, 36]","[5.5, 6.5, 6.5, 6.5, 6.5]","[5.5, 6.5]","[6.5, 6.5, 6.5]",rgb/live/Synchro_020/8,100,045461.jpg,045560.jpg,rgb/replay1/Synchro_020/8,124,045736.jpg,045859.jpg,masks/live/Synchro_020/8,100,True,,0,False,unknown_existing_segmentation_output,[],masks/replay1/Synchro_020/8,predicted_input,True
2.0,Synchro_020/9,Synchro_020,9,train,5231d,29.61,2.1,49790,49885,34,66,3,"[34, 46, 66]",96,"[2, 2, 2, 2, 2, 2, 2, 2, 2, 2, 2, 2, 2, 2, 2, 2, 2, 2, 2, 2, 2, 2, 2, 2, 2, 2, 2, 2, 2, 2, 2, 2, 2, 2, 2, 29, 29, 29, 29, 29, 29, 29, 29, 29, 29, 29, 29, 13, 13, 13, 13, 13, 13, 13, 13, 13, 13, 13, 13, 13, 13, 13, 13, 13, 13, 13, 13, 36, 36, 36, 36, 36, 36, 36, 36, 36, 36, 36, 36, 36, 36, 36, 36, 36, 36, 36, 36, 36, 36, 36, 36, 36, 36, 36, 36, 36]","[5.0, 4.0, 4.5, 5.0, 5.0]","[5.0, 4.0]","[4.5, 5.0, 5.0]",rgb/live/Synchro_020/9,96,049790.jpg,049885.jpg,rgb/replay1/Synchro_020/9,111,050093.jpg,050203.jpg,masks/live/Synchro_020/9,96,True,Trimmed_Diving_Video_Frames/TEMP_LIVE/Replay2/Synchro_020/9,102,True,unknown_existing_segmentation_output,[],masks/replay1/Synchro_020/9,predicted_input,True
2.0,Synchro_020/10,Synchro_020,10,test,107b,46.8,3.0,51743,51848,18,63,2,"[18, 63]",106,"[1, 1, 1, 1, 1, 1, 1, 1, 1, 1, 1, 1, 1, 1, 1, 1, 1, 1, 1, 17, 17, 17, 17, 17, 17, 17, 17, 17, 17, 17, 17, 17, 17, 17, 17, 17, 17, 17, 17, 17, 17, 17, 17, 17, 17, 17, 17, 17, 17, 17, 17, 17, 17, 17, 17, 17, 17, 17, 17, 17, 17, 17, 17, 17, 36, 36, 36, 36, 36, 36, 36, 36, 36, 36, 36, 36, 36, 36, 36, 36, 36, 36, 36, 36, 36, 36, 36, 36, 36, 36, 36, 36, 36, 36, 36, 36, 36, 36, 36, 36, 36, 36, 36, 36, 36, 36]","[4.5, 6.0, 5.0, 5.0, 5.5]","[4.5, 6.0]","[5.0, 5.0, 5.5]",rgb/live/Synchro_020/10,106,051743.jpg,051848.jpg,rgb/replay1/Synchro_020/10,131,052053.jpg,052183.jpg,masks/live/Synchro_020/10,106,True,Trimmed_Diving_Video_Frames/TEMP_LIVE/Replay2/Synchro_020/10,135,True,unknown_existing_segmentation_output,[],masks/replay1/Synchro_020/10,predicted_input,True
2.0,Synchro_020/11,Synchro_020,11,train,105b,42.09,2.3,53621,53729,21,62,2,"[21, 62]",109,"[1, 1, 1, 1, 1, 1, 1, 1, 1, 1, 1, 1, 1, 1, 1, 1, 1, 1, 1, 1, 1, 1, 15, 15, 15, 15, 15, 15, 15, 15, 15, 15, 15, 15, 15, 15, 15, 15, 15, 15, 15, 15, 15, 15, 15, 15, 15, 15, 15, 15, 15, 15, 15, 15, 15, 15, 15, 15, 15, 15, 15, 15, 15, 36, 36, 36, 36, 36, 36, 36, 36, 36, 36, 36, 36, 36, 36, 36, 36, 36, 36, 36, 36, 36, 36, 36, 36, 36, 36, 36, 36, 36, 36, 36, 36, 36, 36, 36, 36, 36, 36, 36, 36, 36, 36, 36, 36, 36, 36]","[5.0, 6.5, 6.0, 6.5, 6.5]","[5.0, 6.5]","[6.0, 6.5, 6.5]",rgb/live/Synchro_020/11,109,053621.jpg,053729.jpg,rgb/replay1/Synchro_020/11,126,053964.jpg,054089.jpg,masks/live/Synchro_020/11,109,True,,0,False,unknown_existing_segmentation_output,[],masks/replay1/Synchro_020/11,predicted_input,True
2.0,Synchro_020/12,Synchro_020,12,train,301b,31.62,1.7,55470,55566,24,53,2,"[24, 53]",97,"[3, 3, 3, 3, 3, 3, 3, 3, 3, 3, 3, 3, 3, 3, 3, 3, 3, 3, 3, 3, 3, 3, 3, 3, 3, 37, 37, 37, 37, 37, 37, 37, 37, 37, 37, 37, 37, 37, 37, 37, 37, 37, 37, 37, 37, 37, 37, 37, 37, 37, 37, 37, 37, 37, 36, 36, 36, 36, 36, 36, 36, 36, 36, 36, 36, 36, 36, 36, 36, 36, 36, 36, 36, 36, 36, 36, 36, 36, 36, 36, 36, 36, 36, 36, 36, 36, 36, 36, 36, 36, 36, 36, 36, 36, 36, 36, 36]","[5.5, 5.5, 6.5, 6.5, 7.0]","[5.5, 5.5]","[6.5, 6.5, 7.0]",rgb/live/Synchro_020/12,97,055470.jpg,055566.jpg,rgb/replay1/Synchro_020/12,102,055763.jpg,055864.jpg,masks/live/Synchro_020/12,97,True,,0,False,unknown_existing_segmentation_output,[],masks/replay1/Synchro_020/12,predicted_input,True
2.0,Synchro_020/13,Synchro_020,13,train,203c,30.0,2.0,60020,60115,33,67,2,"[33, 67]",96,"[2, 2, 2, 2, 2, 2, 2, 2, 2, 2, 2, 2, 2, 2, 2, 2, 2, 2, 2, 2, 2, 2, 2, 2, 2, 2, 2, 2, 2, 2, 2, 2, 2, 2, 21, 21, 21, 21, 21, 21, 21, 21, 21, 21, 21, 21, 21, 21, 21, 21, 21, 21, 21, 21, 21, 21, 21, 21, 21, 21, 21, 21, 21, 21, 21, 21, 21, 21, 36, 36, 36, 36, 36, 36, 36, 36, 36, 36, 36, 36, 36, 36, 36, 36, 36, 36, 36, 36, 36, 36, 36, 36, 36, 36, 36, 36]","[5.5, 4.0, 4.5, 5.5, 5.5]","[5.5, 4.0]","[4.5, 5.5, 5.5]",rgb/live/Synchro_020/13,96,060020.jpg,060115.jpg,rgb/replay1/Synchro_020/13,115,060295.jpg,060409.jpg,masks/live/Synchro_020/13,96,True,Trimmed_Diving_Video_Frames/TEMP_LIVE/Replay2/Synchro_020/13,134,True,unknown_existing_segmentation_output,[],masks/replay1/Synchro_020/13,predicted_input,True
2.0,Synchro_020/14,Synchro_020,14,train,407c,50.88,3.2,62313,62420,15,59,2,"[15, 59]",108,"[4, 4, 4, 4, 4, 4, 4, 4, 4, 4, 4, 4, 4, 4, 4, 4, 25, 25, 25, 25, 25, 25, 25, 25, 25, 25, 25, 25, 25, 25, 25, 25, 25, 25, 25, 25, 25, 25, 25, 25, 25, 25, 25, 25, 25, 25, 25, 25, 25, 25, 25, 25, 25, 25, 25, 25, 25, 25, 25, 25, 36, 36, 36, 36, 36, 36, 36, 36, 36, 36, 36, 36, 36, 36, 36, 36, 36, 36, 36, 36, 36, 36, 36, 36, 36, 36, 36, 36, 36, 36, 36, 36, 36, 36, 36, 36, 36, 36, 36, 36, 36, 36, 36, 36, 36, 36, 36, 36]","[3.5, 5.0, 6.0, 6.0, 6.0]","[3.5, 5.0]","[6.0, 6.0, 6.0]",rgb/live/Synchro_020/14,108,062313.jpg,062420.jpg,rgb/replay1/Synchro_020/14,134,062617.jpg,062750.jpg,masks/live/Synchro_020/14,108,True,,0,False,unknown_existing_segmentation_output,[],masks/replay1/Synchro_020/14,predicted_input,True
2.0,Synchro_020/15,Synchro_020,15,train,405b,55.44,2.8,64371,64471,15,52,2,"[15, 52]",101,"[4, 4, 4, 4, 4, 4, 4, 4, 4, 4, 4, 4, 4, 4, 4, 4, 15, 15, 15, 15, 15, 15, 15, 15, 15, 15, 15, 15, 15, 15, 15, 15, 15, 15, 15, 15, 15, 15, 15, 15, 15, 15, 15, 15, 15, 15, 15, 15, 15, 15, 15, 15, 15, 36, 36, 36, 36, 36, 36, 36, 36, 36, 36, 36, 36, 36, 36, 36, 36, 36, 36, 36, 36, 36, 36, 36, 36, 36, 36, 36, 36, 36, 36, 36, 36, 36, 36, 36, 36, 36, 36, 36, 36, 36, 36, 36, 36, 36, 36, 36, 36]","[6.0, 6.0, 6.5, 7.0, 7.5]","[6.0, 6.0]","[6.5, 7.0, 7.5]",rgb/live/Synchro_020/15,101,064371.jpg,064471.jpg,rgb/replay1/Synchro_020/15,121,064676.jpg,064796.jpg,masks/live/Synchro_020/15,101,True,Trimmed_Diving_Video_Frames/TEMP_LIVE/Replay2/Synchro_020/15,123,True,unknown_existing_segmentation_output,[],masks/replay1/Synchro_020/15,predicted_input,True
2.0,Synchro_020/16,Synchro_020,16,train,403c,36.3,2.2,66507,66602,36,63,2,"[36, 63]",96,"[4, 4, 4, 4, 4, 4, 4, 4, 4, 4, 4, 4, 4, 4, 4, 4, 4, 4, 4, 4, 4, 4, 4, 4, 4, 4, 4, 4, 4, 4, 4, 4, 4, 4, 4, 4, 4, 21, 21, 21, 21, 21, 21, 21, 21, 21, 21, 21, 21, 21, 21, 21, 21, 21, 21, 21, 21, 21, 21, 21, 21, 21, 21, 21, 36, 36, 36, 36, 36, 36, 36, 36, 36, 36, 36, 36, 36, 36, 36, 36, 36, 36, 36, 36, 36, 36, 36, 36, 36, 36, 36, 36, 36, 36, 36, 36]","[5.5, 5.5, 5.0, 5.5, 6.0]","[5.5, 5.5]","[5.0, 5.5, 6.0]",rgb/live/Synchro_020/16,96,066507.jpg,066602.jpg,rgb/replay1/Synchro_020/16,96,066792.jpg,066887.jpg,masks/live/Synchro_020/16,96,True,Trimmed_Diving_Video_Frames/TEMP_LIVE/Replay2/Synchro_020/16,100,True,unknown_existing_segmentation_output,[],masks/replay1/Synchro_020/16,predicted_input,True
2.0,Synchro_020/17,Synchro_020,17,train,403b,49.68,2.4,71302,71397,30,58,2,"[30, 58]",96,"[4, 4, 4, 4, 4, 4, 4, 4, 4, 4, 4, 4, 4, 4, 4, 4, 4, 4, 4, 4, 4, 4, 4, 4, 4, 4, 4, 4, 4, 4, 4, 13, 13, 13, 13, 13, 13, 13, 13, 13, 13, 13, 13, 13, 13, 13, 13, 13, 13, 13, 13, 13, 13, 13, 13, 13, 13, 13, 13, 36, 36, 36, 36, 36, 36, 36, 36, 36, 36, 36, 36, 36, 36, 36, 36, 36, 36, 36, 36, 36, 36, 36, 36, 36, 36, 36, 36, 36, 36, 36, 36, 36, 36, 36, 36, 36]","[6.5, 6.0, 7.0, 7.5, 7.5]","[6.5, 6.0]","[7.0, 7.5, 7.5]",rgb/live/Synchro_020/17,96,071302.jpg,071397.jpg,rgb/replay1/Synchro_020/17,103,071633.jpg,071735.jpg,masks/live/Synchro_020/17,96,True,,0,False,unknown_existing_segmentation_output,[],masks/replay1/Synchro_020/17,predicted_input,True
2.0,Synchro_020/18,Synchro_020,18,train,5253b,63.36,3.2,73478,73579,25,70,3,"[25, 46, 70]",102,"[2, 2, 2, 2, 2, 2, 2, 2, 2, 2, 2, 2, 2, 2, 2, 2, 2, 2, 2, 2, 2, 2, 2, 2, 2, 2, 31, 31, 31, 31, 31, 31, 31, 31, 31, 31, 31, 31, 31, 31, 31, 31, 31, 31, 31, 31, 31, 15, 15, 15, 15, 15, 15, 15, 15, 15, 15, 15, 15, 15, 15, 15, 15, 15, 15, 15, 15, 15, 15, 15, 15, 36, 36, 36, 36, 36, 36, 36, 36, 36, 36, 36, 36, 36, 36, 36, 36, 36, 36, 36, 36, 36, 36, 36, 36, 36, 36, 36, 36, 36, 36, 36]","[7.5, 5.0, 6.5, 7.0, 7.0]","[7.5, 5.0]","[6.5, 7.0, 7.0]",rgb/live/Synchro_020/18,102,073478.jpg,073579.jpg,rgb/replay1/Synchro_020/18,130,073757.jpg,073886.jpg,masks/live/Synchro_020/18,102,True,,0,False,unknown_existing_segmentation_output,[],masks/replay1/Synchro_020/18,predicted_input,True
2.0,Synchro_029/0,Synchro_029,0,train,103b,45.6,2.0,49789,49902,40,83,2,"[40, 83]",114,"[1, 1, 1, 1, 1, 1, 1, 1, 1, 1, 1, 1, 1, 1, 1, 1, 1, 1, 1, 1, 1, 1, 1, 1, 1, 1, 1, 1, 1, 1, 1, 1, 1, 1, 1, 1, 1, 1, 1, 1, 1, 13, 13, 13, 13, 13, 13, 13, 13, 13, 13, 13, 13, 13, 13, 13, 13, 13, 13, 13, 13, 13, 13, 13, 13, 13, 13, 13, 13, 13, 13, 13, 13, 13, 13, 13, 13, 13, 13, 13, 13, 13, 13, 13, 36, 36, 36, 36, 36, 36, 36, 36, 36, 36, 36, 36, 36, 36, 36, 36, 36, 36, 36, 36, 36, 36, 36, 36, 36, 36, 36, 36, 36, 36]","[8.0, 7.0, 7.5, 8.0, 7.5]","[8.0, 7.0]","[7.5, 8.0, 7.5]",rgb/live/Synchro_029/0,114,049789.jpg,049902.jpg,rgb/replay1/Synchro_029/0,240,050046.jpg,050285.jpg,masks/live/Synchro_029/0,114,True,,0,False,unknown_existing_segmentation_output,[],masks/replay1/Synchro_029/0,predicted_input,True
2.0,Synchro_029/1,Synchro_029,1,train,101b,46.2,2.0,52618,52736,44,84,2,"[44, 84]",119,"[1, 1, 1, 1, 1, 1, 1, 1, 1, 1, 1, 1, 1, 1, 1, 1, 1, 1, 1, 1, 1, 1, 1, 1, 1, 1, 1, 1, 1, 1, 1, 1, 1, 1, 1, 1, 1, 1, 1, 1, 1, 1, 1, 1, 1, 37, 37, 37, 37, 37, 37, 37, 37, 37, 37, 37, 37, 37, 37, 37, 37, 37, 37, 37, 37, 37, 37, 37, 37, 37, 37, 37, 37, 37, 37, 37, 37, 37, 37, 37, 37, 37, 37, 37, 37, 36, 36, 36, 36, 36, 36, 36, 36, 36, 36, 36, 36, 36, 36, 36, 36, 36, 36, 36, 36, 36, 36, 36, 36, 36, 36, 36, 36, 36, 36, 36, 36, 36, 36]","[7.5, 7.5, 8.0, 8.0, 7.5]","[7.5, 7.5]","[8.0, 8.0, 7.5]",rgb/live/Synchro_029/1,119,052618.jpg,052736.jpg,rgb/replay1/Synchro_029/1,264,052879.jpg,053142.jpg,masks/live/Synchro_029/1,119,True,,0,False,unknown_existing_segmentation_output,[],masks/replay1/Synchro_029/1,predicted_input,True
2.0,Synchro_029/2,Synchro_029,2,train,301b,44.4,2.0,56984,57101,44,80,2,"[44, 80]",118,"[3, 3, 3, 3, 3, 3, 3, 3, 3, 3, 3, 3, 3, 3, 3, 3, 3, 3, 3, 3, 3, 3, 3, 3, 3, 3, 3, 3, 3, 3, 3, 3, 3, 3, 3, 3, 3, 3, 3, 3, 3, 3, 3, 3, 3, 37, 37, 37, 37, 37, 37, 37, 37, 37, 37, 37, 37, 37, 37, 37, 37, 37, 37, 37, 37, 37, 37, 37, 37, 37, 37, 37, 37, 37, 37, 37, 37, 37, 37, 37, 37, 36, 36, 36, 36, 36, 36, 36, 36, 36, 36, 36, 36, 36, 36, 36, 36, 36, 36, 36, 36, 36, 36, 36, 36, 36, 36, 36, 36, 36, 36, 36, 36, 36, 36, 36, 36, 36]","[6.5, 7.5, 7.5, 7.5, 8.0]","[6.5, 7.5]","[7.5, 7.5, 8.0]",rgb/live/Synchro_029/2,118,056984.jpg,057101.jpg,rgb/replay1/Synchro_029/2,220,057249.jpg,057468.jpg,masks/live/Synchro_029/2,118,True,,0,False,unknown_existing_segmentation_output,[],masks/replay1/Synchro_029/2,predicted_input,True
2.0,Synchro_029/3,Synchro_029,3,test,5152b,69.3,3.0,59456,59554,25,69,4,"[25, 42, 58, 69]",99,"[1, 1, 1, 1, 1, 1, 1, 1, 1, 1, 1, 1, 1, 1, 1, 1, 1, 1, 1, 1, 1, 1, 1, 1, 1, 1, 15, 15, 15, 15, 15, 15, 15, 15, 15, 15, 15, 15, 15, 15, 15, 15, 15, 30, 30, 30, 30, 30, 30, 30, 30, 30, 30, 30, 30, 30, 30, 30, 30, 15, 15, 15, 15, 15, 15, 15, 15, 15, 15, 15, 36, 36, 36, 36, 36, 36, 36, 36, 36, 36, 36, 36, 36, 36, 36, 36, 36, 36, 36, 36, 36, 36, 36, 36, 36, 36, 36, 36, 36]","[7.5, 8.0, 8.0, 7.5, 7.5]","[7.5, 8.0]","[8.0, 7.5, 7.5]",rgb/live/Synchro_029/3,99,059456.jpg,059554.jpg,rgb/replay1/Synchro_029/3,243,059717.jpg,059959.jpg,masks/live/Synchro_029/3,99,True,,0,False,unknown_existing_segmentation_output,[],masks/replay1/Synchro_029/3,predicted_input,True
2.0,Synchro_029/4,Synchro_029,4,train,405b,62.1,3.0,61842,61943,28,68,2,"[28, 68]",102,"[4, 4, 4, 4, 4, 4, 4, 4, 4, 4, 4, 4, 4, 4, 4, 4, 4, 4, 4, 4, 4, 4, 4, 4, 4, 4, 4, 4, 4, 15, 15, 15, 15, 15, 15, 15, 15, 15, 15, 15, 15, 15, 15, 15, 15, 15, 15, 15, 15, 15, 15, 15, 15, 15, 15, 15, 15, 15, 15, 15, 15, 15, 15, 15, 15, 15, 15, 15, 15, 36, 36, 36, 36, 36, 36, 36, 36, 36, 36, 36, 36, 36, 36, 36, 36, 36, 36, 36, 36, 36, 36, 36, 36, 36, 36, 36, 36, 36, 36, 36, 36, 36]","[7.0, 6.0, 7.0, 7.0, 7.5]","[7.0, 6.0]","[7.0, 7.0, 7.5]",rgb/live/Synchro_029/4,102,061842.jpg,061943.jpg,rgb/replay1/Synchro_029/4,212,062089.jpg,062300.jpg,masks/live/Synchro_029/4,102,True,,0,False,unknown_existing_segmentation_output,[],masks/replay1/Synchro_029/4,predicted_input,True
2.0,Synchro_029/5,Synchro_029,5,validation,205c,48.72,2.8,66529,66638,34,75,2,"[34, 75]",110,"[2, 2, 2, 2, 2, 2, 2, 2, 2, 2, 2, 2, 2, 2, 2, 2, 2, 2, 2, 2, 2, 2, 2, 2, 2, 2, 2, 2, 2, 2, 2, 2, 2, 2, 2, 23, 23, 23, 23, 23, 23, 23, 23, 23, 23, 23, 23, 23, 23, 23, 23, 23, 23, 23, 23, 23, 23, 23, 23, 23, 23, 23, 23, 23, 23, 23, 23, 23, 23, 23, 23, 23, 23, 23, 23, 23, 36, 36, 36, 36, 36, 36, 36, 36, 36, 36, 36, 36, 36, 36, 36, 36, 36, 36, 36, 36, 36, 36, 36, 36, 36, 36, 36, 36, 36, 36, 36, 36, 36, 36]","[3.5, 7.0, 6.0, 6.0, 6.5]","[3.5, 7.0]","[6.0, 6.0, 6.5]",rgb/live/Synchro_029/5,110,066529.jpg,066638.jpg,rgb/replay1/Synchro_029/5,208,067108.jpg,067315.jpg,masks/live/Synchro_029/5,110,True,,0,False,unknown_existing_segmentation_output,[],masks/replay1/Synchro_029/5,predicted_input,True
2.0,Synchro_029/6,Synchro_029,6,train,405b,73.8,3.0,69196,69296,32,69,2,"[32, 69]",101,"[4, 4, 4, 4, 4, 4, 4, 4, 4, 4, 4, 4, 4, 4, 4, 4, 4, 4, 4, 4, 4, 4, 4, 4, 4, 4, 4, 4, 4, 4, 4, 4, 4, 15, 15, 15, 15, 15, 15, 15, 15, 15, 15, 15, 15, 15, 15, 15, 15, 15, 15, 15, 15, 15, 15, 15, 15, 15, 15, 15, 15, 15, 15, 15, 15, 15, 15, 15, 15, 15, 36, 36, 36, 36, 36, 36, 36, 36, 36, 36, 36, 36, 36, 36, 36, 36, 36, 36, 36, 36, 36, 36, 36, 36, 36, 36, 36, 36, 36, 36, 36]","[8.0, 8.5, 8.5, 8.0, 8.0]","[8.0, 8.5]","[8.5, 8.0, 8.0]",rgb/live/Synchro_029/6,101,069196.jpg,069296.jpg,rgb/replay1/Synchro_029/6,209,069455.jpg,069663.jpg,masks/live/Synchro_029/6,101,True,,0,False,unknown_existing_segmentation_output,[],masks/replay1/Synchro_029/6,predicted_input,True
2.0,Synchro_029/7,Synchro_029,7,train,5152b,52.2,3.0,72750,72864,36,81,4,"[36, 55, 72, 81]",115,"[1, 1, 1, 1, 1, 1, 1, 1, 1, 1, 1, 1, 1, 1, 1, 1, 1, 1, 1, 1, 1, 1, 1, 1, 1, 1, 1, 1, 1, 1, 1, 1, 1, 1, 1, 1, 1, 15, 15, 15, 15, 15, 15, 15, 15, 15, 15, 15, 15, 15, 15, 15, 15, 15, 15, 15, 30, 30, 30, 30, 30, 30, 30, 30, 30, 30, 30, 30, 30, 30, 30, 30, 30, 15, 15, 15, 15, 15, 15, 15, 15, 15, 36, 36, 36, 36, 36, 36, 36, 36, 36, 36, 36, 36, 36, 36, 36, 36, 36, 36, 36, 36, 36, 36, 36, 36, 36, 36, 36, 36, 36, 36, 36, 36, 36]","[6.0, 4.5, 6.5, 6.0, 6.0]","[6.0, 4.5]","[6.5, 6.0, 6.0]",rgb/live/Synchro_029/7,115,072750.jpg,072864.jpg,rgb/replay1/Synchro_029/7,172,073219.jpg,073390.jpg,masks/live/Synchro_029/7,115,True,,0,False,unknown_existing_segmentation_output,[],masks/replay1/Synchro_029/7,predicted_input,True
2.0,Synchro_030/0,Synchro_030,0,test,201b,42.6,2.0,19476,19583,30,77,2,"[30, 77]",108,"[2, 2, 2, 2, 2, 2, 2, 2, 2, 2, 2, 2, 2, 2, 2, 2, 2, 2, 2, 2, 2, 2, 2, 2, 2, 2, 2, 2, 2, 2, 2, 37, 37, 37, 37, 37, 37, 37, 37, 37, 37, 37, 37, 37, 37, 37, 37, 37, 37, 37, 37, 37, 37, 37, 37, 37, 37, 37, 37, 37, 37, 37, 37, 37, 37, 37, 37, 37, 37, 37, 37, 37, 37, 37, 37, 37, 37, 37, 36, 36, 36, 36, 36, 36, 36, 36, 36, 36, 36, 36, 36, 36, 36, 36, 36, 36, 36, 36, 36, 36, 36, 36, 36, 36, 36, 36, 36, 36]","[8.0, 7.0, 7.5, 6.5, 6.5]","[8.0, 7.0]","[7.5, 6.5, 6.5]",rgb/live/Synchro_030/0,108,019476.jpg,019583.jpg,rgb/replay1/Synchro_030/0,238,019734.jpg,019971.jpg,masks/live/Synchro_030/0,108,True,,0,False,unknown_existing_segmentation_output,[],masks/replay1/Synchro_030/0,predicted_input,True
2.0,Synchro_030/1,Synchro_030,1,test,301b,49.2,2.0,29148,29243,15,58,2,"[15, 58]",96,"[3, 3, 3, 3, 3, 3, 3, 3, 3, 3, 3, 3, 3, 3, 3, 3, 37, 37, 37, 37, 37, 37, 37, 37, 37, 37, 37, 37, 37, 37, 37, 37, 37, 37, 37, 37, 37, 37, 37, 37, 37, 37, 37, 37, 37, 37, 37, 37, 37, 37, 37, 37, 37, 37, 37, 37, 37, 37, 37, 36, 36, 36, 36, 36, 36, 36, 36, 36, 36, 36, 36, 36, 36, 36, 36, 36, 36, 36, 36, 36, 36, 36, 36, 36, 36, 36, 36, 36, 36, 36, 36, 36, 36, 36, 36, 36]","[8.5, 8.5, 8.0, 8.5, 7.5]","[8.5, 8.5]","[8.0, 8.5, 7.5]",rgb/live/Synchro_030/1,96,029148.jpg,029243.jpg,rgb/replay1/Synchro_030/1,172,029603.jpg,029774.jpg,masks/live/Synchro_030/1,96,True,,0,False,unknown_existing_segmentation_output,[],masks/replay1/Synchro_030/1,predicted_input,True
2.0,Synchro_030/2,Synchro_030,2,test,5253b,64.32,3.2,35477,35583,25,75,3,"[25, 49, 75]",107,"[2, 2, 2, 2, 2, 2, 2, 2, 2, 2, 2, 2, 2, 2, 2, 2, 2, 2, 2, 2, 2, 2, 2, 2, 2, 2, 31, 31, 31, 31, 31, 31, 31, 31, 31, 31, 31, 31, 31, 31, 31, 31, 31, 31, 31, 31, 31, 31, 31, 31, 15, 15, 15, 15, 15, 15, 15, 15, 15, 15, 15, 15, 15, 15, 15, 15, 15, 15, 15, 15, 15, 15, 15, 15, 15, 15, 36, 36, 36, 36, 36, 36, 36, 36, 36, 36, 36, 36, 36, 36, 36, 36, 36, 36, 36, 36, 36, 36, 36, 36, 36, 36, 36, 36, 36, 36, 36]","[7.0, 6.5, 7.0, 6.5, 6.5]","[7.0, 6.5]","[7.0, 6.5, 6.5]",rgb/live/Synchro_030/2,107,035477.jpg,035583.jpg,rgb/replay1/Synchro_030/2,177,035734.jpg,035910.jpg,masks/live/Synchro_030/2,107,True,,0,False,unknown_existing_segmentation_output,[],masks/replay1/Synchro_030/2,predicted_input,True
2.0,Synchro_030/3,Synchro_030,3,train,5253b,56.64,3.2,56384,56479,8,57,3,"[8, 28, 57]",96,"[2, 2, 2, 2, 2, 2, 2, 2, 2, 31, 31, 31, 31, 31, 31, 31, 31, 31, 31, 31, 31, 31, 31, 31, 31, 31, 31, 31, 31, 15, 15, 15, 15, 15, 15, 15, 15, 15, 15, 15, 15, 15, 15, 15, 15, 15, 15, 15, 15, 15, 15, 15, 15, 15, 15, 15, 15, 15, 36, 36, 36, 36, 36, 36, 36, 36, 36, 36, 36, 36, 36, 36, 36, 36, 36, 36, 36, 36, 36, 36, 36, 36, 36, 36, 36, 36, 36, 36, 36, 36, 36, 36, 36, 36, 36, 36]","[4.0, 8.0, 5.5, 5.5, 6.5]","[4.0, 8.0]","[5.5, 5.5, 6.5]",rgb/live/Synchro_030/3,96,056384.jpg,056479.jpg,rgb/replay1/Synchro_030/3,240,056701.jpg,056940.jpg,masks/live/Synchro_030/3,96,True,,0,False,unknown_existing_segmentation_output,[],masks/replay1/Synchro_030/3,predicted_input,True
